<?xml version="1.0" encoding="utf-8"?>
<COLLADA xmlns="http://www.collada.org/2005/11/COLLADASchema" version="1.4.1" xmlns:xsi="http://www.w3.org/2001/XMLSchema-instance">
  <asset>
    <contributor>
      <author>Blender User</author>
      <authoring_tool>Blender 4.4.3 commit date:2025-04-29, commit time:14:09, hash:802179c51ccc</authoring_tool>
    </contributor>
    <created>2025-06-02T23:36:37</created>
    <modified>2025-06-02T23:36:37</modified>
    <unit name="meter" meter="1"/>
    <up_axis>Z_UP</up_axis>
  </asset>
  <library_cameras>
    <camera id="Camera-camera" name="Camera">
      <optics>
        <technique_common>
          <perspective>
            <xfov sid="xfov">39.59775</xfov>
            <aspect_ratio>1.777778</aspect_ratio>
            <znear sid="znear">0.1</znear>
            <zfar sid="zfar">100</zfar>
          </perspective>
        </technique_common>
      </optics>
      <extra>
        <technique profile="blender">
          <shiftx sid="shiftx" type="float">0</shiftx>
          <shifty sid="shifty" type="float">0</shifty>
          <dof_distance sid="dof_distance" type="float">10</dof_distance>
        </technique>
      </extra>
    </camera>
  </library_cameras>
  <library_lights>
    <light id="Light-light" name="Light">
      <technique_common>
        <point>
          <color sid="color">1000 1000 1000</color>
          <constant_attenuation>1</constant_attenuation>
          <linear_attenuation>0</linear_attenuation>
          <quadratic_attenuation>0</quadratic_attenuation>
        </point>
      </technique_common>
      <extra>
        <technique profile="blender">
          <type sid="type" type="int">0</type>
          <flag sid="flag" type="int">0</flag>
          <mode sid="mode" type="int">2097153</mode>
          <red sid="red" type="float">1</red>
          <green sid="green" type="float">1</green>
          <blue sid="blue" type="float">1</blue>
          <energy sid="blender_energy" type="float">1000</energy>
          <spotsize sid="spotsize" type="float">75</spotsize>
          <spotblend sid="spotblend" type="float">0.15</spotblend>
          <clipsta sid="clipsta" type="float">0.04999995</clipsta>
          <clipend sid="clipend" type="float">40</clipend>
          <radius sid="radius" type="float">0.1</radius>
          <area_shape sid="area_shape" type="int">1</area_shape>
          <area_size sid="area_size" type="float">0.1</area_size>
          <area_sizey sid="area_sizey" type="float">0.1</area_sizey>
          <area_sizez sid="area_sizez" type="float">1</area_sizez>
        </technique>
      </extra>
    </light>
  </library_lights>
  <library_effects>
    <effect id="mat2-effect">
      <profile_COMMON>
        <technique sid="common">
          <lambert>
            <emission>
              <color sid="emission">0 0 0 1</color>
            </emission>
            <diffuse>
              <color sid="diffuse">1 1 1 1</color>
            </diffuse>
            <index_of_refraction>
              <float sid="ior">1</float>
            </index_of_refraction>
          </lambert>
        </technique>
      </profile_COMMON>
    </effect>
  </library_effects>
  <library_images/>
  <library_materials>
    <material id="mat2-material" name="mat2">
      <instance_effect url="#mat2-effect"/>
    </material>
  </library_materials>
  <library_geometries>
    <geometry id="obj2-mesh" name="obj2">
      <mesh>
        <source id="obj2-mesh-positions">
          <float_array id="obj2-mesh-positions-array" count="11931">0.002771973 0.04957199 0.008999943 0.002816975 0.04961395 0.008999943 0.002055943 0.04936695 0.008999943 3.91e-4 0.04770195 0.008999943 1.44e-4 0.04694199 0.008999943 1.86e-4 0.04698598 0.008999943 8.09e-4 0.04838395 0.008999943 0.001373946 0.048949 0.008999943 1.44e-4 0.04561698 0.008999943 3.91e-4 0.04485595 0.008999943 1.86e-4 0.04557198 0.008999943 8.09e-4 0.04417395 0.008999943 0.001373946 0.04360896 0.008999943 0.002055943 0.04319095 0.008999943 0.002771973 0.04298597 0.008999943 0.002816975 0.04294395 0.008999943 0.004185974 0.04298597 0.008999943 0.004141986 0.04294395 0.008999943 0.004901945 0.04319095 0.008999943 0.006148993 0.04417395 0.008999943 0.006566941 0.04485595 0.008999943 0.006771981 0.04557198 0.008999943 0.006813943 0.04561698 0.008999943 0.005583941 0.04360896 0.008999943 0.001448988 0.06961196 0 0.00149995 0.06999999 0 0.00168997 0.06999999 0 0.001423954 0.07531297 0 0.00168997 0.07527798 0 0.00168997 0.07428699 0 -0.004419982 -0.01069998 0 -0.01083296 -0.004286944 0 -0.004286944 -0.004286944 0 -4.74e-4 0.01068097 0 0 0.01066696 0 0 0.008279979 0 0.003892958 0.044734 0 0.004194974 0.04485899 0 0.004194974 0.03499996 0 -0.01208198 0.03902995 0 -0.004286944 0.04040396 0 -0.004286944 0.03499996 0 -0.01307195 0.03910595 0 -0.012582 0.03900498 0 -0.02080196 0.03499996 0 -0.01437199 0.04052394 0 -0.01419299 0.040057 0 -0.01390397 0.03964799 0 -0.01352196 0.03932499 0 -0.00624895 0.06132495 0 -0.004286944 0.06171995 0 -0.004929959 0.06051295 0 -0.004286944 0.06023597 0 -0.006670951 0.06155794 0 -0.007137 0.06168198 0 -0.007618963 0.06169199 0 -0.02069896 0.04104495 0 -0.01442897 0.04102098 0 -0.02077597 0.04066097 0 -0.02080196 0.04026895 0 -0.008887946 0.06105798 0 -0.01515895 0.06171995 0 -0.00852096 0.06137096 0 -0.008088946 0.06158596 0 -0.009169995 0.06066697 0 -0.009349942 0.06022 0 -0.01436096 0.04151695 0 0 0.05933296 0 -4.74e-4 0.05931895 0 0 0.06171995 0 -0.002011954 0.05949997 0 -0.003507971 0.05989998 0 0.001073956 0.05936294 0 0.00168997 0.06171995 0 0.001555979 0.05935299 0 0.00267899 0.04489296 0 0.00306499 0.044734 0 0.00168997 0.03499996 0 0.00306499 0.04782497 0 0.00267899 0.04766499 0 0.00168997 0.05119097 0 0.003478944 0.04467898 0 0.001878976 0.04627895 0 0.001933991 0.04586499 0 0.003478944 0.04787898 0 0.002092957 0.04547899 0 0.002347946 0.04514795 0 0.002347946 0.04740995 0 0.002092957 0.04707896 0 0.001933991 0.04669296 0 0.003274977 0.05733299 0 0.003225982 0.05781197 0 0.004194974 0.06171995 0 0.00306499 0.05826598 0 0.002798974 0.05866897 0 0.002443969 0.05899596 0 0.002021968 0.059228 0 0.00168997 0.05931699 0 0.003892958 0.04782497 0 0.003206968 0.05685496 0 0 0.04488599 0 0 0.03499996 0 -7.18e-4 0.04220497 0 -0.002302944 0.04075294 0 -0.001868963 0.04088199 0 -0.001474976 0.04110497 0 -0.001140952 0.04141098 0 -8.84e-4 0.04178398 0 -0.01208198 0.03096997 0 -0.012582 0.03099495 0 -0.01307195 0.03089398 0 -0.01352196 0.03067499 0 -0.009169995 0.009332954 0 -0.008887946 0.008941948 0 -0.01515895 0.008279979 0 -0.007618963 0.008307993 0 -0.007137 0.008317947 0 -0.004286944 0.008279979 0 -0.006670951 0.008441984 0 -0.00624895 0.008674979 0 -0.004929959 0.009486973 0 -0.00852096 0.008628964 0 -0.008088946 0.00841397 0 -0.01390397 0.03035199 0 -0.01419299 0.02994298 0 -0.02080196 0.02973097 0 -0.01437199 0.02947598 0 -0.02077597 0.02933895 0 -0.01442897 0.028979 0 -0.02069896 0.02895498 0 -0.01436096 0.02848297 0 -0.009349942 0.009779989 0 -8.84e-4 0.028216 0 -0.001140952 0.02858895 0 -0.001474976 0.02889496 0 -0.001868963 0.029118 0 -0.002302944 0.02924698 0 -0.004286944 0.02959597 0 0.003274977 0.012667 0 0.003206968 0.01314496 0 0.00168997 0.01880896 0 0 0.02511399 0 -7.18e-4 0.02779495 0 0.00168997 0.010683 0 0.002021968 0.01077198 0 0.004194974 0.008279979 0 0.002443969 0.01100397 0 0.002798974 0.01133096 0 0.00306499 0.01173394 0 0.003225982 0.01218795 0 0.001073956 0.01063698 0 0.00168997 0.008279979 0 0.001555979 0.01064699 0 -0.004286944 0.009763956 0 -0.003507971 0.01009994 0 -0.002011954 0.01049995 0 0 -0.01106798 0 -0.001521944 -0.01147598 0 -0.002141952 -0.01157397 0 -0.00276798 -0.01154196 0 -0.00337398 -0.011379 0 -0.003932952 -0.01109498 0 -0.004286944 -0.01080799 0 0.00168997 -0.004286944 0 0.001423954 -0.005312979 0 0 -0.004286944 0 0.001061975 -0.00546199 0 7.51e-4 -0.005700945 0 0.00168997 -0.008244991 0 0.00168997 -0.010616 0 0.001423954 -0.008209943 0 0.001061975 -0.008060991 0 5.13e-4 -0.006010949 0 3.63e-4 -0.006372988 0 3.12e-4 -0.006760954 0 3.63e-4 -0.007149994 0 5.13e-4 -0.00751096 0 7.51e-4 -0.007821977 0 0.002199947 -0.005312979 0 0.001811981 -0.005260944 0 0.00168997 -0.005277991 0 0.00326097 -0.007149994 0 0.004194974 -0.009943962 0 0.003110945 -0.00751096 0 0.00287199 -0.007821977 0 0.004194974 -0.004286944 0 0.003311991 -0.006760954 0 0.00326097 -0.006372988 0 0.001811981 -0.008260965 0 0.002199947 -0.008209943 0 0.002561986 -0.008060991 0 0.003110945 -0.006010949 0 0.00287199 -0.005700945 0 0.002561986 -0.00546199 0 0.005169987 -0.004286944 0 0.005169987 -0.009682953 0 0.008167982 -0.008610963 0 0.007641971 -0.008952975 0 0.007055997 -0.009177982 0 0.009177982 -0.007055997 0 0.008952975 -0.007641971 0 0.008610963 -0.008167982 0 0.009920001 -0.004286944 0 0.005169987 0 0 0.01106798 0 0 0.00751096 5.13e-4 0 0.007821977 7.51e-4 0 0.008060991 0.001061975 0 0.008209943 0.001423954 0 0.01171296 0.002405941 0 0.008260965 0.001811981 0 0.005312979 0.001423954 0 0.005260944 0.001811981 0 0.005169987 0.002405941 0 0.005312979 0.002199947 0 0.00546199 0.001061975 0 0.005700945 7.51e-4 0 0.006010949 5.13e-4 0 0.006372988 3.63e-4 0 0.006760954 3.12e-4 0 0.007149994 3.63e-4 0 0.008060991 0.002561986 0 0.01179695 0.00427097 0 0.01188695 0.003755986 0 0.01072198 0.008279979 0 0.007821977 0.00287199 0 0.00751096 0.003110945 0 0.008209943 0.002199947 0 0.008124947 0.002405941 0 0.01179695 0.002717971 0 0.01188695 0.003232955 0 0.007149994 0.00326097 0 0.006760954 0.003311991 0 0.005169987 0.008279979 0 0.006372988 0.00326097 0 0.006010949 0.003110945 0 0.005700945 0.00287199 0 0.00546199 0.002561986 0 0.005397975 0.002405941 0 0.005320966 0.02843695 0 0.005193948 0.02907794 0 0.005150973 0.03499996 0 0.005150973 0.02973097 0 0.005169987 0.02943497 0 0.004609942 0.04514795 0 0.00486499 0.04547899 0 0.005169987 0.04056495 0 0.005150973 0.04026895 0 0.004278957 0.04489296 0 0.00486499 0.04707896 0 0.004609942 0.04740995 0 0.005169987 0.06171995 0 0.004278957 0.04766499 0 0.004194974 0.04769897 0 0.005024969 0.04586499 0 0.005078971 0.04627895 0 0.005024969 0.04669296 0 0.01072198 0.06171995 0 0.005320966 0.04156297 0 0.005193948 0.04092198 0 0.005700945 0.067128 0 0.006010949 0.06688898 0 0.005169987 0.06571298 0 0.005260944 0.06818795 0 0.005312979 0.06779998 0 0.00546199 0.067438 0 0.00751096 0.06948697 0 0.01106798 0.06999999 0 0.007821977 0.06924897 0 0.008060991 0.06893795 0 0.007149994 0.069637 0 0.006760954 0.06968796 0 0.005169987 0.06999999 0 0.006372988 0.069637 0 0.006010949 0.06948697 0 0.007149994 0.06673896 0 0.011792 0.06571298 0 0.006760954 0.066688 0 0.006372988 0.06673896 0 0.00751096 0.06688898 0 0.007821977 0.067128 0 0.008060991 0.067438 0 0.008209943 0.06779998 0 0.008260965 0.06818795 0 0.01179695 0.06728196 0 0.005700945 0.06924897 0 0.00546199 0.06893795 0 0.005312979 0.06857597 0 0.008209943 0.06857597 0 0.01188695 0.06676697 0 0.01188695 0.066244 0 0.01179695 0.06572896 0 0.008610963 0.07816797 0 0.008952975 0.07764196 0 0.005169987 0.07428699 0 0.009177982 0.07705599 0 0.009920001 0.07428699 0 0.007055997 0.07917797 0 0.007641971 0.07895296 0 0.008167982 0.07861095 0 0.00326097 0.07714998 0 0.003110945 0.07751095 0 0.004194974 0.07994395 0 0.00287199 0.07782196 0 0.002561986 0.07806098 0 0.00168997 0.08061599 0 0.002199947 0.07820999 0 0.001811981 0.07526099 0 0.002199947 0.07531297 0 0.004194974 0.07428699 0 0.002561986 0.07546198 0 0.00287199 0.07570099 0 0.003110945 0.076011 0 0.00326097 0.07637298 0 0.003311991 0.076761 0 0.005169987 0.079683 0 0.001811981 0.07826095 0 0.00168997 0.07824498 0 0 0.08106797 0 0.001423954 0.07820999 0 0.001061975 0.07806098 0 0.001061975 0.07546198 0 0 0.07428699 0 7.51e-4 0.07570099 0 7.51e-4 0.07782196 0 5.13e-4 0.07751095 0 3.63e-4 0.07714998 0 3.12e-4 0.076761 0 3.63e-4 0.07637298 0 5.13e-4 0.076011 0 -0.001521944 0.08147597 0 -0.004286944 0.07428699 0 -0.003932952 0.08109498 0 -0.00337398 0.08137899 0 -0.00276798 0.08154195 0 -0.002141952 0.08157396 0 -0.01083296 0.07428699 0 -0.004419982 0.08069998 0 -0.004286944 0.08080798 0 -0.005397975 0.07240599 0 -0.00546199 0.07256197 0 -0.005700945 0.07287198 0 -0.006010949 0.07311099 0 -0.00751096 0.07311099 0 -0.007821977 0.07287198 0 -0.008060991 0.07256197 0 -0.01157498 0.07354497 0 -0.008124947 0.07240599 0 -0.01191097 0.07314395 0 -0.01217299 0.07269096 0 -0.006372988 0.07326096 0 -0.006760954 0.07331198 0 -0.007149994 0.07326096 0 -0.008060991 0.07106196 0 -0.007821977 0.07075095 0 -0.012941 0.06999999 0 -0.00751096 0.07051301 0 -0.007149994 0.07036298 0 -0.006760954 0.07031196 0 -0.006372988 0.07036298 0 -0.004286944 0.06999999 0 -0.006010949 0.07051301 0 -0.005700945 0.07075095 0 -0.00546199 0.07106196 0 -0.005312979 0.071424 0 -0.004286944 0.07240599 0 -0.005260944 0.07181197 0 -0.005312979 0.0722 0 -0.01227694 0.07240599 0 -0.008209943 0.0722 0 -0.01235097 0.0722 0 -0.008260965 0.07181197 0 -0.008209943 0.071424 0 -0.004286944 0.06571298 0 -0.01409 0.06571298 0 -0.00751096 -5.13e-4 0 -0.007821977 -7.51e-4 0 -0.012941 0 0 -0.007149994 -3.63e-4 0 -0.005312979 -0.002199947 0 -0.005260944 -0.001811981 0 -0.004286944 0 0 -0.004286944 0.002405941 0 -0.01358598 0.002405941 0 -0.006760954 -3.12e-4 0 -0.00751096 -0.003110945 0 -0.007149994 -0.00326097 0 -0.006760954 -0.003311991 0 -0.006372988 -0.00326097 0 -0.006010949 -0.003110945 0 -0.005312979 -0.001423954 0 -0.00546199 -0.001061975 0 -0.005700945 -7.51e-4 0 -0.008060991 -0.001061975 0 -0.008209943 -0.001423954 0 -0.01235097 -0.002199947 0 -0.008260965 -0.001811981 0 -0.01217299 -0.00269097 0 -0.008209943 -0.002199947 0 -0.01191097 -0.003143966 0 -0.01157498 -0.003544986 0 -0.008060991 -0.002561986 0 -0.007821977 -0.00287199 0 -0.005700945 -0.00287199 0 -0.00546199 -0.002561986 0 -0.006010949 -5.13e-4 0 -0.006372988 -3.63e-4 0 -0.001298964 -7.5e-4 0 -0.001060962 -0.001060962 0 -7.5e-4 -0.001298964 0 -0.001448988 -3.88e-4 0 3.88e-4 0.001448988 0 0 0.00149995 0 0 0.002405941 0 -3.88e-4 0.001448988 0 -7.5e-4 0.001298964 0 -0.001060962 0.001060962 0 -0.001298964 7.5e-4 0 -0.001448988 3.88e-4 0 -0.00149995 0 0 0.001448988 3.88e-4 0 0.00168997 0.002405941 0 0.00168997 0 0 0.001298964 7.5e-4 0 0.001060962 0.001060962 0 7.5e-4 0.001298964 0 7.5e-4 -0.001298964 0 0.001060962 -0.001060962 0 0.001298964 -7.5e-4 0 0.001448988 -3.88e-4 0 0.00149995 0 0 -3.88e-4 -0.001448988 0 0 -0.00149995 0 3.88e-4 -0.001448988 0 -0.001298964 0.06924998 0 -0.001060962 0.06893897 0 -7.5e-4 0.06870096 0 0 0.06571298 0 -0.001448988 0.06961196 0 0 0.07240599 0 0 0.0715 0 -3.88e-4 0.07144898 0 -7.5e-4 0.07129895 0 -0.001060962 0.07106095 0 -0.001298964 0.07074999 0 -0.001448988 0.07038795 0 -0.00149995 0.06999999 0 0.00168997 0.07240599 0 0.001448988 0.07038795 0 0.001298964 0.07074999 0 0.001060962 0.07106095 0 7.5e-4 0.07129895 0 3.88e-4 0.07144898 0 -3.88e-4 0.068551 0 0 0.06849998 0 0.00168997 0.06571298 0 3.88e-4 0.068551 0 7.5e-4 0.06870096 0 0.001060962 0.06893897 0 0.001298964 0.06924998 0 -0.00287199 0.007821977 0 -0.003110945 0.00751096 0 -0.002561986 0.008060991 0 -5.13e-4 0.00751096 0 -7.51e-4 0.007821977 0 -0.001061975 0.008060991 0 -0.001423954 0.008209943 0 -0.001811981 0.008260965 0 -0.002199947 0.008209943 0 -0.003110945 0.006010949 0 -0.00287199 0.005700945 0 -0.002561986 0.00546199 0 -0.002199947 0.005312979 0 -0.001811981 0.005260944 0 -0.001423954 0.005312979 0 -0.00326097 0.007149994 0 -0.003311991 0.006760954 0 -0.00326097 0.006372988 0 -0.001061975 0.00546199 0 -7.51e-4 0.005700945 0 -5.13e-4 0.006010949 0 -3.63e-4 0.006372988 0 -3.12e-4 0.006760954 0 -3.63e-4 0.007149994 0 -0.002561986 0.064538 0 -0.00287199 0.06429898 0 -7.51e-4 0.06429898 0 -0.001061975 0.064538 0 -0.001423954 0.06468695 0 -0.001811981 0.06473898 0 -0.002199947 0.06468695 0 -0.00326097 0.06284999 0 -0.003110945 0.06248897 0 -0.00287199 0.06217795 0 -0.002561986 0.061939 0 -0.003110945 0.06398898 0 -0.00326097 0.063627 0 -0.003311991 0.06323897 0 -0.002199947 0.06178998 0 -0.001811981 0.06173896 0 -0.001423954 0.06178998 0 -0.001061975 0.061939 0 -7.51e-4 0.06217795 0 -5.13e-4 0.06248897 0 -3.63e-4 0.06284999 0 -3.12e-4 0.06323897 0 -3.63e-4 0.063627 0 -5.13e-4 0.06398898 0 0.004194974 0.002405941 0 0.004194974 0 0 0.004194974 0.06571298 0 0.004194974 0.06999999 0 0.004194974 0.07240599 0 0.005169987 0.07240599 0 0.01042395 0.07240599 0 0.007417976 0.04695999 0.004999995 0.007416963 0.04698199 0.004999995 0.007401943 0.04705798 0.008399963 3.38e-4 0.04380297 0.008399963 3.8e-5 0.04429298 0.008399963 5.9e-5 0.04426199 0.004999995 0.00347799 0.05026096 0.004999995 0.003251969 0.050273 0.004999995 0.00306797 0.05025798 0.00841397 0.002699971 0.05020195 0.008399963 0.002443969 0.05013996 0.004999995 0.002450942 0.05012196 0.008399963 0.002414941 0.05013495 0.004999995 0.001804947 0.04991197 0.008399963 0.001479983 0.04974097 0.004999995 0.001492977 0.049721 0.008399963 0.001512944 0.049757 0.004999995 0.001988947 0.04999095 0.004999995 0.001443982 0.04972195 0.004999995 0.001103997 0.04949694 0.004999995 0.001002967 0.04941999 0.008399963 0.001090943 0.04948496 0.004999995 6.7e-4 0.049088 0.008399963 6.72e-4 0.04908496 0.004999995 4.1e-4 0.04883599 0.004999995 3.38e-4 0.04875499 0.008399963 3.77e-4 0.04880398 0.004999995 1.52e-4 0.04847395 0.004999995 3.8e-5 0.04826498 0.008399963 1.9e-5 0.04827696 0.004999995 -1.2e-5 0.04823094 0.004999995 -1.54e-4 0.04795295 0.008399963 -6.5e-5 0.04810094 0.004999995 -3.63e-4 0.04730695 0.008399963 -3.85e-4 0.04731398 0.004999995 -4.44e-4 0.04705798 0.008399963 -4.55e-4 0.04700297 0.008399963 -5.12e-4 0.04654794 0.004999995 -5.18e-4 0.04642397 0.008426964 -5.08e-4 0.04647594 0.004999995 -5.13e-4 0.04627895 0.008423984 -4.97e-4 0.04627996 0.004999995 -5e-4 0.04586797 0.00841397 -4.84e-4 0.04604196 0.004999995 -4.6e-4 0.04559797 0.004999995 -4.44e-4 0.04549998 0.008399963 -4.59e-4 0.04557597 0.004999995 -3.63e-4 0.04525095 0.008399963 -3.59e-4 0.04525196 0.004999995 -1.88e-4 0.04469799 0.004999995 -1.54e-4 0.04460495 0.008399963 -1.7e-4 0.04464095 0.004999995 4e-5 0.04429399 0.004999995 0.003479957 0.04229694 0.004999995 0.003478944 0.04228699 0.008423984 0.003333985 0.04228198 0.008426964 0.002858996 0.04232698 0.004999995 3.33e-4 0.04380899 0.004999995 6.3e-4 0.04347199 0.004999995 6.7e-4 0.04346996 0.008399963 6.53e-4 0.04345297 0.004999995 0.001002967 0.04313796 0.008399963 0.00128597 0.042934 0.004999995 0.001492977 0.04283696 0.008399963 0.001486957 0.042831 0.004999995 0.001804947 0.04264599 0.008399963 0.002039968 0.04254698 0.004999995 0.002450942 0.04243695 0.008399963 0.002449989 0.04243695 0.004999995 0.002699971 0.04235595 0.008399963 0.002754986 0.04234498 0.008399963 0.003889977 0.04229998 0.00841397 0.003705978 0.04228597 0.004999995 0.00425899 0.04235595 0.008399963 0.004513978 0.042418 0.004999995 0.004507958 0.04243695 0.008399963 0.004542946 0.04242295 0.004999995 0.005153 0.04264599 0.008399963 0.004968941 0.04256695 0.004999995 0.005444943 0.04280096 0.004999995 0.005464971 0.04283696 0.008399963 0.005477964 0.04281795 0.004999995 0.005514979 0.04283595 0.004999995 0.00595498 0.04313796 0.008399963 0.00585395 0.04306095 0.004999995 0.005867958 0.04307299 0.004999995 0.006287992 0.04346996 0.008399963 0.006285965 0.043473 0.004999995 0.006619989 0.04380297 0.008399963 0.006805956 0.04408496 0.004999995 0.006920993 0.04429298 0.008399963 0.006580948 0.04375398 0.004999995 0.006547987 0.04372197 0.004999995 0.006939947 0.04428195 0.004999995 0.006970942 0.04432696 0.004999995 0.007111966 0.04460495 0.008399963 0.007022976 0.04445695 0.004999995 0.007321953 0.04525095 0.008399963 0.007342994 0.04524397 0.004999995 0.007321953 0.04730695 0.008399963 0.007441997 0.046516 0.004999995 0.007457971 0.04668998 0.00841397 0.007454991 0.04627799 0.004999995 0.007471978 0.04627895 0.008423984 0.007465958 0.04608196 0.004999995 0.007475972 0.04613399 0.008426964 0.007469952 0.04600995 0.004999995 0.00741297 0.04555499 0.008399963 0.007401943 0.04549998 0.008399963 0.007316946 0.047306 0.004999995 0.007145941 0.04785996 0.004999995 0.007111966 0.04795295 0.008399963 0.007128 0.04791694 0.004999995 0.006920993 0.04826498 0.008399963 0.006918966 0.04826396 0.004999995 0.006898999 0.04829597 0.004999995 0.006619989 0.04875499 0.008399963 0.00662595 0.04874897 0.004999995 0.006287992 0.049088 0.008399963 0.003478944 0.05027198 0.008423984 0.003623962 0.05027598 0.008426964 0.004098951 0.05023097 0.004999995 0.006327986 0.04908597 0.004999995 0.006305992 0.04910498 0.004999995 0.00595498 0.04941999 0.008399963 0.005672991 0.04962396 0.004999995 0.005464971 0.049721 0.008399963 0.005470991 0.04972696 0.004999995 0.005153 0.04991197 0.008399963 0.004917979 0.05001097 0.004999995 0.004507958 0.05012196 0.008399963 0.004508972 0.05012094 0.004999995 0.00425899 0.05020195 0.008399963 0.004202961 0.05021297 0.008399963 -9.02e-4 0.04538196 0.002999961 -0.00168395 0.04246395 0.000999987 -0.001419961 0.04345095 0.002999961 -0.00168395 0.04246395 0.002999961 -3.85e-4 0.04731398 0.002999961 1.33e-4 0.04924595 0.002999961 0.002240955 0.057114 0.000999987 6.51e-4 0.05117797 0.002999961 0.002240955 0.057114 0.002999961 -0.003932952 0.08109498 0.003999948 -0.004286944 0.08080798 0.003999948 -0.004286944 0.07991999 0.003999948 -0.01083296 0.07428699 0.003999948 -0.004286944 0.07428699 0.003999948 -3.88e-4 0.07144898 0.003999948 0 0.0715 0.003999948 0 0.07240599 0.003999948 0.00546199 0.067438 0.003999948 0.005397975 0.06759399 0.003999948 0.004286944 0.06759399 0.003999948 7.37e-4 0.04209798 0.003999948 0 0.04270195 0.003999948 0 0.02511399 0.003999948 0.004286944 0.008279979 0.003999948 0.004286944 0.04137295 0.003999948 0.00376296 0.041287 0.003999948 0.002388 0.01097297 0.003999948 0.002388 0.008279979 0.003999948 0.002443969 0.01100397 0.003999948 0.002798974 0.01133096 0.003999948 0.00306499 0.01173394 0.003999948 0.002388 0.01620298 0.003999948 0.003206968 0.01314496 0.003999948 0.003274977 0.012667 0.003999948 0.003225982 0.01218795 0.003999948 0.002703964 0.04133898 0.003999948 0.002388 0.04142397 0.003999948 0.001679956 0.04161399 0.003999948 -0.001140952 0.04141098 0.003999948 -8.84e-4 0.04178398 0.003999948 -7.18e-4 0.04220497 0.003999948 -8.3e-5 0.04276996 0.003999948 -4.54e-4 0.04319196 0.003999948 -0.001868963 0.029118 0.003999948 -0.001474976 0.02889496 0.003999948 -0.001868963 0.04088199 0.003999948 -0.001140952 0.02858895 0.003999948 -8.84e-4 0.028216 0.003999948 -0.001474976 0.04110497 0.003999948 -7.18e-4 0.02779495 0.003999948 -0.007137 0.008317947 0.003999948 -0.007618963 0.008307993 0.003999948 -0.004286944 0.008279979 0.003999948 -0.002302944 0.02924698 0.003999948 -0.002302944 0.04075294 0.003999948 -0.004286944 0.02959597 0.003999948 -0.004286944 0.04040396 0.003999948 -0.01208198 0.03096997 0.003999948 -0.01208198 0.03902995 0.003999948 -0.012582 0.03099495 0.003999948 -0.006670951 0.008441984 0.003999948 -0.02069896 0.02895498 0.003999948 -0.01442897 0.028979 0.003999948 -0.02077597 0.02933895 0.003999948 -0.01437199 0.02947598 0.003999948 -0.02080196 0.02973097 0.003999948 -0.02080196 0.04026895 0.003999948 -0.01419299 0.02994298 0.003999948 -0.01390397 0.03035199 0.003999948 -0.01390397 0.03964799 0.003999948 -0.01419299 0.040057 0.003999948 -0.01307195 0.03089398 0.003999948 -0.01437199 0.04052394 0.003999948 -0.01352196 0.03067499 0.003999948 -0.008088946 0.00841397 0.003999948 -0.01515895 0.008279979 0.003999948 -0.00852096 0.008628964 0.003999948 -0.008887946 0.008941948 0.003999948 -0.012582 0.03900498 0.003999948 -0.01307195 0.03910595 0.003999948 -0.01352196 0.03932499 0.003999948 -0.004286944 0.009763956 0.003999948 -0.004929959 0.009486973 0.003999948 -0.00624895 0.008674979 0.003999948 -0.009169995 0.009332954 0.003999948 -0.009349942 0.009779989 0.003999948 -0.01436096 0.02848297 0.003999948 0 0.01066696 0.003999948 -4.74e-4 0.01068097 0.003999948 0 0.008279979 0.003999948 -0.002011954 0.01049995 0.003999948 -0.003507971 0.01009994 0.003999948 0.002021968 0.01077198 0.003999948 0.001555979 0.01064699 0.003999948 0.001073956 0.01063698 0.003999948 0.002199947 -0.008209943 0.003999948 0.001811981 -0.008260965 0.003999948 0.002388 -0.01042896 0.003999948 3.12e-4 -0.006760954 0.003999948 3.63e-4 -0.006372988 0.003999948 0 -0.004286944 0.003999948 5.13e-4 -0.006010949 0.003999948 7.51e-4 -0.005700945 0.003999948 0.001061975 -0.008060991 0.003999948 7.51e-4 -0.007821977 0.003999948 0 -0.01106798 0.003999948 5.13e-4 -0.00751096 0.003999948 3.63e-4 -0.007149994 0.003999948 0.001061975 -0.00546199 0.003999948 0.001423954 -0.005312979 0.003999948 0.002388 -0.004286944 0.003999948 0.001811981 -0.005260944 0.003999948 0.002199947 -0.005312979 0.003999948 0.001423954 -0.008209943 0.003999948 0.002388 -0.005389988 0.003999948 0.002561986 -0.00546199 0.003999948 0.004286944 -0.004286944 0.003999948 0.00326097 -0.007149994 0.003999948 0.003110945 -0.00751096 0.003999948 0.004286944 -0.009920001 0.003999948 0.00326097 -0.006372988 0.003999948 0.003311991 -0.006760954 0.003999948 0.00287199 -0.005700945 0.003999948 0.003110945 -0.006010949 0.003999948 0.00287199 -0.007821977 0.003999948 0.002561986 -0.008060991 0.003999948 0.002388 -0.008132994 0.003999948 0.005312979 0.002199947 0.003999948 0.005397975 0.002405941 0.003999948 0.004286944 0.002405941 0.003999948 0.00546199 0.002561986 0.003999948 0.006760954 0.003311991 0.003999948 0.007149994 0.00326097 0.003999948 0.01007997 0.008279979 0.003999948 0.00751096 0.003110945 0.003999948 0.007821977 0.00287199 0.003999948 0.01007997 0.002405941 0.003999948 0.008060991 0.002561986 0.003999948 0.008124947 0.002405941 0.003999948 0.005700945 0.00287199 0.003999948 0.006010949 0.003110945 0.003999948 0.006372988 0.00326097 0.003999948 0.006760954 3.12e-4 0.003999948 0.006372988 3.63e-4 0.003999948 0.004286944 0 0.003999948 0.006010949 5.13e-4 0.003999948 0.005700945 7.51e-4 0.003999948 0.008060991 0.001061975 0.003999948 0.007821977 7.51e-4 0.003999948 0.01007997 0 0.003999948 0.00751096 5.13e-4 0.003999948 0.007149994 3.63e-4 0.003999948 0.00546199 0.001061975 0.003999948 0.005312979 0.001423954 0.003999948 0.005260944 0.001811981 0.003999948 0.008209943 0.002199947 0.003999948 0.008260965 0.001811981 0.003999948 0.008209943 0.001423954 0.003999948 0.007821977 0.06924897 0.003999948 0.008060991 0.06893795 0.003999948 0.01007997 0.06999999 0.003999948 0.008209943 0.06857597 0.003999948 0.008260965 0.06818795 0.003999948 0.01007997 0.06759399 0.003999948 0.00546199 0.06893795 0.003999948 0.005700945 0.06924897 0.003999948 0.004286944 0.06999999 0.003999948 0.006010949 0.06948697 0.003999948 0.006372988 0.069637 0.003999948 0.006760954 0.06968796 0.003999948 0.007149994 0.069637 0.003999948 0.00751096 0.06948697 0.003999948 0.005312979 0.06779998 0.003999948 0.005260944 0.06818795 0.003999948 0.005312979 0.06857597 0.003999948 0.007821977 0.067128 0.003999948 0.00751096 0.06688898 0.003999948 0.01007997 0.05932295 0.003999948 0.008209943 0.06779998 0.003999948 0.008124947 0.06759399 0.003999948 0.008060991 0.067438 0.003999948 0.006220996 0.05045998 0.003999948 0.007040977 0.04978799 0.003999948 0.006760954 0.066688 0.003999948 0.006372988 0.06673896 0.003999948 0.006010949 0.06688898 0.003999948 0.004286944 0.05120998 0.003999948 0.005700945 0.067128 0.003999948 0.007411956 0.04936599 0.003999948 0.007149994 0.06673896 0.003999948 0.005277991 0.05094397 0.003999948 -0.01217299 0.07269096 0.003999948 -0.01227694 0.07240599 0.003999948 -0.008124947 0.07240599 0.003999948 -0.00751096 0.07311099 0.003999948 -0.007821977 0.07287198 0.003999948 -0.008060991 0.07256197 0.003999948 -0.01191097 0.07314395 0.003999948 -0.005397975 0.07240599 0.003999948 -0.004286944 0.07240599 0.003999948 -0.00546199 0.07256197 0.003999948 -0.005700945 0.07287198 0.003999948 -0.006010949 0.07311099 0.003999948 -0.01157498 0.07354497 0.003999948 -0.007149994 0.07326096 0.003999948 -0.006760954 0.07331198 0.003999948 -0.006372988 0.07326096 0.003999948 -0.004286944 0.06999999 0.003999948 -0.00546199 0.07106196 0.003999948 -0.005700945 0.07075095 0.003999948 -0.006760954 0.07031196 0.003999948 -0.007149994 0.07036298 0.003999948 -0.012941 0.06999999 0.003999948 -0.00751096 0.07051301 0.003999948 -0.007821977 0.07075095 0.003999948 -0.006010949 0.07051301 0.003999948 -0.006372988 0.07036298 0.003999948 -0.005312979 0.0722 0.003999948 -0.005260944 0.07181197 0.003999948 -0.005312979 0.071424 0.003999948 -0.008060991 0.07106196 0.003999948 -0.008209943 0.071424 0.003999948 -0.01235097 0.0722 0.003999948 -0.008260965 0.07181197 0.003999948 -0.008209943 0.0722 0.003999948 0.001811981 0.07526099 0.003999948 0.001423954 0.07531297 0.003999948 0 0.07428699 0.003999948 0.002561986 0.07546198 0.003999948 0.002388 0.07538998 0.003999948 0.002388 0.07428699 0.003999948 0.002199947 0.07531297 0.003999948 0 0.07991999 0.003999948 5.13e-4 0.07751095 0.003999948 7.51e-4 0.07782196 0.003999948 0.001061975 0.07546198 0.003999948 7.51e-4 0.07570099 0.003999948 5.13e-4 0.076011 0.003999948 0.001061975 0.07806098 0.003999948 0.001423954 0.07820999 0.003999948 0.002388 0.07991999 0.003999948 0.001811981 0.07826095 0.003999948 3.63e-4 0.07637298 0.003999948 3.12e-4 0.076761 0.003999948 3.63e-4 0.07714998 0.003999948 0.002199947 0.07820999 0.003999948 0.002388 0.07813298 0.003999948 0.004285991 0.07991999 0.003999948 0.002561986 0.07806098 0.003999948 0.004286944 0.07991999 0.003999948 0.00287199 0.07782196 0.003999948 0.003110945 0.07751095 0.003999948 0.004286944 0.07428699 0.003999948 0.003110945 0.076011 0.003999948 0.00287199 0.07570099 0.003999948 0.00326097 0.07714998 0.003999948 0.003311991 0.076761 0.003999948 0.00326097 0.07637298 0.003999948 -0.001298964 0.07074999 0.003999948 -0.001060962 0.07106095 0.003999948 -7.5e-4 0.07129895 0.003999948 0 0.06759399 0.003999948 0 0.06849998 0.003999948 -3.88e-4 0.068551 0.003999948 -0.004286944 0.06759399 0.003999948 -7.5e-4 0.06870096 0.003999948 -0.001060962 0.06893897 0.003999948 -0.001298964 0.06924998 0.003999948 -0.001448988 0.06961196 0.003999948 -0.00149995 0.06999999 0.003999948 -0.001448988 0.07038795 0.003999948 0.001298964 0.06924998 0.003999948 0.001060962 0.06893897 0.003999948 0.002388 0.06759399 0.003999948 7.5e-4 0.06870096 0.003999948 3.88e-4 0.068551 0.003999948 0.001448988 0.06961196 0.003999948 0.002388 0.06999999 0.003999948 0.00149995 0.06999999 0.003999948 3.88e-4 0.07144898 0.003999948 7.5e-4 0.07129895 0.003999948 0.002388 0.07240599 0.003999948 0.001060962 0.07106095 0.003999948 0.001298964 0.07074999 0.003999948 0.001448988 0.07038795 0.003999948 -0.001298964 7.5e-4 0.003999948 -0.001060962 0.001060962 0.003999948 -0.004286944 0.002405941 0.003999948 -7.5e-4 0.001298964 0.003999948 -3.88e-4 0.001448988 0.003999948 0 0.002405941 0.003999948 -0.001060962 -0.001060962 0.003999948 -0.001298964 -7.5e-4 0.003999948 -0.004286944 -0.004286944 0.003999948 -0.004286944 0 0.003999948 -0.001448988 -3.88e-4 0.003999948 -0.00149995 0 0.003999948 -0.001448988 3.88e-4 0.003999948 -3.88e-4 -0.001448988 0.003999948 -7.5e-4 -0.001298964 0.003999948 0.001298964 -7.5e-4 0.003999948 0.001060962 -0.001060962 0.003999948 0.001448988 -3.88e-4 0.003999948 0.002388 0 0.003999948 0.00149995 0 0.003999948 7.5e-4 -0.001298964 0.003999948 3.88e-4 -0.001448988 0.003999948 0 -0.00149995 0.003999948 7.5e-4 0.001298964 0.003999948 0.002388 0.002405941 0.003999948 3.88e-4 0.001448988 0.003999948 0 0.00149995 0.003999948 0.001060962 0.001060962 0.003999948 0.001298964 7.5e-4 0.003999948 0.001448988 3.88e-4 0.003999948 0.005320966 0.04156297 0.003999948 0.005341947 0.04163897 0.003999948 0.004808962 0.04145896 0.003999948 0.005150973 0.02973097 0.003999948 0.005150973 0.04026895 0.003999948 0.005193948 0.04092198 0.003999948 0.01007997 0.01067698 0.003999948 0.005320966 0.02843695 0.003999948 0.005193948 0.02907794 0.003999948 0.01188695 0.003232955 0.003999948 0.01188695 0.003755986 0.003999948 0.01179695 0.00427097 0.003999948 0.01072198 0.008279979 0.003999948 0.01007997 -0.003687977 0.003999948 0.01106798 0 0.003999948 0.01171296 0.002405941 0.003999948 0.01179695 0.002717971 0.003999948 0.009920001 -0.004286944 0.003999948 0.007055997 -0.009177982 0.003999948 0.007641971 -0.008952975 0.003999948 0.008167982 -0.008610963 0.003999948 0.008610963 -0.008167982 0.003999948 0.008952975 -0.007641971 0.003999948 0.009177982 -0.007055997 0.003999948 -0.003932952 -0.01109498 0.003999948 -0.00337398 -0.011379 0.003999948 -0.001521944 -0.01147598 0.003999948 -0.00276798 -0.01154196 0.003999948 -0.002141952 -0.01157397 0.003999948 -0.01083296 -0.004286944 0.003999948 -0.004419982 -0.01069998 0.003999948 -0.004286944 -0.01080799 0.003999948 -0.006372988 -3.63e-4 0.003999948 -0.006010949 -5.13e-4 0.003999948 -0.005700945 -7.51e-4 0.003999948 -0.00546199 -0.001061975 0.003999948 -0.00546199 -0.002561986 0.003999948 -0.005700945 -0.00287199 0.003999948 -0.006010949 -0.003110945 0.003999948 -0.006372988 -0.00326097 0.003999948 -0.006760954 -0.003311991 0.003999948 -0.007149994 -0.00326097 0.003999948 -0.00751096 -0.003110945 0.003999948 -0.008260965 -0.001811981 0.003999948 -0.008209943 -0.001423954 0.003999948 -0.012941 0 0.003999948 -0.008060991 -0.001061975 0.003999948 -0.007821977 -7.51e-4 0.003999948 -0.00751096 -5.13e-4 0.003999948 -0.007149994 -3.63e-4 0.003999948 -0.006760954 -3.12e-4 0.003999948 -0.005312979 -0.001423954 0.003999948 -0.005260944 -0.001811981 0.003999948 -0.005312979 -0.002199947 0.003999948 -0.007821977 -0.00287199 0.003999948 -0.008060991 -0.002561986 0.003999948 -0.01157498 -0.003544986 0.003999948 -0.008209943 -0.002199947 0.003999948 -0.01235097 -0.002199947 0.003999948 -0.01217299 -0.00269097 0.003999948 -0.01191097 -0.003143966 0.003999948 -0.01358598 0.002405941 0.003999948 -0.006670951 0.06155794 0.003999948 -0.007137 0.06168198 0.003999948 -0.007618963 0.06169199 0.003999948 -0.009169995 0.06066697 0.003999948 -0.008887946 0.06105798 0.003999948 -0.01358598 0.06759399 0.003999948 -0.00852096 0.06137096 0.003999948 -0.008088946 0.06158596 0.003999948 -0.00624895 0.06132495 0.003999948 -0.004929959 0.06051295 0.003999948 -0.004286944 0.06023597 0.003999948 -0.02077597 0.04066097 0.003999948 -0.01442897 0.04102098 0.003999948 -0.02069896 0.04104495 0.003999948 -0.01436096 0.04151695 0.003999948 -0.01927298 0.04636895 0.003999948 -0.01306098 0.04636895 0.003999948 -0.009349942 0.06022 0.003999948 -0.004419982 0.08069998 0.003999948 -0.005199968 0.07991999 0.003999948 0 0.08106797 0.003999948 -0.001521944 0.08147597 0.003999948 -0.002141952 0.08157396 0.003999948 -0.00276798 0.08154195 0.003999948 -0.00337398 0.08137899 0.003999948 0.009177982 0.07705599 0.003999948 0.008952975 0.07764196 0.003999948 0.008610963 0.07816797 0.003999948 0.008167982 0.07861095 0.003999948 0.007641971 0.07895296 0.003999948 0.007055997 0.07917797 0.003999948 0.004286944 0.07240599 0.003999948 0.01007997 0.07368797 0.003999948 0.009920001 0.07428699 0.003999948 0.01007997 0.07240599 0.003999948 0.01042395 0.07240599 0.003999948 0.01106798 0.06999999 0.003999948 0.01171296 0.06759399 0.003999948 0.01179695 0.06572896 0.003999948 0.01188695 0.066244 0.003999948 0.01188695 0.06676697 0.003999948 0.01179695 0.06728196 0.003999948 0.002443969 0.05899596 0.003999948 0.002798974 0.05866897 0.003999948 0.002388 0.05902695 0.003999948 0.00306499 0.05826598 0.003999948 0.003225982 0.05781197 0.003999948 0.003274977 0.05733299 0.003999948 0.002388 0.05379694 0.003999948 0.003194987 0.05127096 0.003999948 0.003206968 0.05685496 0.003999948 0.004253983 0.05121898 0.003999948 0.001616954 0.05091899 0.003999948 0.002148985 0.051099 0.003999948 0.002388 0.05113798 0.003999948 0.001555979 0.05935299 0.003999948 0.002021968 0.059228 0.003999948 0.001073956 0.05936294 0.003999948 0 0.05933296 0.003999948 -0.003110945 0.06398898 0.003999948 -0.00287199 0.06429898 0.003999948 -0.001423954 0.06468695 0.003999948 -0.001061975 0.064538 0.003999948 -7.51e-4 0.06429898 0.003999948 -5.13e-4 0.06398898 0.003999948 -0.003507971 0.05989998 0.003999948 -0.002561986 0.061939 0.003999948 -0.00287199 0.06217795 0.003999948 -0.003110945 0.06248897 0.003999948 -0.002561986 0.064538 0.003999948 -0.002199947 0.06468695 0.003999948 -0.001811981 0.06473898 0.003999948 -0.00326097 0.06284999 0.003999948 -0.003311991 0.06323897 0.003999948 -0.00326097 0.063627 0.003999948 -5.13e-4 0.06248897 0.003999948 -7.51e-4 0.06217795 0.003999948 -0.001061975 0.061939 0.003999948 -4.74e-4 0.05931895 0.003999948 -0.001423954 0.06178998 0.003999948 -0.002011954 0.05949997 0.003999948 -0.001811981 0.06173896 0.003999948 -0.002199947 0.06178998 0.003999948 -3.63e-4 0.063627 0.003999948 -3.12e-4 0.06323897 0.003999948 -3.63e-4 0.06284999 0.003999948 -0.001423954 0.005312979 0.003999948 -0.001811981 0.005260944 0.003999948 -0.001061975 0.008060991 0.003999948 -7.51e-4 0.007821977 0.003999948 -0.002199947 0.005312979 0.003999948 -0.002561986 0.00546199 0.003999948 -0.00287199 0.005700945 0.003999948 -3.63e-4 0.006372988 0.003999948 -5.13e-4 0.006010949 0.003999948 -7.51e-4 0.005700945 0.003999948 -0.001061975 0.00546199 0.003999948 -0.00326097 0.007149994 0.003999948 -0.003110945 0.00751096 0.003999948 -0.00287199 0.007821977 0.003999948 -0.002561986 0.008060991 0.003999948 -5.13e-4 0.00751096 0.003999948 -3.63e-4 0.007149994 0.003999948 -3.12e-4 0.006760954 0.003999948 -0.002199947 0.008209943 0.003999948 -0.001811981 0.008260965 0.003999948 -0.001423954 0.008209943 0.003999948 -0.003110945 0.006010949 0.003999948 -0.00326097 0.006372988 0.003999948 -0.003311991 0.006760954 0.003999948 0.002388 0.08042895 0.003999948 -0.008383989 0.01003897 0.002999961 -0.008383989 0.01003897 0.000999987 -0.01339495 0.02874195 0.002999961 -0.01339495 0.02874195 0.000999987 -0.00168395 0.02753597 0.002999961 -0.00168395 0.02753597 0.000999987 0.002240955 0.01288598 0.002999961 0.002240955 0.01288598 0.000999987 -0.01331698 0.07245898 0.002999961 -0.01331698 0.07245898 0.000999987 -0.02166497 0.04130399 0.002999961 -0.02166497 0.04130399 0.000999987 -0.02166497 0.028696 0.002999961 -0.02166497 0.028696 0.000999987 -0.01331698 -0.002458989 0.002999961 -0.01331698 -0.002458989 0.000999987 0.01276296 0.004528999 0.002999961 0.01276296 0.004528999 0.000999987 0.006286978 0.028696 0.002999961 0.006286978 0.028696 0.000999987 0.01276296 0.06547099 0.000999987 0.01276296 0.06547099 0.002999961 0.008377969 0.04910695 0.002999961 0.006286978 0.04130399 0.000999987 0.007859945 0.047176 0.002999961 0.007342994 0.04524397 0.002999961 0.00682497 0.04331195 0.002999961 0.006307959 0.04137998 0.002999961 0.006286978 0.04130399 0.002999961 -0.02180194 0.04026895 0.002999961 -0.02180194 0.04026895 0.000999987 -0.02180194 0.02973097 0.002999961 -0.02180194 0.02973097 0.000999987 0.00615096 0.04026895 0.000999987 0.00615096 0.04026895 0.002999961 0.00615096 0.02973097 0.000999987 0.00615096 0.02973097 0.002999961 -0.005126953 0.08140701 0.002999961 -0.005126953 0.08140701 0.000999987 -0.01228195 0.074252 0.002999961 -0.01228195 0.074252 0.000999987 0.01276296 0.067541 0.002999961 0.01276296 0.067541 0.000999987 0.01014399 0.07731497 0.002999961 0.01014399 0.07731497 0.000999987 -0.01228195 -0.004251956 0.002999961 -0.01228195 -0.004251956 0.000999987 -0.005126953 -0.01140695 0.002999961 -0.005126953 -0.01140695 0.000999987 0.01014399 -0.00731498 0.002999961 0.01014399 -0.00731498 0.000999987 0.01276296 0.002458989 0.002999961 0.01276296 0.002458989 0.000999987 0.00731498 0.08014398 0.002999961 0.00731498 0.08014398 0.000999987 -0.001262962 0.08244198 0.002999961 -0.001262962 0.08244198 0.000999987 -0.001262962 -0.01244199 0.002999961 -0.001262962 -0.01244199 0.000999987 0.00731498 -0.01014399 0.002999961 0.00731498 -0.01014399 0.000999987 -0.01307898 -0.003113985 0.002999961 -0.01307898 -0.003113985 0.000999987 -0.012905 -0.003415942 0.002999961 -0.012905 -0.003415942 0.000999987 -0.01273 -0.003717958 0.002999961 -0.01273 -0.003717958 0.000999987 0.01288396 0.003842949 0.000999987 0.01288396 0.003842949 0.002999961 0.01288396 0.003493964 0.000999987 0.01288396 0.003493964 0.002999961 0.01288396 0.003144979 0.000999987 0.01288396 0.003144979 0.002999961 -0.004476964 -0.01193296 0.002999961 -0.004476964 -0.01193296 0.000999987 -0.004290997 -0.01202797 0.002999961 -0.004290997 -0.01202797 0.000999987 -0.003731966 -0.01231294 0.002999961 -0.003731966 -0.01231294 0.000999987 -0.003327965 -0.01242095 0.002999961 -0.003327965 -0.01242095 0.000999987 -0.002923965 -0.01252895 0.002999961 -0.002923965 -0.01252895 0.000999987 -0.002297997 -0.01256197 0.002999961 -0.002297997 -0.01256197 0.000999987 -0.002088963 -0.012573 0.002999961 -0.002088963 -0.012573 0.000999987 0.008095979 -0.009843945 0.000999987 0.008095979 -0.009843945 0.002999961 0.008796989 -0.009388983 0.000999987 0.008796989 -0.009388983 0.002999961 0.009388983 -0.008796989 0.000999987 0.009388983 -0.008796989 0.002999961 0.009843945 -0.008095979 0.000999987 0.009843945 -0.008095979 0.002999961 -0.01307898 0.07311397 0.000999987 -0.01307898 0.07311397 0.002999961 -0.012905 0.07341599 0.000999987 -0.012905 0.07341599 0.002999961 -0.01273 0.07371795 0.000999987 -0.01273 0.07371795 0.002999961 -0.002088963 0.08257299 0.002999961 -0.002088963 0.08257299 0.000999987 -0.002297997 0.08256196 0.002999961 -0.002297997 0.08256196 0.000999987 -0.002923965 0.082529 0.002999961 -0.002923965 0.082529 0.000999987 -0.003327965 0.082421 0.002999961 -0.003327965 0.082421 0.000999987 -0.003731966 0.082313 0.002999961 -0.003731966 0.082313 0.000999987 -0.004290997 0.08202797 0.002999961 -0.004290997 0.08202797 0.000999987 -0.004476964 0.08193296 0.002999961 -0.004476964 0.08193296 0.000999987 0.009843945 0.07809597 0.000999987 0.009843945 0.07809597 0.002999961 0.009388983 0.07879698 0.000999987 0.009388983 0.07879698 0.002999961 0.008796989 0.07938897 0.000999987 0.008796989 0.07938897 0.002999961 0.008095979 0.07984399 0.000999987 0.008095979 0.07984399 0.002999961 0.01288396 0.06685495 0.000999987 0.01288396 0.06685495 0.002999961 0.01288396 0.06650596 0.000999987 0.01288396 0.06650596 0.002999961 0.01288396 0.06615698 0.000999987 0.01288396 0.06615698 0.002999961 0.001174986 0.05836796 0.000999987 0.001174986 0.05836796 0.002999961 -5.18e-4 0.05831998 0.000999987 -5.18e-4 0.05831998 0.002999961 -9.38e-4 0.05836898 0.000999987 -9.38e-4 0.05836898 0.002999961 -0.002199947 0.05851799 0.000999987 -0.002199947 0.05851799 0.002999961 -0.003017961 0.05873697 0.000999987 -0.003017961 0.05873697 0.002999961 -0.003835976 0.05895596 0.000999987 -0.003835976 0.05895596 0.002999961 -0.005002975 0.05945897 0.000999987 -0.005002975 0.05945897 0.002999961 -0.005390942 0.05962598 0.000999987 -0.005390942 0.05962598 0.002999961 -0.00683397 0.06051397 0.000999987 -0.00683397 0.06051397 0.002999961 -0.01339495 0.04125797 0.002999961 -0.01339495 0.04125797 0.000999987 -0.008383989 0.05996096 0.002999961 -0.008383989 0.05996096 0.000999987 -0.00247699 0.04173797 0.002999961 -0.00247699 0.04173797 0.000999987 -0.01225596 0.04001498 0.002999961 -0.01225596 0.04001498 0.000999987 -0.01225596 0.02998495 0.002999961 -0.01225596 0.02998495 0.000999987 -0.00247699 0.02826195 0.002999961 -0.00247699 0.02826195 0.000999987 0.001174986 0.01163196 0.002999961 0.001174986 0.01163196 0.000999987 -5.18e-4 0.01167994 0.002999961 -5.18e-4 0.01167994 0.000999987 -9.38e-4 0.01163095 0.002999961 -9.38e-4 0.01163095 0.000999987 -0.002199947 0.011482 0.002999961 -0.002199947 0.011482 0.000999987 -0.003017961 0.01126295 0.002999961 -0.003017961 0.01126295 0.000999987 -0.003835976 0.01104396 0.002999961 -0.003835976 0.01104396 0.000999987 -0.005002975 0.01054096 0.002999961 -0.005002975 0.01054096 0.000999987 -0.005390942 0.01037395 0.002999961 -0.005390942 0.01037395 0.000999987 -0.00683397 0.00948596 0.002999961 -0.00683397 0.00948596 0.000999987 0.006771981 0.04698598 0.008999943 0.006813943 0.04694199 0.008999943 0.006566941 0.04770195 0.008999943 0.004901945 0.04936695 0.008999943 0.004141986 0.04961395 0.008999943 0.004185974 0.04957199 0.008999943 0.005583941 0.048949 0.008999943 0.006148993 0.04838395 0.008999943 0.007030963 0.04601997 0.03125 0.007064998 0.04627895 0.03125 0.005078971 0.04627895 0.03125 0.004609942 0.04740995 0.03125 0.006771981 0.04698598 0.03125 0.004278957 0.04766499 0.03125 0.004185974 0.04957199 0.03125 0.003892958 0.04782497 0.03125 0.004185974 0.04298597 0.03125 0.006771981 0.04557198 0.03125 0.004609942 0.04514795 0.03125 0.006930947 0.04577898 0.03125 0.005024969 0.04586499 0.03125 0.00486499 0.04547899 0.03125 0.003478944 0.04467898 0.03125 0.003366947 0.04269999 0.03125 0.003590941 0.04269999 0.03125 0.002347946 0.04514795 0.03125 1.86e-4 0.04557198 0.03125 0.00267899 0.04489296 0.03125 0.002771973 0.04298597 0.03125 0.00306499 0.044734 0.03125 0.002946972 0.04284697 0.03125 0.003148972 0.04274898 0.03125 0.00486499 0.04707896 0.03125 0.005024969 0.04669296 0.03125 0.006930947 0.04677897 0.03125 0.007030963 0.04653799 0.03125 0.004278957 0.04489296 0.03125 0.003892958 0.044734 0.03125 0.004010975 0.04284697 0.03125 0.003808975 0.04274898 0.03125 0.001933991 0.04669296 0.03125 0.002092957 0.04707896 0.03125 1.86e-4 0.04698598 0.03125 0.002347946 0.04740995 0.03125 0.002771973 0.04957199 0.03125 0.003808975 0.04980897 0.03125 0.003590941 0.04985898 0.03125 0.003478944 0.04787898 0.03125 0.003366947 0.04985898 0.03125 0.004010975 0.049712 0.03125 0.00267899 0.04766499 0.03125 0.00306499 0.04782497 0.03125 0.002946972 0.049712 0.03125 0.003148972 0.04980897 0.03125 -5.1e-5 0.04660898 0.03125 -10e-5 0.04639095 0.03125 0.001878976 0.04627895 0.03125 -10e-5 0.04616695 0.03125 4.7e-5 0.04681098 0.03125 0.002092957 0.04547899 0.03125 0.001933991 0.04586499 0.03125 4.7e-5 0.04574698 0.03125 -5.1e-5 0.04594898 0.03125 -5.1e-5 0.04594898 0.008999943 -1.7e-5 0.04587996 0.008999943 4.7e-5 0.04574698 0.008999943 -10e-5 0.04616695 0.008999943 -5.1e-5 0.04660898 0.008999943 -9.2e-5 0.04642796 0.008999943 -10e-5 0.04639095 0.008999943 1.19e-4 0.04690796 0.008999943 4.7e-5 0.04681098 0.008999943 0.004107952 0.04963898 0.008999943 0.004010975 0.049712 0.008999943 0.003808975 0.04980897 0.008999943 0.003628969 0.04984998 0.008999943 0.003148972 0.04980897 0.008999943 0.003366947 0.04985898 0.008999943 0.003590941 0.04985898 0.008999943 0.00307995 0.049775 0.008999943 0.002946972 0.049712 0.008999943 0.006837964 0.04565095 0.008999943 0.006930947 0.04577898 0.008999943 0.007030963 0.04601997 0.008999943 0.00704497 0.04613 0.008999943 0.007064998 0.04627895 0.008999943 0.007030963 0.04653799 0.008999943 0.006972968 0.04667794 0.008999943 0.006930947 0.04677897 0.008999943 0.003808975 0.04274898 0.008999943 0.003877997 0.04278296 0.008999943 0.004010975 0.04284697 0.008999943 0.003590941 0.04269999 0.008999943 0.003148972 0.04274898 0.008999943 0.003329992 0.04270797 0.008999943 0.003366947 0.04269999 0.008999943 0.002849996 0.04291898 0.008999943 0.002946972 0.04284697 0.008999943 0.006184995 0.04079097 0.002999961 0.006184995 0.04079097 0.000999987 0.006184995 0.02920895 0.000999987 0.006184995 0.02920895 0.002999961 -0.02176696 0.04079097 0.002999961 -0.02176696 0.04079097 0.000999987 -0.02176696 0.02920895 0.000999987 -0.02176696 0.02920895 0.002999961 -5.25e-4 0.04611396 0.004450976 -4.82e-4 0.04564499 0.004518985 -4.75e-4 0.04566395 0.004679977 2.43e-4 0.04377597 0.004599988 2.61e-4 0.04378396 0.004642963 9.8e-5 0.04398798 0.004589974 -5.18e-4 0.046139 0.004637956 -5.02e-4 0.04657495 0.004601955 -5.06e-4 0.04654794 0.004388988 -1.26e-4 0.04444497 0.004638969 -2.21e-4 0.04468399 0.004648983 -2.33e-4 0.04467099 0.004576981 -2.3e-5 0.04391294 0.004324972 5.7e-5 0.04368698 0.004292964 1.17e-4 0.04371696 0.004376947 -3.69e-4 0.04517096 0.004711985 -1.93e-4 0.04468095 0.00485295 -4.67e-4 0.04562795 0.004834949 2.87e-4 0.04379498 0.004703998 2.1e-5 0.04422497 0.004770994 3.3e-5 0.04422897 0.004845976 -5.17e-4 0.04566699 0.004345953 -4.79e-4 0.04550099 0.00435996 -4.85e-4 0.04559296 0.004444956 -3.75e-4 0.04504495 0.004398941 -3.83e-4 0.04511696 0.004496991 -2.48e-4 0.04464095 0.004503965 -2.9e-4 0.04467099 0.004431962 -2.61e-4 0.04458898 0.004419982 -1.46e-4 0.04443198 0.004565 -1.68e-4 0.04440498 0.004489958 -1.82e-4 0.04436498 0.004388988 -2e-5 0.04421299 0.004619956 -4.8e-5 0.04419797 0.004541993 -8e-5 0.04417198 0.004462957 -1.03e-4 0.04413998 0.00435698 1.7e-5 0.043944 0.004423975 1.26e-4 0.04372096 0.004389941 6e-5 0.04396998 0.004505991 -3.78e-4 0.04515695 0.004568994 -2.09e-4 0.04468494 0.004718959 3e-6 0.04422098 0.004695951 -5.2e-4 0.04594898 0.004291951 -5.31e-4 0.04605394 0.00436896 -5.24e-4 0.04639697 0.004206955 -3.55e-4 0.047306 0.004047989 -4.45e-4 0.04684597 0.004127979 -5.25e-4 0.04643195 0.004199981 -3.62e-4 0.04730796 0.004309952 -3.69e-4 0.04730999 0.004566967 3.11e-4 0.04380196 0.004826962 3.12e-4 0.04380297 0.004833996 3.3e-4 0.04380798 0.004924952 1.76e-4 0.04374599 0.004459977 1.94e-4 0.04375594 0.004486978 2.22e-4 0.04376697 0.004550993 -1.17e-4 0.04801297 0.004601955 3.25e-4 0.04880696 0.004345953 1.81e-4 0.04856395 0.004291951 1.19e-4 0.04847896 0.00436896 0.001097977 0.04949897 0.00485295 0.001081943 0.04950296 0.004718959 3.62e-4 0.04878896 0.004679977 0.001840949 0.05018895 0.00435096 0.001811981 0.05023497 0.004292964 0.001628994 0.05007898 0.004324972 0.001446962 0.049923 0.00435698 0.001449942 0.04988294 0.004462957 0.001256942 0.04972594 0.004489958 0.001264989 0.04976695 0.004388988 0.001069962 0.04956197 0.004503965 0.001464962 0.04984396 0.004541993 0.001672983 0.04998797 0.004505991 0.001647949 0.05003297 0.004423975 0.001848995 0.05017596 0.004373967 0.001497983 0.04979997 0.004695951 0.00169599 0.04995399 0.004589974 0.00148195 0.04981797 0.004619956 0.001273989 0.04966998 0.004638969 0.001511991 0.04978698 0.004770994 0.001519978 0.04977798 0.004845976 8.8e-5 0.04839897 0.004637956 0.001084983 0.04961299 0.004419982 0.001018941 0.04955595 0.004431962 7.16e-4 0.04921698 0.004496991 7.58e-4 0.04927498 0.004398941 3.89e-4 0.04885494 0.004444956 4.41e-4 0.04893195 0.00435996 -6.5e-5 0.04814797 0.004199981 -1.07e-4 0.04803895 0.004388988 -4.7e-5 0.04817897 0.004206955 9.4e-5 0.048424 0.004450976 3.66e-4 0.04880797 0.004518985 3.58e-4 0.04878896 0.004596948 7e-4 0.04917997 0.004568994 6.96e-4 0.04916399 0.004639983 0.001067996 0.049528 0.004576981 0.001072943 0.04951095 0.004648983 0.001262962 0.04969096 0.004565 0.001974999 0.05000698 0.004832983 0.001854956 0.05016797 0.004387974 0.00188297 0.05012696 0.004461944 0.001916944 0.05007797 0.004547953 0.001916944 0.05007797 0.00454998 0.001973986 0.05000698 0.004825949 0.001968979 0.05001294 0.004767 0.001960992 0.05002194 0.004734992 0.001938998 0.05004996 0.004642963 0.001928985 0.05006295 0.004597961 0.001673996 0.05050897 0.004089951 0.001654982 0.05055499 0.004066944 0.001444995 0.05035597 0.004092991 0.001198947 0.05091696 0.003912985 0.001157999 0.05092895 0.003890991 9.32e-4 0.05025696 0.003917992 0.001764953 0.05031996 0.004216969 0.001717984 0.05040395 0.004142999 0.001580953 0.050246 0.004195988 0.001642942 0.05058497 0.004051983 0.001627981 0.05064594 0.004035949 0.001457989 0.05049496 0.004046976 3.82e-4 0.04925996 0.003886997 4.94e-4 0.04939699 0.003949999 5.61e-4 0.04969996 0.003839969 5.82e-4 0.04959696 0.003923952 6.65e-4 0.04979497 0.003900945 7.2e-4 0.05012899 0.003806948 9.9e-4 0.050987 0.003775 7.59e-4 0.05055898 0.003733992 9.11e-4 0.05101895 0.003706991 8.19e-4 0.05018496 0.00386697 0.001062989 0.05095696 0.003837943 0.001001 0.05098199 0.003783941 9.41e-4 0.05004894 0.003999948 0.00111097 0.05019497 0.004032969 0.001197993 0.05043697 0.003992974 0.001337945 0.05053496 0.004010975 0.001387953 0.05071598 0.003990948 0.001515984 0.05089199 0.003995954 0.001436948 0.050888 0.003983974 0.001435995 0.050888 0.003983974 0.001385986 0.05088597 0.003975987 0.001248955 0.050906 0.003933966 0.001274943 0.05066895 0.003971993 0.001162946 0.05062896 0.003940999 0.001058995 0.05034297 0.00396198 0.001608967 0.05072396 0.004015982 0.001474976 0.05063498 0.004016995 0.001607954 0.05073499 0.004014968 0.001607954 0.05073696 0.004013955 0.00160396 0.05082899 0.004002988 0.001769959 0.05030995 0.004225969 0.00160098 0.05015999 0.00426799 0.001432955 0.05001097 0.004303991 0.001266956 0.04985797 0.004329979 0.001103997 0.049703 0.004345953 0.001690983 0.05046898 0.004109978 0.001562952 0.05034595 0.004131972 0.001431941 0.050107 0.004224956 0.001435995 0.05022394 0.004152953 0.001283943 0.04996597 0.004245996 8.51e-4 0.04953199 0.00425595 0.001136958 0.04982197 0.00425899 0.001179993 0.04997396 0.004175961 0.001307964 0.05009996 0.004167973 0.001203954 0.05005997 0.004137992 0.001230955 0.05015295 0.004103958 0.001284956 0.050345 0.004047989 0.001017987 0.04995 0.004092991 9.71e-4 0.04983097 0.004129946 9.28e-4 0.04972195 0.00417 -1.96e-4 0.04775899 0.003990948 5e-5 0.04841196 0.004142999 7.9e-4 0.04938495 0.004343986 4.93e-4 0.04906398 0.004295945 -3.6e-5 0.04821497 0.003933966 2.03e-4 0.04883295 0.003942966 1.27e-4 0.04867994 0.003874957 2.95e-4 0.04915797 0.003814995 4.54e-4 0.04963696 0.003786981 6.08e-4 0.05010098 0.00375998 4.1e-5 0.04844397 0.004001975 1.75e-4 0.04869097 0.004076957 3.24e-4 0.04901796 0.004010975 3.49e-4 0.04895895 0.004146993 4.06e-4 0.04920095 0.00397998 2.43e-4 0.04873996 0.004221975 3.6e-4 0.04890298 0.004259943 4.56e-4 0.04909998 0.004180967 5.78e-4 0.04924196 0.004212975 6.29e-4 0.04935097 0.004170954 6.85e-4 0.04947197 0.004130959 7.46e-4 0.04960495 0.004092991 8.12e-4 0.04974997 0.00405699 8.78e-4 0.04989999 0.004025995 0.001602947 0.050834 0.004002988 0.001220941 0.05090999 0.003924965 7.91e-4 0.04991298 0.003953993 7.14e-4 0.04973798 0.003977954 6.34e-4 0.04956197 0.004006981 5.55e-4 0.04939097 0.004038989 4.8e-4 0.04923295 0.004073977 4.12e-4 0.04908996 0.004109978 7.31e-4 0.05111896 0.003399968 7.14e-4 0.05112999 0.00335896 4.3e-4 0.05010896 0.003385961 4.03e-4 0.04958897 0.003690958 3.49e-4 0.049573 0.003602981 1.8e-4 0.04906296 0.003640949 6.97e-4 0.05114096 0.003316998 6.71e-4 0.051162 0.003172993 3.95e-4 0.05016595 0.003190994 5.07e-4 0.05007296 0.003573954 5.64e-4 0.05007296 0.00365895 8.43e-4 0.05105495 0.003609955 1.5e-5 0.04856896 0.003682971 -1.29e-4 0.04811495 0.003720998 6.54e-4 0.05117499 0.003078997 6.7e-4 0.05116295 0.00316596 2.81e-4 0.04959797 0.003403961 1.16e-4 0.04916197 0.003208994 1.25e-4 0.04908299 0.003425955 -1.56e-4 0.04812395 0.003467977 -3.77e-4 0.04731196 0.003484964 -3.66e-4 0.04730898 0.003775 6.54e-4 0.05057299 0.003552973 7.94e-4 0.05107998 0.003540992 7.82e-4 0.05108594 0.003523945 -8.78e-4 0.04499095 0.003602981 -7.7e-4 0.04551798 0.003640949 -7.98e-4 0.04553496 0.003539979 -0.001016974 0.04393297 0.003733992 -9.19e-4 0.04440498 0.00375998 -9.43e-4 0.04445099 0.00365895 -7.18e-4 0.04537796 0.003814995 -8.39e-4 0.04495096 0.003690958 -8.2e-4 0.04488295 0.003786981 -9.92e-4 0.04447895 0.003573954 -0.001036942 0.04448997 0.003482997 -0.001076996 0.04448699 0.003385961 -5.92e-4 0.04649895 0.003467977 -6.66e-4 0.04602795 0.003682971 -5.64e-4 0.04649299 0.003720998 -6.24e-4 0.04587596 0.003874957 -5.33e-4 0.04635995 0.003933966 -0.001414954 0.043455 0.003080964 -0.001339972 0.04346597 0.003357946 -0.001368999 0.04346597 0.003297984 -0.001134991 0.04445499 0.003190994 -0.001394987 0.04345899 0.003173947 -0.001396954 0.04345899 0.00316596 -0.001320958 0.04346698 0.003399968 -0.001265943 0.04346799 0.003516972 -0.001246988 0.04346597 0.003540992 -0.001191973 0.04346299 0.003609955 -0.001180946 0.04346197 0.003622949 -0.001114964 0.04345798 0.003706991 -8.75e-4 0.04546397 0.003208994 -8.27e-4 0.04552799 0.003425955 0.006226956 0.04143899 0.003399968 0.006243944 0.04142796 0.00335896 0.00652796 0.04244899 0.003385961 0.006554961 0.04296898 0.003690958 0.006608963 0.04298496 0.003602981 0.006777942 0.04349499 0.003640949 0.006260991 0.041417 0.003316998 0.006286978 0.04139697 0.003172993 0.006562948 0.04239195 0.003190994 0.006450951 0.04248499 0.003573954 0.006394982 0.04248499 0.00365895 0.006350994 0.04245698 0.00375998 0.006503999 0.04292094 0.003786981 0.006198942 0.04199898 0.003733992 0.00604695 0.04153895 0.003706991 0.006114959 0.04150295 0.003609955 0.006662964 0.043401 0.003814995 0.00683099 0.04387795 0.003874957 0.006943941 0.043989 0.003682971 0.006993949 0.04434299 0.003933966 0.007087945 0.04444295 0.003720998 0.007154941 0.04479897 0.003990948 0.006303966 0.04138296 0.003078997 0.006288945 0.04139494 0.00316596 0.006677985 0.04295998 0.003403961 0.006841957 0.04339599 0.003208994 0.006832957 0.04347497 0.003425955 0.007114946 0.04443395 0.003467977 0.007334947 0.045246 0.003484964 0.00732398 0.04524898 0.003775 0.006303966 0.04198497 0.003552973 0.006164968 0.04147797 0.003540992 0.006175994 0.04147195 0.003523945 0.007313966 0.04525196 0.004047989 0.007835984 0.04756695 0.003602981 0.00772798 0.04704099 0.003640949 0.007755994 0.04702299 0.003539979 0.007675945 0.04717999 0.003814995 0.007796943 0.047607 0.003690958 0.007777988 0.04767495 0.003786981 0.007876992 0.04815298 0.00375998 0.007900953 0.04810696 0.00365895 0.007974982 0.04862499 0.003733992 0.008141994 0.04909598 0.003631949 0.008072972 0.04909998 0.003706991 0.007949948 0.04807895 0.003573954 0.007994949 0.04806798 0.003482997 0.008034944 0.04807096 0.003385961 0.007549941 0.04605895 0.003467977 0.00762397 0.04652994 0.003682971 0.007521986 0.04606497 0.003720998 0.007581949 0.046682 0.003874957 0.007490992 0.04619795 0.003933966 0.008296966 0.04909795 0.003357946 0.008351981 0.04910296 0.003208994 0.008093953 0.04810297 0.003190994 0.008355975 0.04910296 0.00317496 0.008356988 0.04910397 0.003166973 0.008280992 0.04909598 0.003401994 0.008268952 0.04909497 0.003434956 0.008201956 0.04909497 0.003538966 0.008153975 0.04909598 0.003612995 0.008143961 0.04909598 0.003626942 0.007832944 0.04709398 0.003208994 0.007784962 0.04702997 0.003425955 0.007507979 0.04720997 0.004180967 0.007529973 0.04703497 0.004146993 0.007552981 0.04733794 0.004073977 0.007481992 0.04605495 0.004061996 0.007402956 0.04571199 0.004127979 0.007482945 0.04612594 0.004199981 0.007975995 0.04911398 0.003782987 0.007903993 0.049124 0.003839969 0.007811963 0.04873299 0.003847956 0.007045984 0.04870098 0.00426799 0.006973981 0.04891598 0.004225969 0.006900966 0.04887098 0.004292964 0.007183969 0.04827296 0.004329979 0.007247984 0.04805696 0.004345953 0.007278978 0.048177 0.00425899 0.007333993 0.04751294 0.004398941 0.00743699 0.04705697 0.00435996 0.007457971 0.04719799 0.004295945 0.007472991 0.04739499 0.004212975 0.007381975 0.047782 0.00425595 0.007361948 0.04762399 0.004343986 0.00721997 0.04796898 0.004419982 0.007248997 0.04788696 0.004431962 0.007140994 0.04819297 0.004388988 0.007060945 0.04841798 0.00435698 0.00722295 0.04837399 0.004245996 0.007116973 0.04848796 0.004303991 0.006980955 0.04864495 0.004324972 0.00731796 0.04832899 0.004175961 0.007296979 0.04824894 0.004215955 0.007409989 0.04798495 0.00417 0.007494986 0.04764699 0.004130959 0.00752896 0.04748696 0.004102945 0.007165968 0.04857099 0.004224956 0.007426977 0.04810094 0.004129946 0.007362961 0.04850995 0.004103958 0.007339954 0.04841697 0.004137992 0.007278978 0.048792 0.004092991 0.007220983 0.04867398 0.004152953 0.007192969 0.04861998 0.004187941 0.007058978 0.04896795 0.004146993 0.007106959 0.04876595 0.004195988 0.007045984 0.04895997 0.004159986 0.006983995 0.048922 0.004216969 0.007487952 0.04848694 0.004032969 0.007445991 0.04822695 0.004092991 0.007508993 0.04779297 0.004092991 0.007606983 0.04858899 0.00396198 0.007533967 0.04873895 0.003992974 0.007411956 0.04870295 0.004047989 0.007337987 0.04891997 0.004046976 0.007261991 0.04913896 0.004036962 0.007461965 0.04889398 0.004010975 0.007551968 0.04924899 0.003983974 0.007392942 0.04904997 0.004016995 0.007481992 0.04929494 0.003995954 0.007475972 0.04930096 0.003995954 0.00732696 0.04920595 0.004013955 0.007324993 0.049205 0.004014968 0.007771968 0.04915696 0.003911972 0.007723987 0.049169 0.003935992 0.007659971 0.04888796 0.003940999 0.007635951 0.04920697 0.003962993 0.007582962 0.04897898 0.003971993 0.007582962 0.04922896 0.003978967 0.007552981 0.04924899 0.003983974 0.007524967 0.04795098 0.00405699 0.007557988 0.04781997 0.004032969 0.007602989 0.04789197 0.003977954 0.007792949 0.04823297 0.003806948 0.007673978 0.04791694 0.003900945 0.007716953 0.047782 0.003839969 0.007646977 0.04770398 0.003923952 0.007650971 0.04731196 0.003886997 0.007883965 0.04867398 0.003786981 0.007735967 0.04833197 0.00386697 0.007673978 0.04845094 0.003917992 0.007624983 0.04808199 0.003953993 0.007561981 0.04827594 0.003999948 0.007542967 0.048114 0.004025995 0.007592976 0.04685294 0.003942966 0.007538974 0.04643499 0.004001975 0.007514953 0.04641199 0.004142999 0.007545948 0.04671597 0.004076957 0.007492959 0.046992 0.004259943 0.007474958 0.04689097 0.004345953 0.007511973 0.04679197 0.004221975 0.007477998 0.04660898 0.004291951 0.007482945 0.04616099 0.004206955 0.007580995 0.04707396 0.004010975 0.007622957 0.04748594 0.003949999 0.007569968 0.04719996 0.004042983 0.007605969 0.04758799 0.003978967 0.007583975 0.04769897 0.004006981 0.007387995 0.04930198 0.004001975 0.00733 0.04920995 0.004012942 0.007212996 0.049088 0.004054963 0.007154941 0.04904299 0.004089951 0.007120966 0.04901599 0.004110991 0.007082998 0.04898697 0.004132986 0.007885992 0.04912698 0.003853976 0.00773698 0.04880398 0.003899991 0.007482945 0.04644399 0.004450976 0.00743997 0.04691296 0.004518985 0.00743395 0.04689395 0.004679977 0.007475972 0.04641896 0.004637956 0.007459998 0.04598295 0.004601955 0.007464945 0.04600995 0.004388988 0.007083952 0.04811298 0.004638969 0.007178962 0.04787397 0.004648983 0.007191956 0.04788696 0.004576981 0.00732696 0.047387 0.004711985 0.007150948 0.04787695 0.00485295 0.006936967 0.04833298 0.004770994 0.006924986 0.04832899 0.004845976 0.00742495 0.04692995 0.004834949 0.007442951 0.046965 0.004444956 0.007340967 0.04744094 0.004496991 0.007205963 0.04791694 0.004503965 0.007103979 0.04812598 0.004565 0.007125973 0.04815298 0.004489958 0.006843984 0.04884099 0.004363 0.006941974 0.04861396 0.004423975 0.006977975 0.04834496 0.004619956 0.007005989 0.04835999 0.004541993 0.007037997 0.04838597 0.004462957 0.006837964 0.04883795 0.004372954 0.006829977 0.04883396 0.004386961 0.006897985 0.04858797 0.004505991 0.00733596 0.04740196 0.004568994 0.007166981 0.04787296 0.004718959 0.006954967 0.04833799 0.004695951 0.007488965 0.04650497 0.00436896 0.007319986 0.04524999 0.004309952 0.00732696 0.04524797 0.004566967 0.006699979 0.04876995 0.004642963 0.006669998 0.04875797 0.004735946 0.006649971 0.04875099 0.004796981 0.00664699 0.04874998 0.004825949 0.006645977 0.04874998 0.004832983 0.006786942 0.04881197 0.004462957 0.006736993 0.04878598 0.004550993 0.006860971 0.04857099 0.004589974 0.00672096 0.04877799 0.004577994 0.005261957 0.04260396 0.004589974 0.005475997 0.04273998 0.004619956 0.005459964 0.04275798 0.004695951 0.004986941 0.04255294 0.004833996 0.004987955 0.04255199 0.004826962 0.00543797 0.04278099 0.004845976 0.007074952 0.04454499 0.004601955 0.006632983 0.043751 0.004345953 0.006776988 0.04399394 0.004291951 0.006838977 0.04407894 0.00436896 0.005859971 0.04305899 0.00485295 0.005875945 0.04305499 0.004718959 0.006595969 0.043769 0.004679977 0.00544697 0.04277098 0.004770994 0.005047976 0.04247599 0.004550993 0.005065977 0.04245096 0.004481971 0.005104959 0.04238796 0.004389941 0.005110979 0.04237997 0.004376947 0.005309998 0.04252499 0.004423975 0.00514698 0.04232299 0.004292964 0.005328953 0.04247897 0.004324972 0.005511999 0.04263496 0.00435698 0.005507946 0.04267495 0.004462957 0.005700945 0.04283195 0.004489958 0.005692958 0.04279094 0.004388988 0.005887985 0.042997 0.004503965 0.005284965 0.04256999 0.004505991 0.005492985 0.04271399 0.004541993 0.005684971 0.04288899 0.004638969 0.006869971 0.04415899 0.004637956 0.005872964 0.04294496 0.004419982 0.00593996 0.04300194 0.004431962 0.00624299 0.04334098 0.004496991 0.006199955 0.04328298 0.004398941 0.006568968 0.04370296 0.004444956 0.006517946 0.04362595 0.00435996 0.007022976 0.04440999 0.004199981 0.007064998 0.04451894 0.004388988 0.007004976 0.04437994 0.004206955 0.006863951 0.04413396 0.004450976 0.006591975 0.04374998 0.004518985 0.006599962 0.043769 0.004596948 0.006257951 0.04337799 0.004568994 0.006261944 0.04339396 0.004639983 0.005889952 0.04302996 0.004576981 0.005884945 0.04304796 0.004648983 0.005694985 0.042867 0.004565 0.004973948 0.04256498 0.004918992 0.005001962 0.04253798 0.004734992 0.005006968 0.04253298 0.004701972 0.005022943 0.04251098 0.004643976 0.005034983 0.04249495 0.004599988 -0.01328396 -0.002449989 0.003258943 -0.01260095 -0.002266943 0.003965973 -0.02163195 0.028705 0.003258943 -0.013188 -0.002423942 0.003499984 -0.02153599 0.02872997 0.003499984 -0.01303398 -0.002382993 0.003706991 -0.02138197 0.02877199 0.003706991 -0.01283395 -0.002328991 0.003865957 -0.021182 0.02882498 0.003865957 -0.020949 0.02888798 0.003965973 -0.02176696 0.02973097 0.003258943 -0.02173399 0.02921295 0.003258943 -0.02166795 0.02973097 0.003499984 -0.02163398 0.029226 0.003499984 -0.02150899 0.02973097 0.003706991 -0.02147698 0.02924698 0.003706991 -0.02130198 0.02973097 0.003865957 -0.021272 0.02927398 0.003865957 -0.02105998 0.02973097 0.003965973 -0.02103197 0.02930599 0.003965973 -0.01226097 -0.004230976 0.003221988 -0.01270198 -0.003697991 0.003258943 -0.01225799 -0.004227995 0.003258943 -0.01220798 -0.004176974 0.003430962 -0.01262098 -0.003640949 0.003499984 -0.012187 -0.004156947 0.003499984 -0.01212298 -0.004092991 0.003617942 -0.01248997 -0.003549993 0.003706991 -0.01207494 -0.00404495 0.003706991 -0.012012 -0.003981947 0.003775 -0.01232099 -0.003430962 0.003865957 -0.01304799 -0.003099977 0.003258943 -0.01295799 -0.003056943 0.003499984 -0.01281297 -0.002989947 0.003706991 -0.01262599 -0.002902984 0.003865957 -0.012407 -0.002800941 0.003965973 -0.01212298 -0.003292977 0.003965973 -0.01192897 -0.003897964 0.003865957 -0.01187998 -0.003849983 0.003894984 -0.01175796 -0.003727972 0.003965973 -0.01173198 -0.003701984 0.00397098 -0.02105998 0.04026895 0.003965973 -0.02130198 0.04026895 0.003865957 -0.02150899 0.04026895 0.003706991 -0.02166795 0.04026895 0.003499984 -0.02176696 0.04026895 0.003258943 -0.005105972 -0.01138597 0.003221988 -0.004576981 -0.01085698 0.00397098 -0.004602968 -0.01088297 0.003965973 -0.004724979 -0.01100498 0.003894984 -0.004772961 -0.01105296 0.003865957 -0.004856944 -0.01113694 0.003775 -0.004919946 -0.01119995 0.003706991 -0.004967987 -0.01124799 0.003617942 -0.005031943 -0.01131194 0.003499984 -0.00505197 -0.01133197 0.003430962 -0.005102992 -0.01138299 0.003258943 -0.02163195 0.04129499 0.003258943 -0.02173399 0.04078698 0.003258943 -0.02153599 0.04126995 0.003499984 -0.02163398 0.04077398 0.003499984 -0.02138197 0.04122799 0.003706991 -0.02147698 0.04075294 0.003706991 -0.021182 0.04117494 0.003865957 -0.021272 0.04072594 0.003865957 -0.020949 0.04111194 0.003965973 -0.02103197 0.04069399 0.003965973 -0.00209099 -0.01253896 0.003258943 -0.003719985 -0.012281 0.003258943 -0.004458963 -0.01190495 0.003258943 -0.004403948 -0.01182097 0.003499984 -0.004317998 -0.01168799 0.003706991 -0.004204988 -0.01151394 0.003865957 -0.004073977 -0.01131194 0.003965973 -0.003683984 -0.01218795 0.003499984 -0.003626942 -0.01203894 0.003706991 -0.003552973 -0.01184594 0.003865957 -0.00346595 -0.01162099 0.003965973 -0.002918958 -0.01249599 0.003258943 -0.002902984 -0.01239699 0.003499984 -0.002878963 -0.01223999 0.003706991 -0.002845942 -0.01203495 0.003865957 -0.002807974 -0.01179695 0.003965973 -0.002095997 -0.01243895 0.003499984 -0.002104997 -0.012281 0.003706991 -0.002114951 -0.01207399 0.003865957 -0.002127945 -0.01183295 0.003965973 -0.001271963 -0.01240897 0.003258943 -0.00129795 -0.01231294 0.003499984 -0.001338958 -0.01215898 0.003706991 -0.00139296 -0.01195895 0.003865957 -0.001454949 -0.01172596 0.003965973 -0.01260095 0.07226699 0.003965973 -0.01328396 0.07244998 0.003258943 -0.013188 0.07242399 0.003499984 -0.01303398 0.07238298 0.003706991 -0.01283395 0.07232898 0.003865957 0.007308959 -0.01011896 0.003222942 0.007305979 -0.01010799 0.003257989 0.007289946 -0.01004797 0.003433942 0.007278978 -0.01001 0.003496944 0.007258951 -0.009932994 0.003622949 0.00723797 -0.009855985 0.003702998 0.007217943 -0.009779989 0.003781974 0.007113993 -0.009392976 0.003974974 0.007122993 -0.009426951 0.003962993 0.007184982 -0.009657979 0.00386095 0.007168948 -0.009596943 0.003900945 -0.012407 0.07280099 0.003965973 -0.01304799 0.07309997 0.003258943 -0.01270198 0.07369798 0.003258943 -0.01225799 0.07422798 0.003258943 -0.01226097 0.07423096 0.003221988 -0.01220798 0.07417696 0.003430962 -0.01262098 0.073641 0.003499984 -0.012187 0.07415699 0.003499984 -0.01212298 0.07409298 0.003617942 -0.01248997 0.07354998 0.003706991 -0.01207494 0.074045 0.003706991 -0.012012 0.073982 0.003775 -0.01232099 0.07343095 0.003865957 -0.01192897 0.07389795 0.003865957 -0.01187998 0.07384997 0.003894984 -0.01212298 0.07329297 0.003965973 -0.01175796 0.07372796 0.003965973 -0.01173198 0.07370197 0.00397098 -0.01262599 0.07290297 0.003865957 -0.01281297 0.07299 0.003706991 -0.01295799 0.07305699 0.003499984 0.009821951 -0.008084952 0.003222942 0.008084952 -0.009821951 0.003222942 0.008050978 -0.009755969 0.003433942 0.01011896 -0.007308959 0.003222942 0.01010799 -0.007305979 0.003257989 0.009755969 -0.008050978 0.003433942 0.007996976 -0.009649991 0.003622949 0.01004797 -0.007289946 0.003433942 0.01001 -0.007278978 0.003496944 0.009649991 -0.007996976 0.003622949 0.007924973 -0.009508967 0.003781974 0.009932994 -0.007258951 0.003622949 0.009855985 -0.00723797 0.003702998 0.009508967 -0.007924973 0.003781974 0.007838964 -0.009339988 0.003900945 0.008780956 -0.009368956 0.003222942 0.008735001 -0.009311974 0.003433942 0.008659958 -0.00921899 0.003622949 0.008559942 -0.009095966 0.003781974 0.008440971 -0.008948981 0.003900945 0.009368956 -0.008780956 0.003222942 0.009311974 -0.008735001 0.003433942 0.00921899 -0.008659958 0.003622949 0.009095966 -0.008559942 0.003781974 0.008948981 -0.008440971 0.003900945 0.009339988 -0.007838964 0.003900945 0.007742941 -0.009150981 0.003974974 0.009779989 -0.007217943 0.003781974 0.009657979 -0.007184982 0.00386095 0.009596943 -0.007168948 0.003900945 0.009426951 -0.007122993 0.003962993 0.008307993 -0.008783996 0.003974974 0.008783996 -0.008307993 0.003974974 0.009150981 -0.007742941 0.003974974 0.009392976 -0.007113993 0.003974974 -0.004576981 0.08085697 0.00397098 -0.004602968 0.08088296 0.003965973 -0.004724979 0.08100497 0.003894984 -0.004772961 0.08105295 0.003865957 -0.004856944 0.081137 0.003775 -0.004919946 0.0812 0.003706991 -0.004967987 0.08124798 0.003617942 -0.005031943 0.081312 0.003499984 -0.00505197 0.08133196 0.003430962 -0.005102992 0.08138298 0.003258943 -0.005105972 0.08138597 0.003221988 0.01263296 0.002492964 0.003499984 0.01273 0.002467989 0.003258943 0.01247996 0.002534985 0.003706991 0.01227998 0.002587974 0.003865957 0.01204699 0.002650976 0.003965973 -0.004073977 0.081312 0.003965973 -0.001270949 0.08241397 0.003221988 -0.00209099 0.08253896 0.003258943 -0.001271963 0.08240896 0.003258943 -0.003719985 0.08228099 0.003258943 -0.004458963 0.081905 0.003258943 -0.001290977 0.08234 0.003430962 -0.002095997 0.082439 0.003499984 -0.00129795 0.082313 0.003499984 -0.004403948 0.08182096 0.003499984 -0.001321971 0.08222496 0.003617942 -0.002104997 0.08228099 0.003706991 -0.001338958 0.08215898 0.003706991 -0.004317998 0.08168798 0.003706991 -0.001361966 0.08207398 0.003775 -0.002114951 0.08207398 0.003865957 -0.00139296 0.081959 0.003865957 -0.004204988 0.081514 0.003865957 -0.001410961 0.08189296 0.003894984 -0.002127945 0.081833 0.003965973 -0.001454949 0.08172595 0.003965973 -0.001464962 0.08169096 0.00397098 -0.002918958 0.08249598 0.003258943 -0.002902984 0.08239698 0.003499984 -0.002878963 0.08223998 0.003706991 -0.002845942 0.082035 0.003865957 -0.002807974 0.081797 0.003965973 -0.003683984 0.08218801 0.003499984 -0.003626942 0.08203899 0.003706991 -0.003552973 0.08184599 0.003865957 -0.00346595 0.08162099 0.003965973 0.01284998 0.003839969 0.003258943 0.01284998 0.003147959 0.003258943 0.01274996 0.00315696 0.003499984 0.01259195 0.003170967 0.003706991 0.01238596 0.003188967 0.003865957 0.01214498 0.003209948 0.003965973 0.01274996 0.003830969 0.003499984 0.01259195 0.003816962 0.003706991 0.01238596 0.003798961 0.003865957 0.01214498 0.00377798 0.003965973 0.01273 0.004520952 0.003258943 0.01263296 0.004494965 0.003499984 0.01247996 0.004453957 0.003706991 0.01227998 0.004399955 0.003865957 0.01204699 0.004337966 0.003965973 0.007289946 0.08004796 0.003433942 0.007308959 0.08011895 0.003222942 0.007258951 0.07993298 0.003622949 0.007217943 0.07977998 0.003781974 0.007168948 0.07959699 0.003900945 0.007113993 0.07939296 0.003974974 0.006253957 0.028687 0.003258943 0.005570948 0.02850395 0.003965973 0.006157994 0.02866095 0.003499984 0.006003975 0.02862 0.003706991 0.005803942 0.028566 0.003865957 0.01011896 0.07730895 0.003222942 0.009821951 0.078085 0.003222942 0.01004797 0.07728999 0.003433942 0.009755969 0.07805097 0.003433942 0.009932994 0.077259 0.003622949 0.009649991 0.07799696 0.003622949 0.009779989 0.07721799 0.003781974 0.009508967 0.07792496 0.003781974 0.009596943 0.077169 0.003900945 0.009339988 0.07783895 0.003900945 0.009392976 0.07711398 0.003974974 0.009150981 0.07774299 0.003974974 0.009368956 0.078781 0.003222942 0.009311974 0.07873499 0.003433942 0.00921899 0.07865995 0.003622949 0.009095966 0.07855999 0.003781974 0.008948981 0.07844096 0.003900945 0.008783996 0.07830798 0.003974974 0.008780956 0.079369 0.003222942 0.008735001 0.07931196 0.003433942 0.008659958 0.07921898 0.003622949 0.008559942 0.07909595 0.003781974 0.008440971 0.07894897 0.003900945 0.008307993 0.07878398 0.003974974 0.008084952 0.079822 0.003222942 0.008050978 0.07975596 0.003433942 0.007996976 0.07964998 0.003622949 0.007924973 0.07950896 0.003781974 0.007838964 0.07933998 0.003900945 0.007742941 0.07915097 0.003974974 0.005409955 0.02973097 0.003965973 0.00544995 0.02911198 0.003965973 0.005650997 0.02973097 0.003865957 0.005688965 0.02914398 0.003865957 0.005857944 0.02973097 0.003706991 0.005894958 0.02917098 0.003706991 0.006016969 0.02973097 0.003499984 0.006051957 0.02919095 0.003499984 0.006116986 0.02973097 0.003258943 0.00615096 0.02920496 0.003258943 0.01201099 0.06733995 0.00397098 0.01273399 0.06753396 0.003221988 0.01273 0.067532 0.003258943 0.01266098 0.067514 0.003430962 0.01263296 0.06750696 0.003499984 0.01254498 0.067483 0.003617942 0.01247996 0.067465 0.003706991 0.01239395 0.06744199 0.003775 0.01227998 0.06741195 0.003865957 0.01221299 0.06739395 0.003894984 0.01204699 0.06734895 0.003965973 -0.006399989 0.06111496 3.4e-5 -0.006767988 0.06131798 3.4e-5 -0.006540954 0.06091898 1.34e-4 -0.006857991 0.06109398 1.34e-4 -0.006661951 0.06075096 2.93e-4 -0.006935 0.06090199 2.93e-4 -0.006754994 0.06062197 5e-4 -0.006994962 0.060754 5e-4 -0.006813943 0.06054097 7.41e-4 -0.007031977 0.06066197 7.41e-4 -0.00704497 0.06062996 0.000999987 -0.007277965 0.06069195 0.000999987 -0.007272958 0.06072598 7.41e-4 -0.007518947 0.06069695 0.000999987 -0.007521986 0.06073099 7.41e-4 -0.007753968 0.06064397 0.000999987 -0.007764995 0.06067597 7.41e-4 -0.007968962 0.06053698 0.000999987 -0.007987976 0.06056499 7.41e-4 -0.008152961 0.06037998 0.000999987 -0.008177995 0.06040298 7.41e-4 -0.008293986 0.06018495 0.000999987 -0.008323967 0.06020098 7.41e-4 -0.00841695 0.05996996 7.41e-4 -0.007258951 0.06082499 5e-4 -0.007532 0.06082999 5e-4 -0.007798969 0.06076997 5e-4 -0.008042991 0.06064796 5e-4 -0.008250951 0.06047099 5e-4 -0.00841099 0.06024897 5e-4 -0.008512973 0.05999594 5e-4 -0.007235944 0.06098198 2.93e-4 -0.007547974 0.06098896 2.93e-4 -0.007851958 0.06092 2.93e-4 -0.008130967 0.060781 2.93e-4 -0.008367955 0.060579 2.93e-4 -0.008549988 0.06032598 2.93e-4 -0.008666992 0.06003695 2.93e-4 -0.007206976 0.06118696 1.34e-4 -0.007568955 0.06119495 1.34e-4 -0.007921993 0.06111496 1.34e-4 -0.008244991 0.06095397 1.34e-4 -0.00852096 0.06071895 1.34e-4 -0.008731961 0.06042599 1.34e-4 -0.008866965 0.06009 1.34e-4 -0.007172942 0.06142598 3.4e-5 -0.007592976 0.06143498 3.4e-5 -0.008002996 0.061342 3.4e-5 -0.008377969 0.06115496 3.4e-5 -0.008697986 0.06088298 3.4e-5 -0.008942961 0.06054198 3.4e-5 -0.00909996 0.06015294 3.4e-5 -0.008293986 0.06018495 0.002999961 -0.008152961 0.06037998 0.002999961 -0.007968962 0.06053698 0.002999961 -0.007753968 0.06064397 0.002999961 -0.007518947 0.06069695 0.002999961 -0.007277965 0.06069195 0.002999961 -0.00704497 0.06062996 0.002999961 -0.01342797 0.04126697 7.41e-4 -0.01352494 0.04129296 5e-4 -0.01367795 0.04133397 2.93e-4 -0.01387798 0.04138797 1.34e-4 -0.01411098 0.04144996 3.4e-5 0.006116986 0.04026895 0.003258943 0.006016969 0.04026895 0.003499984 0.005857944 0.04026895 0.003706991 0.005650997 0.04026895 0.003865957 0.005409955 0.04026895 0.003965973 0.01274096 0.065476 0.00316596 0.01284998 0.06615996 0.003258943 0.01284998 0.06685197 0.003258943 0.01274996 0.06616896 0.003499984 0.01267296 0.06549495 0.003399968 0.01273 0.06547898 0.003258943 0.01274996 0.06684297 0.003499984 0.01259195 0.06618297 0.003706991 0.01255196 0.06552696 0.003608942 0.01263296 0.06550496 0.003499984 0.01259195 0.06682896 0.003706991 0.01238596 0.06620097 0.003865957 0.01238495 0.06557196 0.003781974 0.01247996 0.06554597 0.003706991 0.01238596 0.06681096 0.003865957 0.01195698 0.06568598 0.003977954 0.01204699 0.06566196 0.003965973 0.01214498 0.06622195 0.003965973 0.01218295 0.06562596 0.003906965 0.01227998 0.06559997 0.003865957 0.01214498 0.06678998 0.003965973 0.005481958 0.04151999 0.003977954 0.00544995 0.04088795 0.003965973 0.005570948 0.04149597 0.003965973 0.005707979 0.04145896 0.003906965 0.005688965 0.040856 0.003865957 0.005803942 0.04143399 0.003865957 0.005909979 0.04140496 0.003781974 0.005894958 0.040829 0.003706991 0.006003975 0.04137998 0.003706991 0.006076991 0.04136097 0.003608942 0.006051957 0.04080897 0.003499984 0.006157994 0.04133898 0.003499984 0.006197988 0.04132795 0.003399968 0.00615096 0.04079496 0.003258943 0.006253957 0.04131299 0.003258943 0.006265997 0.04130995 0.00316596 -0.003824949 0.05898797 7.41e-4 -0.003592967 0.05965596 3.4e-5 -4.85e-4 0.05906099 3.4e-5 0.001096963 0.05914199 2.9e-5 0.001099944 0.05910497 3.4e-5 0.001117944 0.05893397 1.05e-4 -4.96e-4 0.05881994 1.34e-4 0.001124978 0.05886495 1.34e-4 0.001135945 0.05874794 2.25e-4 -5.05e-4 0.058613 2.93e-4 0.001144945 0.05865895 2.93e-4 0.001151978 0.05859196 3.82e-4 -5.12e-4 0.05845397 5e-4 -0.00504899 0.06028395 3.4e-5 -0.005160987 0.06006997 1.34e-4 -0.003671944 0.05942797 1.34e-4 -0.005255997 0.05988597 2.93e-4 -0.003739953 0.05923295 2.93e-4 -0.005329966 0.05974495 5e-4 -0.003791987 0.05908197 5e-4 -0.005375981 0.05965596 7.41e-4 -0.002060949 0.05924499 3.4e-5 -0.002105951 0.05900895 1.34e-4 -0.002144992 0.05880498 2.93e-4 -0.002174973 0.058649 5e-4 -0.002193987 0.05855095 7.41e-4 -5.17e-4 0.05835396 7.41e-4 0.001160979 0.058501 5e-4 0.001163959 0.05847299 5.69e-4 0.001170992 0.058402 7.41e-4 0.001171946 0.05839699 7.78e-4 -0.006813943 0.06054097 0.003258943 -0.007031977 0.06066197 0.003258943 -0.006754994 0.06062197 0.003499984 -0.006994962 0.060754 0.003499984 -0.006661951 0.06075096 0.003706991 -0.006935 0.06090199 0.003706991 -0.006540954 0.06091898 0.003865957 -0.006857991 0.06109398 0.003865957 -0.006399989 0.06111496 0.003965973 -0.006767988 0.06131798 0.003965973 -0.007172942 0.06142598 0.003965973 -0.007592976 0.06143498 0.003965973 -0.008002996 0.061342 0.003965973 -0.008377969 0.06115496 0.003965973 -0.008697986 0.06088298 0.003965973 -0.008942961 0.06054198 0.003965973 -0.00909996 0.06015294 0.003965973 -0.007206976 0.06118696 0.003865957 -0.007568955 0.06119495 0.003865957 -0.007921993 0.06111496 0.003865957 -0.008244991 0.06095397 0.003865957 -0.00852096 0.06071895 0.003865957 -0.008731961 0.06042599 0.003865957 -0.008866965 0.06009 0.003865957 -0.007235944 0.06098198 0.003706991 -0.007547974 0.06098896 0.003706991 -0.007851958 0.06092 0.003706991 -0.008130967 0.060781 0.003706991 -0.008367955 0.060579 0.003706991 -0.008549988 0.06032598 0.003706991 -0.008666992 0.06003695 0.003706991 -0.007258951 0.06082499 0.003499984 -0.007532 0.06082999 0.003499984 -0.007798969 0.06076997 0.003499984 -0.008042991 0.06064796 0.003499984 -0.008250951 0.06047099 0.003499984 -0.00841099 0.06024897 0.003499984 -0.008512973 0.05999594 0.003499984 -0.007272958 0.06072598 0.003258943 -0.007521986 0.06073099 0.003258943 -0.007764995 0.06067597 0.003258943 -0.007987976 0.06056499 0.003258943 -0.008177995 0.06040298 0.003258943 -0.008323967 0.06020098 0.003258943 -0.00841695 0.05996996 0.003258943 -0.01416999 0.04101896 3.4e-5 -0.01392894 0.04101598 1.34e-4 -0.013722 0.04101395 2.93e-4 -0.01356297 0.04101198 5e-4 -0.01346296 0.04101097 7.41e-4 -0.01342898 0.04100996 0.000999987 -0.01340097 0.04076194 0.000999987 -0.01343399 0.04075396 7.41e-4 -0.01331096 0.04052799 0.000999987 -0.01334095 0.04051196 7.41e-4 -0.01316696 0.04032397 0.000999987 -0.01319199 0.04030096 7.41e-4 -0.01297599 0.04016196 0.000999987 -0.012995 0.04013395 7.41e-4 -0.01275098 0.04005295 0.000999987 -0.01276195 0.04001998 7.41e-4 -0.01250594 0.04000198 0.000999987 -0.01250797 0.03996896 7.41e-4 -0.01224994 0.03998094 7.41e-4 -0.01353096 0.04072999 5e-4 -0.01342898 0.04046499 5e-4 -0.01326495 0.04023396 5e-4 -0.01304894 0.04004997 5e-4 -0.01279395 0.03992599 5e-4 -0.01251596 0.03986895 5e-4 -0.01223295 0.03988295 5e-4 -0.01368498 0.04069197 2.93e-4 -0.01356995 0.04038995 2.93e-4 -0.01338297 0.04012596 2.93e-4 -0.01313596 0.03991699 2.93e-4 -0.01284497 0.03977495 2.93e-4 -0.012528 0.03970998 2.93e-4 -0.012205 0.03972595 2.93e-4 -0.01388597 0.04064297 1.34e-4 -0.01375198 0.04029297 1.34e-4 -0.01353496 0.03998595 1.34e-4 -0.01324898 0.03974294 1.34e-4 -0.01291197 0.03957897 1.34e-4 -0.01254397 0.03950399 1.34e-4 -0.012169 0.03952199 1.34e-4 -0.01412099 0.04058599 3.4e-5 -0.01396495 0.04017895 3.4e-5 -0.013713 0.03982299 3.4e-5 -0.013381 0.03954094 3.4e-5 -0.01298898 0.03935098 3.4e-5 -0.01256197 0.03926295 3.4e-5 -0.01212698 0.039285 3.4e-5 0.001418948 0.05838799 7.77e-4 0.001415967 0.05836296 0.000999987 0.001429975 0.05846095 5.66e-4 0.001446962 0.05857896 3.77e-4 0.001468956 0.05873596 2.18e-4 0.001494944 0.05892294 9.9e-5 0.001648962 0.05830097 0.000999987 0.001657962 0.05832397 7.77e-4 0.001685976 0.05839198 5.66e-4 0.001729965 0.05850297 3.77e-4 0.001788973 0.05864995 2.18e-4 0.001859962 0.05882596 9.9e-5 0.001938998 0.05902194 2.5e-5 0.001524984 0.05913299 2.5e-5 0.00227499 0.05735296 0.000999987 0.002264976 0.05710798 7.77e-4 0.002299964 0.05735194 7.77e-4 0.002336978 0.05708795 5.66e-4 0.002373993 0.05735099 5.66e-4 0.002451956 0.05705797 3.77e-4 0.002492964 0.05734795 3.77e-4 0.002604961 0.05701696 2.18e-4 0.002651989 0.05734497 2.18e-4 0.002787947 0.05696797 9.9e-5 0.002840995 0.05734097 9.9e-5 0.002991974 0.05691295 2.5e-5 0.003051996 0.05733698 2.5e-5 0.002250969 0.05759298 0.000999987 0.00227499 0.05759799 7.77e-4 0.002346992 0.05761396 5.66e-4 0.002463996 0.05764096 3.77e-4 0.002617955 0.057675 2.18e-4 0.002802968 0.05771696 9.9e-5 0.003008961 0.05776298 2.5e-5 0.002169966 0.05781996 0.000999987 0.00219196 0.05783098 7.77e-4 0.002258956 0.05786395 5.66e-4 0.002364993 0.05791699 3.77e-4 0.002506971 0.05798798 2.18e-4 0.00267595 0.05807298 9.9e-5 0.00286597 0.05816698 2.5e-5 0.002036988 0.05802094 0.000999987 0.002055943 0.05803698 7.77e-4 0.002111971 0.05808496 5.66e-4 0.002202987 0.05816197 3.77e-4 0.002323985 0.05826497 2.18e-4 0.002467989 0.05838799 9.9e-5 0.002628982 0.05852496 2.5e-5 0.001859962 0.05818396 0.000999987 0.001874983 0.05820494 7.77e-4 0.001917958 0.05826497 5.66e-4 0.00198698 0.05836099 3.77e-4 0.002079963 0.05848997 2.18e-4 0.002190947 0.05864399 9.9e-5 0.002313971 0.058815 2.5e-5 0.001415967 0.05836296 0.002999961 0.001648962 0.05830097 0.002999961 0.001859962 0.05818396 0.002999961 0.002036988 0.05802094 0.002999961 0.002169966 0.05781996 0.002999961 0.002250969 0.05759298 0.002999961 0.00227499 0.05735296 0.002999961 -5.17e-4 0.05835396 0.003258943 -0.003824949 0.05898797 0.003258943 -0.005375981 0.05965596 0.003258943 -0.005329966 0.05974495 0.003499984 -0.005255997 0.05988597 0.003706991 -0.005160987 0.06006997 0.003865957 -0.00504899 0.06028395 0.003965973 -0.002193987 0.05855095 0.003258943 -0.003791987 0.05908197 0.003499984 -0.002174973 0.058649 0.003499984 -0.003739953 0.05923295 0.003706991 -0.002144992 0.05880498 0.003706991 -0.003671944 0.05942797 0.003865957 -0.002105951 0.05900895 0.003865957 -0.003592967 0.05965596 0.003965973 -0.002060949 0.05924499 0.003965973 -5.12e-4 0.05845397 0.003499984 -5.05e-4 0.058613 0.003706991 -4.96e-4 0.05881994 0.003865957 -4.85e-4 0.05906099 0.003965973 0.001170992 0.058402 0.003258943 0.001160979 0.058501 0.003499984 0.001144945 0.05865895 0.003706991 0.001124978 0.05886495 0.003865957 0.001099944 0.05910497 0.003965973 0.005521953 0.04166996 0.003983974 0.00543195 0.04165399 0.003996968 0.005441963 0.04166597 0.003995954 0.005736947 0.04164797 0.003924965 0.005708992 0.04165196 0.003933966 0.005572974 0.04167199 0.003975987 0.005799949 0.04162895 0.003890991 0.005758941 0.04164099 0.003912985 0.005968987 0.04157096 0.003775 0.005957961 0.04157596 0.003783941 0.005895972 0.041601 0.003837943 -0.01341998 0.04126495 0.003222942 -0.01343095 0.04126799 0.003257989 -0.01349097 0.04128396 0.003433942 -0.013529 0.04129397 0.003496944 -0.01360595 0.04131495 0.003622949 -0.01368296 0.04133498 0.003702998 -0.01375895 0.04135596 0.003781974 -0.01388096 0.04138898 0.00386095 -0.013942 0.04140496 0.003900945 -0.01411199 0.04145097 0.003962993 -0.01414597 0.04145997 0.003974974 -0.01250594 0.04000198 0.002999961 -0.01275098 0.04005295 0.002999961 -0.01297599 0.04016196 0.002999961 -0.01316696 0.04032397 0.002999961 -0.01331096 0.04052799 0.002999961 -0.01340097 0.04076194 0.002999961 -0.01342898 0.04100996 0.002999961 -0.002347946 0.04100799 3.4e-5 -0.002389967 0.04124599 1.34e-4 -0.002425968 0.04144996 2.93e-4 -0.002452969 0.04160594 5e-4 -0.00247097 0.04170495 7.41e-4 -9.33e-4 0.04226297 2.9e-5 -0.001655995 0.04245698 7.78e-4 -0.001650989 0.04245495 7.41e-4 -0.001581966 0.04243695 5.69e-4 -0.001554965 0.04242998 5e-4 -0.001466989 0.04240596 3.82e-4 -0.001400947 0.04238796 2.93e-4 -0.001315951 0.04236495 2.25e-4 -0.001134991 0.04231697 1.05e-4 -0.001200973 0.04233497 1.34e-4 -9.68e-4 0.04227197 3.4e-5 0.003045976 0.05689799 0.003977954 0.002820968 0.05695897 0.003906965 0.002956986 0.05692195 0.003965973 0.003015995 0.05733799 0.003965973 0.002973973 0.05775499 0.003965973 0.002832949 0.05815094 0.003965973 0.002601981 0.058501 0.003965973 0.00229299 0.05878597 0.003965973 0.001924991 0.05898797 0.003965973 0.001519978 0.05909699 0.003965973 0.002617955 0.05701297 0.003781974 0.002723991 0.05698496 0.003865957 0.002774953 0.05734294 0.003865957 0.002738952 0.057702 0.003865957 0.002616941 0.058043 0.003865957 0.002417981 0.05834496 0.003865957 0.002151966 0.05858999 0.003865957 0.001834988 0.05876398 0.003865957 0.001485943 0.05885797 0.003865957 0.002451956 0.05705797 0.003608942 0.002523958 0.05703794 0.003706991 0.002567946 0.05734699 0.003706991 0.002536952 0.057657 0.003706991 0.002431988 0.05795097 0.003706991 0.002259969 0.05821096 0.003706991 0.002030968 0.05842196 0.003706991 0.001757979 0.05857199 0.003706991 0.001456975 0.05865299 0.003706991 0.002330958 0.05708998 0.003399968 0.002370953 0.05707895 0.003499984 0.002408981 0.05734997 0.003499984 0.00238198 0.05762195 0.003499984 0.00228995 0.05787998 0.003499984 0.002138972 0.05810797 0.003499984 0.001937985 0.05829298 0.003499984 0.00169897 0.05842494 0.003499984 0.001434981 0.05849599 0.003499984 0.002261996 0.05710798 0.00316596 0.002273976 0.057105 0.003258943 0.002308964 0.05735194 0.003258943 0.00228399 0.05759996 0.003258943 0.002199947 0.05783498 0.003258943 0.002062976 0.058043 0.003258943 0.00187999 0.05821198 0.003258943 0.001660943 0.05833196 0.003258943 0.001420974 0.05839699 0.003258943 0.006025969 0.04230099 0.003917992 0.005376994 0.04231196 0.004195988 0.005218982 0.04219394 0.004170954 0.005264997 0.04208797 0.004110991 0.005649983 0.04245895 0.004167973 0.005777955 0.042584 0.004175961 0.005820989 0.04273599 0.00425899 0.005524992 0.04254698 0.004303991 0.006106972 0.04302597 0.00425595 0.005297958 0.04201096 0.004066944 0.005299985 0.04200297 0.004064977 0.005513966 0.04220294 0.004092991 0.005325973 0.04191094 0.004036962 0.006575942 0.04329794 0.003886997 0.006463944 0.04316198 0.003949999 0.006397962 0.04285895 0.003839969 0.006375968 0.042961 0.003923952 0.006292998 0.04276299 0.003900945 0.006237983 0.04242897 0.003806948 0.00613898 0.042373 0.00386697 0.006016969 0.04250895 0.003999948 0.005846977 0.04236298 0.004032969 0.005759954 0.04212099 0.003992974 0.005620956 0.042023 0.004010975 0.005569994 0.04184198 0.003990948 0.005682945 0.04188895 0.003971993 0.005795955 0.04192996 0.003940999 0.005898952 0.04221498 0.00396198 0.005343973 0.04184597 0.004017949 0.005482971 0.04192298 0.004016995 0.005346 0.041821 0.004014968 0.005352973 0.04172897 0.004002988 0.00585395 0.04285496 0.004345953 0.005356967 0.04239797 0.00426799 0.005690991 0.04269999 0.004329979 0.005673944 0.04259198 0.004245996 0.005525946 0.04245096 0.004224956 0.005521953 0.04233396 0.004152953 0.005394995 0.04221194 0.004131972 0.005499958 0.04206299 0.004046976 0.005726993 0.04240494 0.004103958 0.005753993 0.04249799 0.004137992 0.005192995 0.04223996 0.004213988 0.005186975 0.04224997 0.004223942 0.005672991 0.04221296 0.004047989 0.00593996 0.04260796 0.004092991 0.005986988 0.04272699 0.004129946 0.006029963 0.04283595 0.00417 0.006907999 0.044146 0.004142999 0.006168961 0.04317295 0.004343986 0.006464958 0.04349398 0.004295945 0.006754994 0.04372495 0.003942966 0.006916999 0.04411399 0.004001975 0.006782948 0.04386699 0.004076957 0.006633996 0.04354 0.004010975 0.006608963 0.04359894 0.004146993 0.00655198 0.04335695 0.00397998 0.006714999 0.04381799 0.004221975 0.006598949 0.04365497 0.004259943 0.006502985 0.04345899 0.004180967 0.006379961 0.04331594 0.004212975 0.006328999 0.04320698 0.004170954 0.006272971 0.04308599 0.004130959 0.006211996 0.04295295 0.004092991 0.006146967 0.04280799 0.00405699 0.006079971 0.04265797 0.004025995 0.005353987 0.04172295 0.004002988 0.006167948 0.04264497 0.003953993 0.006243944 0.04281997 0.003977954 0.006323993 0.04299598 0.004006981 0.006403982 0.04316699 0.004038989 0.006477952 0.04332494 0.004073977 0.00654596 0.04346895 0.004109978 0.005281984 0.04204797 0.004088997 -0.01420694 0.04101896 0.003974974 -0.01415598 0.04057699 0.003974974 -0.01399695 0.04016196 0.003974974 -0.01374 0.03979897 0.003974974 -0.01340097 0.03951096 0.003974974 -0.01300096 0.03931599 0.003974974 -0.01256495 0.03922694 0.003974974 -0.01399499 0.04101699 0.003900945 -0.01212096 0.039249 0.003974974 -0.01212698 0.03928399 0.003962993 -0.01254898 0.03943794 0.003900945 -0.01293295 0.03951698 0.003900945 -0.01328498 0.03968799 0.003900945 -0.01358395 0.03994196 0.003900945 -0.01381099 0.04026097 0.003900945 -0.013951 0.040627 0.003900945 -0.01380598 0.04101496 0.003781974 -0.01376599 0.040672 0.003781974 -0.01364296 0.04035097 0.003781974 -0.01344394 0.04006999 0.003781974 -0.01318198 0.03984695 0.003781974 -0.01287198 0.03969597 0.003781974 -0.01253396 0.03962695 0.003781974 -0.01364696 0.041013 0.003622949 -0.01215797 0.03945696 0.003900945 -0.012169 0.03951895 0.00386095 -0.01218998 0.039644 0.003781974 -0.01220399 0.03972196 0.003702998 -0.01252198 0.03978496 0.003622949 -0.01282095 0.039846 0.003622949 -0.01309496 0.03997898 0.003622949 -0.01332795 0.04017698 0.003622949 -0.01350396 0.040425 0.003622949 -0.01361298 0.04070997 0.003622949 -0.01352798 0.04101198 0.003433942 -0.01349699 0.04073798 0.003433942 -0.013399 0.04048198 0.003433942 -0.01323997 0.04025697 0.003433942 -0.01302999 0.04007899 0.003433942 -0.01278299 0.03995895 0.003433942 -0.01251298 0.03990399 0.003433942 -0.01345396 0.04101097 0.003222942 -0.01221799 0.03979998 0.003622949 -0.01223194 0.03987795 0.003496944 -0.01223897 0.03991699 0.003433942 -0.01224899 0.03997796 0.003257989 -0.01342499 0.04075598 0.003222942 -0.01333296 0.04051595 0.003222942 -0.01318496 0.04030698 0.003222942 -0.01298999 0.04014098 0.003222942 -0.01275897 0.04002898 0.003222942 -0.01250797 0.03997695 0.003222942 -0.01225095 0.03998994 0.003222942 -0.001766979 0.04225397 0.000999987 -0.001736998 0.04223799 7.41e-4 -0.001648962 0.04219096 5e-4 -0.001508951 0.04211598 2.93e-4 -0.001325964 0.04201894 1.34e-4 -0.002258956 0.04180198 0.000999987 -0.002245962 0.04177099 7.41e-4 -0.002206981 0.04167896 5e-4 -0.002144992 0.04153299 2.93e-4 -0.002063989 0.04134196 1.34e-4 -0.001969993 0.04111999 3.4e-5 -0.002061963 0.04191398 0.000999987 -0.002041995 0.04188597 7.41e-4 -0.001984 0.04180598 5e-4 -0.001889944 0.04167699 2.93e-4 -0.001767992 0.04150897 1.34e-4 -0.001626968 0.04131394 3.4e-5 -0.00189495 0.04206699 0.000999987 -0.001869976 0.04204499 7.41e-4 -0.00179398 0.04197895 5e-4 -0.001673996 0.041875 2.93e-4 -0.001517951 0.04173898 1.34e-4 -0.001335978 0.04158097 3.4e-5 -0.001112997 0.04190599 3.4e-5 0.002193987 0.05093699 0.004013955 0.004922986 0.05002397 0.004831969 0.006478965 0.04923498 0.004384994 0.006602942 0.04935699 0.004210948 0.006338953 0.04909598 0.004831969 0.006388962 0.04914599 0.004596948 0.005679965 0.04963594 0.004831969 0.004100978 0.05024498 0.004831969 0.003250956 0.05028694 0.004831969 0.002410948 0.05014896 0.004831969 0.002392947 0.05021697 0.004596948 0.002358973 0.05033898 0.004384994 0.002312958 0.05050599 0.004210948 0.002255976 0.05070996 0.004084944 0.003204941 0.05110394 0.004013955 0.004227995 0.05105298 0.004013955 0.005217969 0.05078798 0.004013955 0.006921947 0.04967099 0.004013955 0.007369995 0.04928594 0.004002988 0.006128966 0.05031996 0.004013955 0.006753981 0.04950499 0.004084944 0.003217995 0.05086797 0.004084944 0.004190981 0.05081999 0.004084944 0.005132973 0.05056798 0.004084944 0.005999982 0.05012297 0.004084944 0.003229975 0.05065697 0.004210948 0.004158973 0.05061095 0.004210948 0.005056977 0.05037099 0.004210948 0.005883991 0.04994595 0.004210948 0.003239989 0.05048298 0.004384994 0.004131972 0.050439 0.004384994 0.004993975 0.05020797 0.004384994 0.005787968 0.04980099 0.004384994 0.003246963 0.05035698 0.004596948 0.004111945 0.05031496 0.004596948 0.004948973 0.05008995 0.004596948 0.005718946 0.04969495 0.004596948 6.2e-4 0.04346197 0.004831969 -1.5e-5 0.04364395 0.004223942 -2.5e-5 0.04363799 0.004214942 3.55e-4 0.04320096 0.004210948 0.004764974 0.04162096 0.004013955 0.004645943 0.04205197 0.004210948 0.004701972 0.041848 0.004084944 0.002729952 0.04150497 0.004013955 0.00375396 0.04145395 0.004013955 -3.49e-4 0.04338198 0.004019975 -3.68e-4 0.04335397 0.004015982 3.7e-5 0.04288697 0.004013955 -3.69e-4 0.04335296 0.004014968 -4.12e-4 0.04327297 0.004002988 -4.18e-4 0.04328095 0.004002988 8.29e-4 0.04223799 0.004013955 0.001740992 0.04176998 0.004013955 -2.33e-4 0.04349499 0.004066944 -3.07e-4 0.04342198 0.004036962 2.05e-4 0.04305297 0.004084944 -8.8e-5 0.04359894 0.004159986 -1.26e-4 0.04357194 0.004134953 -7.4e-5 0.04360896 0.004167973 -1.65e-4 0.04354399 0.004110991 -1.99e-4 0.04351896 0.004088997 4.79e-4 0.04332298 0.004384994 5.69e-4 0.04341197 0.004596948 0.001277983 0.04292196 0.004831969 0.002034962 0.04253399 0.004831969 0.002856969 0.04231297 0.004831969 0.003706991 0.04227095 0.004831969 0.004546999 0.04240995 0.004831969 0.004565954 0.04234099 0.004596948 0.004598975 0.04221999 0.004384994 0.003739953 0.04168999 0.004084944 0.002766966 0.04173797 0.004084944 0.001824975 0.04198998 0.004084944 9.58e-4 0.04243499 0.004084944 0.003727972 0.04190099 0.004210948 0.002799987 0.04194694 0.004210948 0.00190097 0.04218697 0.004210948 0.001073956 0.04261195 0.004210948 0.003717958 0.04207497 0.004384994 0.002826988 0.04211896 0.004384994 0.001963973 0.04234999 0.004384994 0.001169979 0.04275697 0.004384994 0.003710985 0.04220098 0.004596948 0.002845942 0.042243 0.004596948 0.002009987 0.04246795 0.004596948 0.001238942 0.04286295 0.004596948 -0.00247097 0.04170495 0.003258943 -0.002452969 0.04160594 0.003499984 -0.002425968 0.04144996 0.003706991 -0.002389967 0.04124599 0.003865957 -0.002347946 0.04100799 0.003965973 -0.001766979 0.04225397 0.002999961 -0.00189495 0.04206699 0.002999961 -0.002061963 0.04191398 0.002999961 -0.002258956 0.04180198 0.002999961 -5.5e-4 0.04534798 0.004180967 -5.72e-4 0.04552298 0.004146993 -5.95e-4 0.04521995 0.004073977 -5.24e-4 0.04650294 0.004061996 -8.8e-5 0.04385697 0.00426799 -2.26e-4 0.04428499 0.004329979 -2.89e-4 0.04450094 0.004345953 -3.21e-4 0.04438096 0.00425899 -5e-4 0.04535996 0.004295945 -5.15e-4 0.04516297 0.004212975 -4.24e-4 0.04477596 0.00425595 -4.03e-4 0.04493397 0.004343986 -2.65e-4 0.04418396 0.004245996 -1.59e-4 0.04407 0.004303991 -3.6e-4 0.04422897 0.004175961 -3.39e-4 0.04430896 0.004215955 -4.52e-4 0.04457294 0.00417 -5.37e-4 0.04491096 0.004130959 -5.71e-4 0.04507094 0.004102945 -2.08e-4 0.04398697 0.004224956 -4.69e-4 0.04445695 0.004129946 -4.05e-4 0.04404795 0.004103958 -3.82e-4 0.04414194 0.004137992 -3.21e-4 0.04376596 0.004092991 -2.63e-4 0.04388397 0.004152953 -1.48e-4 0.04379194 0.004195988 -5.3e-4 0.04407095 0.004032969 -4.88e-4 0.04433095 0.004092991 -5.51e-4 0.04476499 0.004092991 -6.48e-4 0.04396897 0.00396198 -5.75e-4 0.04381895 0.003992974 -4.54e-4 0.04385495 0.004047989 -3.8e-4 0.04363799 0.004046976 -4.34e-4 0.04350799 0.004016995 -7.02e-4 0.04366999 0.003940999 -6.79e-4 0.043347 0.003962993 -6.24e-4 0.04357898 0.003971993 -6.3e-4 0.04332798 0.003978967 -5.03e-4 0.04366397 0.004010975 -5.66e-4 0.04460698 0.00405699 -6e-4 0.04473799 0.004032969 -6.45e-4 0.04466599 0.003977954 -8.35e-4 0.04432499 0.003806948 -7.16e-4 0.04464095 0.003900945 -7.59e-4 0.04477596 0.003839969 -6.89e-4 0.04485398 0.003923952 -6.93e-4 0.045246 0.003886997 -0.001019954 0.04344499 0.003785967 -9.83e-4 0.04343998 0.003817975 -9.26e-4 0.04388499 0.003786981 -8.53e-4 0.04382598 0.003847956 -7.77e-4 0.04422599 0.00386697 -7.16e-4 0.04410696 0.003917992 -6.66e-4 0.04447597 0.003953993 -6.04e-4 0.04428297 0.003999948 -5.84e-4 0.04444396 0.004025995 -6.35e-4 0.04570496 0.003942966 -5.8e-4 0.04612296 0.004001975 -5.57e-4 0.04614597 0.004142999 -5.88e-4 0.04584199 0.004076957 -5.34e-4 0.04556596 0.004259943 -5.54e-4 0.04576599 0.004221975 -6.23e-4 0.04548394 0.004010975 -6.65e-4 0.04507195 0.003949999 -6.12e-4 0.045358 0.004042983 -6.47e-4 0.04496997 0.003978967 -6.26e-4 0.04485899 0.004006981 -5.19e-4 0.04325598 0.003996968 -5.96e-4 0.04330599 0.003983974 -2.35e-4 0.04393798 0.004187941 -8.15e-4 0.04339897 0.003912985 -7.93e-4 0.04339295 0.003924965 -7.68e-4 0.043383 0.003933966 -9.47e-4 0.04343098 0.003837943 -7.79e-4 0.04375398 0.003899991 -8.79e-4 0.04224795 0.003977954 -0.001112997 0.04190599 0.003965973 -9.68e-4 0.04227197 0.003965973 -0.00110495 0.04230898 0.003906965 -0.001325964 0.04201894 0.003865957 -0.001200973 0.04233497 0.003865957 -0.001306951 0.04236298 0.003781974 -0.001508951 0.04211598 0.003706991 -0.001400947 0.04238796 0.003706991 -0.001473963 0.04240798 0.003608942 -0.001648962 0.04219096 0.003499984 -0.001969993 0.04111999 0.003965973 -0.002063989 0.04134196 0.003865957 -0.002144992 0.04153299 0.003706991 -0.002206981 0.04167896 0.003499984 -0.002245962 0.04177099 0.003258943 -0.001626968 0.04131394 0.003965973 -0.001767992 0.04150897 0.003865957 -0.001889944 0.04167699 0.003706991 -0.001984 0.04180598 0.003499984 -0.002041995 0.04188597 0.003258943 -0.001335978 0.04158097 0.003965973 -0.001517951 0.04173898 0.003865957 -0.001673996 0.041875 0.003706991 -0.00179398 0.04197895 0.003499984 -0.001869976 0.04204499 0.003258943 -0.001736998 0.04223799 0.003258943 -0.001554965 0.04242998 0.003499984 -0.00159496 0.04243999 0.003399968 -0.001650989 0.04245495 0.003258943 -0.001662969 0.04245895 0.00316596 -0.002341985 0.02902799 2.9e-5 -0.01225095 0.03000998 7.77e-4 -0.00247097 0.02829098 7.78e-4 -0.00247097 0.02829498 7.41e-4 -0.01223897 0.030083 5.66e-4 -0.002457976 0.02836596 5.69e-4 -0.002452969 0.02839398 5e-4 -0.01221799 0.0302 3.77e-4 -0.002437949 0.02848297 3.82e-4 -0.002425968 0.02854996 2.93e-4 -0.01218998 0.03035598 2.18e-4 -0.002409994 0.028638 2.25e-4 -0.002389967 0.02875399 1.34e-4 -0.01215797 0.03054296 9.9e-5 -0.002377986 0.028822 1.05e-4 -0.01212096 0.03075098 2.5e-5 -0.002347946 0.02899199 3.4e-5 -0.01256495 0.03077298 2.5e-5 -0.01254898 0.03056198 9.9e-5 -0.01253396 0.03037297 2.18e-4 -0.01251298 0.03009599 5.66e-4 -0.01250594 0.029998 0.000999987 -0.01250797 0.03002297 7.77e-4 -0.01275098 0.02994698 0.000999987 -0.01275897 0.029971 7.77e-4 -0.01297599 0.02983796 0.000999987 -0.01298999 0.029859 7.77e-4 -0.01316696 0.02967596 0.000999987 -0.01318496 0.02969294 7.77e-4 -0.01331096 0.02947199 0.000999987 -0.01333296 0.02948397 7.77e-4 -0.01340097 0.02923798 0.000999987 -0.01342499 0.029244 7.77e-4 -0.01342898 0.02898997 0.000999987 -0.01345396 0.02898895 7.77e-4 -0.01341998 0.02873498 7.77e-4 -0.01343095 0.028732 7.42e-4 -0.01352798 0.028988 5.66e-4 -0.01349699 0.029262 5.66e-4 -0.013399 0.02951794 5.66e-4 -0.01323997 0.02974295 5.66e-4 -0.01302999 0.02992099 5.66e-4 -0.01278299 0.03004097 5.66e-4 -0.01252198 0.03021496 3.77e-4 -0.01282095 0.03015398 3.77e-4 -0.01309496 0.03002095 3.77e-4 -0.01332795 0.029823 3.77e-4 -0.01350396 0.02957499 3.77e-4 -0.01361298 0.02928996 3.77e-4 -0.01364696 0.02898699 3.77e-4 -0.01349097 0.02871596 5.66e-4 -0.013529 0.02870595 5.03e-4 -0.01360595 0.02868497 3.77e-4 -0.01368296 0.028665 2.97e-4 -0.01380598 0.02898496 2.18e-4 -0.01376599 0.02932798 2.18e-4 -0.01364296 0.02964895 2.18e-4 -0.01344394 0.02992999 2.18e-4 -0.01318198 0.03015297 2.18e-4 -0.01287198 0.03030395 2.18e-4 -0.01293295 0.03048294 9.9e-5 -0.01328498 0.030312 9.9e-5 -0.01358395 0.03005796 9.9e-5 -0.01381099 0.02973896 9.9e-5 -0.013951 0.02937299 9.9e-5 -0.01399499 0.02898299 9.9e-5 -0.01375895 0.02864396 2.18e-4 -0.01388096 0.028611 1.39e-4 -0.013942 0.02859497 9.9e-5 -0.01411199 0.02854895 3.7e-5 -0.01300096 0.03068399 2.5e-5 -0.01340097 0.03048896 2.5e-5 -0.01374 0.03020095 2.5e-5 -0.01399695 0.02983796 2.5e-5 -0.01415598 0.02942299 2.5e-5 -0.01420694 0.02898097 2.5e-5 -0.01414597 0.02853995 2.5e-5 -0.002258956 0.028198 0.000999987 -0.002245962 0.02822899 7.41e-4 -0.002206981 0.02832096 5e-4 -0.002144992 0.02846699 2.93e-4 -0.002063989 0.02865797 1.34e-4 -0.001766979 0.02774596 0.000999987 -0.001650989 0.02754497 7.41e-4 -0.001736998 0.02776199 7.41e-4 -0.001554965 0.02756994 5e-4 -0.001648962 0.02780896 5e-4 -0.001400947 0.02761197 2.93e-4 -0.001508951 0.027884 2.93e-4 -0.001200973 0.02766495 1.34e-4 -0.001325964 0.02798098 1.34e-4 -9.68e-4 0.02772796 3.4e-5 -0.001112997 0.02809399 3.4e-5 -0.00189495 0.027933 0.000999987 -0.001869976 0.02795499 7.41e-4 -0.00179398 0.02802097 5e-4 -0.001673996 0.02812498 2.93e-4 -0.001517951 0.028261 1.34e-4 -0.001335978 0.02841895 3.4e-5 -0.002061963 0.02808594 0.000999987 -0.002041995 0.02811396 7.41e-4 -0.001984 0.02819395 5e-4 -0.001889944 0.02832299 2.93e-4 -0.001767992 0.02849096 1.34e-4 -0.001626968 0.02868598 3.4e-5 -0.001969993 0.02888 3.4e-5 -0.01250594 0.029998 0.002999961 -0.01275098 0.02994698 0.002999961 -0.01297599 0.02983796 0.002999961 -0.01316696 0.02967596 0.002999961 -0.01331096 0.02947199 0.002999961 -0.01340097 0.02923798 0.002999961 -0.01342898 0.02898997 0.002999961 -0.00841695 0.01002997 7.41e-4 -0.008512973 0.01000398 5e-4 -0.008666992 0.009962975 2.93e-4 -0.008866965 0.009909987 1.34e-4 -0.00909996 0.009846985 3.4e-5 -0.003824949 0.01101195 7.41e-4 -0.002193987 0.01144897 7.41e-4 -0.00504899 0.009715974 3.4e-5 -4.85e-4 0.010939 3.4e-5 -0.002060949 0.010755 3.4e-5 -4.96e-4 0.01117998 1.34e-4 -0.002105951 0.01099097 1.34e-4 -5.05e-4 0.01138699 2.93e-4 -0.002144992 0.011195 2.93e-4 -5.12e-4 0.01154595 5e-4 -0.002174973 0.01135098 5e-4 -5.17e-4 0.01164597 7.41e-4 0.001170992 0.01159799 7.41e-4 0.001160979 0.01149898 5e-4 0.001144945 0.01134097 2.93e-4 0.001124978 0.01113498 1.34e-4 0.001099944 0.01089495 3.4e-5 -0.003592967 0.01034396 3.4e-5 -0.003671944 0.01057195 1.34e-4 -0.003739953 0.01076698 2.93e-4 -0.003791987 0.01091796 5e-4 -0.005375981 0.01034396 7.41e-4 -0.005329966 0.01025497 5e-4 -0.005255997 0.01011395 2.93e-4 -0.005160987 0.009929955 1.34e-4 -0.006399989 0.008884966 3.4e-5 -0.006540954 0.009080946 1.34e-4 -0.006661951 0.009248971 2.93e-4 -0.006754994 0.009377956 5e-4 -0.006813943 0.009458959 7.41e-4 0.002273976 0.01289498 7.41e-4 0.002370953 0.01292097 5e-4 0.002523958 0.01296198 2.93e-4 0.002723991 0.01301497 1.34e-4 0.002956986 0.01307797 3.4e-5 -0.001766979 0.02774596 0.002999961 -0.00189495 0.027933 0.002999961 -0.002061963 0.02808594 0.002999961 -0.002258956 0.028198 0.002999961 -0.01212096 0.03075098 0.00397098 -0.00247097 0.02829098 0.003221988 -0.002341985 0.02902799 0.00397098 -0.002347946 0.02899199 0.003965973 -0.01212698 0.03071498 0.003965973 -0.002377986 0.028822 0.003894984 -0.01215696 0.03054499 0.003894984 -0.002389967 0.02875399 0.003865957 -0.012169 0.030478 0.003865957 -0.002409994 0.028638 0.003775 -0.01218998 0.03036099 0.003775 -0.002425968 0.02854996 0.003706991 -0.012205 0.03027397 0.003706991 -0.002437949 0.02848297 0.003617942 -0.01221698 0.03020697 0.003617942 -0.002452969 0.02839398 0.003499984 -0.01223295 0.03011697 0.003499984 -0.002457976 0.02836596 0.003430962 -0.01223796 0.03008896 0.003430962 -0.00247097 0.02829498 0.003258943 -0.01224994 0.03001898 0.003258943 -0.01225095 0.03001397 0.003221988 -0.01256197 0.03073698 0.003965973 -0.01298898 0.030649 0.003965973 -0.013381 0.03045898 0.003965973 -0.013713 0.03017699 0.003965973 -0.01396495 0.02982097 0.003965973 -0.01412099 0.02941399 0.003965973 -0.01416999 0.02898097 0.003965973 -0.01411098 0.02854996 0.003965973 -0.01254397 0.030496 0.003865957 -0.01291197 0.03042095 0.003865957 -0.01324898 0.03025698 0.003865957 -0.01353496 0.03001397 0.003865957 -0.01375198 0.02970695 0.003865957 -0.01388597 0.02935695 0.003865957 -0.01392894 0.02898395 0.003865957 -0.01387798 0.02861195 0.003865957 -0.012528 0.03028994 0.003706991 -0.01284497 0.03022497 0.003706991 -0.01313596 0.030083 0.003706991 -0.01338297 0.02987396 0.003706991 -0.01356995 0.02960997 0.003706991 -0.01368498 0.02930796 0.003706991 -0.013722 0.02898597 0.003706991 -0.01367795 0.02866595 0.003706991 -0.01251596 0.03013098 0.003499984 -0.01279395 0.030074 0.003499984 -0.01304894 0.02994996 0.003499984 -0.01326495 0.02976596 0.003499984 -0.01342898 0.02953499 0.003499984 -0.01353096 0.02926999 0.003499984 -0.01356297 0.028988 0.003499984 -0.01352494 0.02870696 0.003499984 -0.01250797 0.03003096 0.003258943 -0.01276195 0.02998 0.003258943 -0.012995 0.02986598 0.003258943 -0.01319199 0.02969896 0.003258943 -0.01334095 0.02948796 0.003258943 -0.01343399 0.02924597 0.003258943 -0.01346296 0.02898895 0.003258943 -0.01342797 0.02873295 0.003258943 -0.008942961 0.009457945 3.4e-5 -0.008731961 0.009573996 1.34e-4 -0.008549988 0.009673953 2.93e-4 -0.00841099 0.009750962 5e-4 -0.008323967 0.009798943 7.41e-4 -0.008293986 0.009814977 0.000999987 -0.008152961 0.009619951 0.000999987 -0.008177995 0.009596943 7.41e-4 -0.007968962 0.009462952 0.000999987 -0.007987976 0.009434998 7.41e-4 -0.007753968 0.009355962 0.000999987 -0.007764995 0.009323954 7.41e-4 -0.007518947 0.009302973 0.000999987 -0.007521986 0.009268999 7.41e-4 -0.007277965 0.00930798 0.000999987 -0.007272958 0.009273946 7.41e-4 -0.00704497 0.009369969 0.000999987 -0.007031977 0.009337961 7.41e-4 -0.008250951 0.009528994 5e-4 -0.008042991 0.009351968 5e-4 -0.007798969 0.009229958 5e-4 -0.007532 0.009169995 5e-4 -0.007258951 0.009174942 5e-4 -0.006994962 0.009245991 5e-4 -0.008367955 0.00942099 2.93e-4 -0.008130967 0.00921899 2.93e-4 -0.007851958 0.009079992 2.93e-4 -0.007547974 0.00901097 2.93e-4 -0.007235944 0.009017944 2.93e-4 -0.006935 0.009097993 2.93e-4 -0.00852096 0.009280979 1.34e-4 -0.008244991 0.009045958 1.34e-4 -0.007921993 0.008884966 1.34e-4 -0.007568955 0.008804976 1.34e-4 -0.007206976 0.008812963 1.34e-4 -0.006857991 0.008905947 1.34e-4 -0.008697986 0.009116947 3.4e-5 -0.008377969 0.008844971 3.4e-5 -0.008002996 0.008657991 3.4e-5 -0.007592976 0.008564949 3.4e-5 -0.007172942 0.008573949 3.4e-5 -0.006767988 0.008681952 3.4e-5 0.001519978 0.010903 3.4e-5 0.001485943 0.01114195 1.34e-4 0.001834988 0.01123595 1.34e-4 0.001456975 0.01134699 2.93e-4 0.001757979 0.01142799 2.93e-4 0.001434981 0.01150399 5e-4 0.00169897 0.01157498 5e-4 0.001420974 0.01160299 7.41e-4 0.001660943 0.01166796 7.41e-4 0.001415967 0.01163697 0.000999987 0.001648962 0.01169896 0.000999987 0.001859962 0.01181596 0.000999987 0.00187999 0.01178795 7.41e-4 0.002036988 0.01197898 0.000999987 0.002062976 0.01195698 7.41e-4 0.002169966 0.01217997 0.000999987 0.002199947 0.01216495 7.41e-4 0.002250969 0.012407 0.000999987 0.00228399 0.01239997 7.41e-4 0.00227499 0.01264697 0.000999987 0.002308964 0.01264798 7.41e-4 0.001937985 0.01170694 5e-4 0.002138972 0.01189196 5e-4 0.00228995 0.01211994 5e-4 0.00238198 0.01237797 5e-4 0.002408981 0.01264995 5e-4 0.002030968 0.01157796 2.93e-4 0.002259969 0.01178896 2.93e-4 0.002431988 0.01204895 2.93e-4 0.002536952 0.01234298 2.93e-4 0.002567946 0.01265299 2.93e-4 0.002151966 0.01140999 1.34e-4 0.002417981 0.01165497 1.34e-4 0.002616941 0.01195698 1.34e-4 0.002738952 0.01229798 1.34e-4 0.002774953 0.01265698 1.34e-4 0.001924991 0.01101195 3.4e-5 0.00229299 0.01121395 3.4e-5 0.002601981 0.01149898 3.4e-5 0.002832949 0.01184898 3.4e-5 0.002973973 0.01224499 3.4e-5 0.003015995 0.01266199 3.4e-5 -0.001969993 0.02888 0.003965973 -0.002063989 0.02865797 0.003865957 -0.002144992 0.02846699 0.003706991 -0.002206981 0.02832096 0.003499984 -9.68e-4 0.02772796 0.003965973 -0.001112997 0.02809399 0.003965973 -0.001200973 0.02766495 0.003865957 -0.001325964 0.02798098 0.003865957 -0.001400947 0.02761197 0.003706991 -0.001508951 0.027884 0.003706991 -0.001554965 0.02756994 0.003499984 -0.001648962 0.02780896 0.003499984 -0.001650989 0.02754497 0.003258943 -0.001736998 0.02776199 0.003258943 -0.001335978 0.02841895 0.003965973 -0.001517951 0.028261 0.003865957 -0.001673996 0.02812498 0.003706991 -0.00179398 0.02802097 0.003499984 -0.001869976 0.02795499 0.003258943 -0.001626968 0.02868598 0.003965973 -0.001767992 0.02849096 0.003865957 -0.001889944 0.02832299 0.003706991 -0.001984 0.02819395 0.003499984 -0.002041995 0.02811396 0.003258943 -0.002245962 0.02822899 0.003258943 -0.00841695 0.01002997 0.003258943 -0.008512973 0.01000398 0.003499984 -0.008666992 0.009962975 0.003706991 -0.008866965 0.009909987 0.003865957 -0.00909996 0.009846985 0.003965973 -0.008293986 0.009814977 0.002999961 -0.008152961 0.009619951 0.002999961 -0.007968962 0.009462952 0.002999961 -0.007753968 0.009355962 0.002999961 -0.007518947 0.009302973 0.002999961 -0.007277965 0.00930798 0.002999961 -0.00704497 0.009369969 0.002999961 0.001415967 0.01163697 0.002999961 0.001648962 0.01169896 0.002999961 0.001859962 0.01181596 0.002999961 0.002036988 0.01197898 0.002999961 0.002169966 0.01217997 0.002999961 0.002250969 0.012407 0.002999961 0.00227499 0.01264697 0.002999961 0.002273976 0.01289498 0.003258943 0.002956986 0.01307797 0.003965973 0.002370953 0.01292097 0.003499984 0.002523958 0.01296198 0.003706991 0.002723991 0.01301497 0.003865957 -0.008323967 0.009798943 0.003258943 -0.00841099 0.009750962 0.003499984 -0.008549988 0.009673953 0.003706991 -0.008731961 0.009573996 0.003865957 -0.008942961 0.009457945 0.003965973 -0.008697986 0.009116947 0.003965973 -0.008377969 0.008844971 0.003965973 -0.008002996 0.008657991 0.003965973 -0.007592976 0.008564949 0.003965973 -0.007172942 0.008573949 0.003965973 -0.006767988 0.008681952 0.003965973 -0.006399989 0.008884966 0.003965973 -0.00852096 0.009280979 0.003865957 -0.008244991 0.009045958 0.003865957 -0.007921993 0.008884966 0.003865957 -0.007568955 0.008804976 0.003865957 -0.007206976 0.008812963 0.003865957 -0.006857991 0.008905947 0.003865957 -0.006540954 0.009080946 0.003865957 -0.008367955 0.00942099 0.003706991 -0.008130967 0.00921899 0.003706991 -0.007851958 0.009079992 0.003706991 -0.007547974 0.00901097 0.003706991 -0.007235944 0.009017944 0.003706991 -0.006935 0.009097993 0.003706991 -0.006661951 0.009248971 0.003706991 -0.008250951 0.009528994 0.003499984 -0.008042991 0.009351968 0.003499984 -0.007798969 0.009229958 0.003499984 -0.007532 0.009169995 0.003499984 -0.007258951 0.009174942 0.003499984 -0.006994962 0.009245991 0.003499984 -0.006754994 0.009377956 0.003499984 -0.008177995 0.009596943 0.003258943 -0.007987976 0.009434998 0.003258943 -0.007764995 0.009323954 0.003258943 -0.007521986 0.009268999 0.003258943 -0.007272958 0.009273946 0.003258943 -0.007031977 0.009337961 0.003258943 -0.006813943 0.009458959 0.003258943 0.001170992 0.01159799 0.003258943 0.001420974 0.01160299 0.003258943 0.001160979 0.01149898 0.003499984 0.001434981 0.01150399 0.003499984 0.001144945 0.01134097 0.003706991 0.001456975 0.01134699 0.003706991 0.001124978 0.01113498 0.003865957 0.001485943 0.01114195 0.003865957 0.001099944 0.01089495 0.003965973 0.001519978 0.010903 0.003965973 0.001924991 0.01101195 0.003965973 0.00229299 0.01121395 0.003965973 0.002601981 0.01149898 0.003965973 0.002832949 0.01184898 0.003965973 0.002973973 0.01224499 0.003965973 0.003015995 0.01266199 0.003965973 0.001834988 0.01123595 0.003865957 0.002151966 0.01140999 0.003865957 0.002417981 0.01165497 0.003865957 0.002616941 0.01195698 0.003865957 0.002738952 0.01229798 0.003865957 0.002774953 0.01265698 0.003865957 0.001757979 0.01142799 0.003706991 0.002030968 0.01157796 0.003706991 0.002259969 0.01178896 0.003706991 0.002431988 0.01204895 0.003706991 0.002536952 0.01234298 0.003706991 0.002567946 0.01265299 0.003706991 0.00169897 0.01157498 0.003499984 0.001937985 0.01170694 0.003499984 0.002138972 0.01189196 0.003499984 0.00228995 0.01211994 0.003499984 0.00238198 0.01237797 0.003499984 0.002408981 0.01264995 0.003499984 0.001660943 0.01166796 0.003258943 0.00187999 0.01178795 0.003258943 0.002062976 0.01195698 0.003258943 0.002199947 0.01216495 0.003258943 0.00228399 0.01239997 0.003258943 0.002308964 0.01264798 0.003258943 -0.003592967 0.01034396 0.003965973 -0.005375981 0.01034396 0.003258943 -0.002193987 0.01144897 0.003258943 -4.85e-4 0.010939 0.003965973 -4.96e-4 0.01117998 0.003865957 -5.05e-4 0.01138699 0.003706991 -5.12e-4 0.01154595 0.003499984 -5.17e-4 0.01164597 0.003258943 -0.002174973 0.01135098 0.003499984 -0.002144992 0.011195 0.003706991 -0.002105951 0.01099097 0.003865957 -0.002060949 0.010755 0.003965973 -0.003824949 0.01101195 0.003258943 -0.003791987 0.01091796 0.003499984 -0.003739953 0.01076698 0.003706991 -0.003671944 0.01057195 0.003865957 -0.00504899 0.009715974 0.003965973 -0.005160987 0.009929955 0.003865957 -0.005255997 0.01011395 0.003706991 -0.005329966 0.01025497 0.003499984 0.01201099 0.06733995 2.9e-5 0.01214498 0.06678998 3.4e-5 0.01204699 0.06734895 3.4e-5 0.01221299 0.06739395 1.05e-4 0.01238596 0.06681096 1.34e-4 0.01227998 0.06741195 1.34e-4 0.01239395 0.06744199 2.25e-4 0.01259195 0.06682896 2.93e-4 0.01247996 0.067465 2.93e-4 0.01254498 0.067483 3.82e-4 0.01274996 0.06684297 5e-4 0.01214498 0.06622195 3.4e-5 0.01238596 0.06620097 1.34e-4 0.01259195 0.06618297 2.93e-4 0.01274996 0.06616896 5e-4 0.01284998 0.06615996 7.41e-4 0.01284998 0.06685197 7.41e-4 0.01204699 0.06566196 3.4e-5 0.01227998 0.06559997 1.34e-4 0.01247996 0.06554597 2.93e-4 0.01263296 0.06550496 5e-4 0.01273 0.06547898 7.41e-4 0.01263296 0.06750696 5e-4 0.01266098 0.067514 5.69e-4 0.01273 0.067532 7.41e-4 0.01273399 0.06753396 7.78e-4 0.006253957 0.04131299 7.41e-4 0.006157994 0.04133898 5e-4 0.006003975 0.04137998 2.93e-4 0.005803942 0.04143399 1.34e-4 0.005570948 0.04149597 3.4e-5 0.01004797 0.07728999 5.66e-4 0.01011896 0.07730895 7.77e-4 0.009932994 0.077259 3.77e-4 0.009779989 0.07721799 2.18e-4 0.009596943 0.077169 9.9e-5 0.009392976 0.07711398 2.5e-5 0.00544995 0.04088795 3.4e-5 0.00615096 0.04079496 7.41e-4 0.006051957 0.04080897 5e-4 0.005894958 0.040829 2.93e-4 0.005688965 0.040856 1.34e-4 0.005409955 0.04026895 3.4e-5 0.005650997 0.04026895 1.34e-4 0.005857944 0.04026895 2.93e-4 0.006016969 0.04026895 5e-4 0.006116986 0.04026895 7.41e-4 0.009150981 0.07774299 2.5e-5 0.009339988 0.07783895 9.9e-5 0.009508967 0.07792496 2.18e-4 0.009649991 0.07799696 3.77e-4 0.009755969 0.07805097 5.66e-4 0.009821951 0.078085 7.77e-4 0.008783996 0.07830798 2.5e-5 0.008948981 0.07844096 9.9e-5 0.009095966 0.07855999 2.18e-4 0.00921899 0.07865995 3.77e-4 0.009311974 0.07873499 5.66e-4 0.009368956 0.078781 7.77e-4 0.008307993 0.07878398 2.5e-5 0.008440971 0.07894897 9.9e-5 0.008559942 0.07909595 2.18e-4 0.008659958 0.07921898 3.77e-4 0.008735001 0.07931196 5.66e-4 0.008780956 0.079369 7.77e-4 0.007742941 0.07915097 2.5e-5 0.007838964 0.07933998 9.9e-5 0.007924973 0.07950896 2.18e-4 0.007996976 0.07964998 3.77e-4 0.008050978 0.07975596 5.66e-4 0.008084952 0.079822 7.77e-4 0.007113993 0.07939296 2.5e-5 0.007168948 0.07959699 9.9e-5 0.007217943 0.07977998 2.18e-4 0.007258951 0.07993298 3.77e-4 0.007289946 0.08004796 5.66e-4 0.007308959 0.08011895 7.77e-4 0.005409955 0.02973097 3.4e-5 0.005650997 0.02973097 1.34e-4 0.005857944 0.02973097 2.93e-4 0.006016969 0.02973097 5e-4 0.006116986 0.02973097 7.41e-4 -0.001270949 0.08241397 7.78e-4 -0.001271963 0.08240896 7.41e-4 -0.001290977 0.08234 5.69e-4 -0.00129795 0.082313 5e-4 -0.001321971 0.08222496 3.82e-4 -0.001338958 0.08215898 2.93e-4 -0.001361966 0.08207398 2.25e-4 -0.00139296 0.081959 1.34e-4 -0.001410961 0.08189296 1.05e-4 -0.001464962 0.08169096 2.9e-5 -0.001454949 0.08172595 3.4e-5 0.00615096 0.02920496 7.41e-4 0.006253957 0.028687 7.41e-4 0.006051957 0.02919095 5e-4 0.006157994 0.02866095 5e-4 0.005894958 0.02917098 2.93e-4 0.006003975 0.02862 2.93e-4 0.005688965 0.02914398 1.34e-4 0.005803942 0.028566 1.34e-4 0.00544995 0.02911198 3.4e-5 0.005570948 0.02850395 3.4e-5 -0.002918958 0.08249598 7.41e-4 -0.002127945 0.081833 3.4e-5 -0.004576981 0.08085697 2.9e-5 -0.004602968 0.08088296 3.4e-5 -0.002114951 0.08207398 1.34e-4 -0.004073977 0.081312 3.4e-5 -0.004724979 0.08100497 1.05e-4 -0.004204988 0.081514 1.34e-4 -0.002104997 0.08228099 2.93e-4 -0.004772961 0.08105295 1.34e-4 -0.004856944 0.081137 2.25e-4 -0.004317998 0.08168798 2.93e-4 -0.002095997 0.082439 5e-4 -0.004919946 0.0812 2.93e-4 -0.004967987 0.08124798 3.82e-4 -0.004403948 0.08182096 5e-4 -0.00209099 0.08253896 7.41e-4 -0.002807974 0.081797 3.4e-5 -0.002845942 0.082035 1.34e-4 -0.002878963 0.08223998 2.93e-4 -0.002902984 0.08239698 5e-4 -0.00346595 0.08162099 3.4e-5 -0.003552973 0.08184599 1.34e-4 -0.003626942 0.08203899 2.93e-4 -0.003683984 0.08218801 5e-4 -0.003719985 0.08228099 7.41e-4 -0.004458963 0.081905 7.41e-4 -0.005031943 0.081312 5e-4 -0.00505197 0.08133196 5.69e-4 -0.005102992 0.08138298 7.41e-4 -0.005105972 0.08138597 7.78e-4 0.01204699 0.004337966 3.4e-5 0.01227998 0.004399955 1.34e-4 0.01247996 0.004453957 2.93e-4 0.01263296 0.004494965 5e-4 0.01273 0.004520952 7.41e-4 -0.01173198 0.07370197 2.9e-5 -0.01175796 0.07372796 3.4e-5 -0.01187998 0.07384997 1.05e-4 -0.01192897 0.07389795 1.34e-4 -0.012012 0.073982 2.25e-4 -0.01207494 0.074045 2.93e-4 -0.01212298 0.07409298 3.82e-4 -0.012187 0.07415699 5e-4 -0.01220798 0.07417696 5.69e-4 -0.01225799 0.07422798 7.41e-4 -0.01226097 0.07423096 7.78e-4 0.01204699 0.002650976 3.4e-5 0.01214498 0.003209948 3.4e-5 0.01227998 0.002587974 1.34e-4 0.01238596 0.003188967 1.34e-4 0.01247996 0.002534985 2.93e-4 0.01259195 0.003170967 2.93e-4 0.01263296 0.002492964 5e-4 0.01274996 0.00315696 5e-4 0.01273 0.002467989 7.41e-4 0.01284998 0.003147959 7.41e-4 0.01214498 0.00377798 3.4e-5 0.01238596 0.003798961 1.34e-4 0.01259195 0.003816962 2.93e-4 0.01274996 0.003830969 5e-4 0.01284998 0.003839969 7.41e-4 -0.01270198 0.07369798 7.41e-4 -0.01260095 0.07226699 3.4e-5 -0.01212298 0.07329297 3.4e-5 -0.01232099 0.07343095 1.34e-4 -0.01248997 0.07354998 2.93e-4 -0.01262098 0.073641 5e-4 -0.01304799 0.07309997 7.41e-4 -0.01295799 0.07305699 5e-4 -0.01281297 0.07299 2.93e-4 -0.01262599 0.07290297 1.34e-4 -0.012407 0.07280099 3.4e-5 -0.01328396 0.07244998 7.41e-4 -0.013188 0.07242399 5e-4 -0.01303398 0.07238298 2.93e-4 -0.01283395 0.07232898 1.34e-4 0.01011097 -0.007305979 7.41e-4 0.009427964 -0.007122993 3.4e-5 0.01001399 -0.007280945 5e-4 0.009860992 -0.007238984 2.93e-4 0.009660959 -0.007185995 1.34e-4 -0.020949 0.04111194 3.4e-5 -0.021182 0.04117494 1.34e-4 -0.02138197 0.04122799 2.93e-4 -0.02153599 0.04126995 5e-4 -0.02163195 0.04129499 7.41e-4 0.007122993 -0.009427964 3.4e-5 0.007758975 -0.009183943 3.4e-5 0.007185995 -0.009660959 1.34e-4 0.007868945 -0.009397983 1.34e-4 0.007238984 -0.009860992 2.93e-4 0.007962942 -0.009582996 2.93e-4 0.007280945 -0.01001399 5e-4 0.008034944 -0.009724974 5e-4 0.007305979 -0.01011097 7.41e-4 0.008079946 -0.009813964 7.41e-4 0.008331 -0.008812963 3.4e-5 0.008482992 -0.008999943 1.34e-4 0.00861299 -0.009160995 2.93e-4 0.008712947 -0.009283959 5e-4 0.008775949 -0.009361982 7.41e-4 0.008812963 -0.008331 3.4e-5 0.008999943 -0.008482992 1.34e-4 0.009160995 -0.00861299 2.93e-4 0.009283959 -0.008712947 5e-4 0.009361982 -0.008775949 7.41e-4 0.009183943 -0.007758975 3.4e-5 0.009397983 -0.007868945 1.34e-4 0.009582996 -0.007962942 2.93e-4 0.009724974 -0.008034944 5e-4 0.009813964 -0.008079946 7.41e-4 -0.02103197 0.04069399 3.4e-5 -0.021272 0.04072594 1.34e-4 -0.02147698 0.04075294 2.93e-4 -0.02163398 0.04077398 5e-4 -0.02173399 0.04078698 7.41e-4 -0.02105998 0.04026895 3.4e-5 -0.02130198 0.04026895 1.34e-4 -0.02150899 0.04026895 2.93e-4 -0.02166795 0.04026895 5e-4 -0.02176696 0.04026895 7.41e-4 -0.001271963 -0.01240897 7.41e-4 -0.001454949 -0.01172596 3.4e-5 -0.00129795 -0.01231294 5e-4 -0.001338958 -0.01215898 2.93e-4 -0.00139296 -0.01195895 1.34e-4 -0.02105998 0.02973097 3.4e-5 -0.02130198 0.02973097 1.34e-4 -0.02150899 0.02973097 2.93e-4 -0.02166795 0.02973097 5e-4 -0.02176696 0.02973097 7.41e-4 -0.002918958 -0.01249599 7.41e-4 -0.003719985 -0.012281 7.41e-4 -0.004073977 -0.01131194 3.4e-5 -0.004576981 -0.01085698 2.9e-5 -0.004602968 -0.01088297 3.4e-5 -0.004724979 -0.01100498 1.05e-4 -0.004204988 -0.01151394 1.34e-4 -0.004772961 -0.01105296 1.34e-4 -0.004856944 -0.01113694 2.25e-4 -0.004317998 -0.01168799 2.93e-4 -0.004919946 -0.01119995 2.93e-4 -0.004967987 -0.01124799 3.82e-4 -0.004403948 -0.01182097 5e-4 -0.005031943 -0.01131194 5e-4 -0.00505197 -0.01133197 5.69e-4 -0.004458963 -0.01190495 7.41e-4 -0.005102992 -0.01138299 7.41e-4 -0.00346595 -0.01162099 3.4e-5 -0.003552973 -0.01184594 1.34e-4 -0.003626942 -0.01203894 2.93e-4 -0.003683984 -0.01218795 5e-4 -0.005105972 -0.01138597 7.78e-4 -0.002902984 -0.01239699 5e-4 -0.002878963 -0.01223999 2.93e-4 -0.002845942 -0.01203495 1.34e-4 -0.002807974 -0.01179695 3.4e-5 -0.00209099 -0.01253896 7.41e-4 -0.002095997 -0.01243895 5e-4 -0.002104997 -0.012281 2.93e-4 -0.002114951 -0.01207399 1.34e-4 -0.002127945 -0.01183295 3.4e-5 -0.02103197 0.02930599 3.4e-5 -0.021272 0.02927398 1.34e-4 -0.02147698 0.02924698 2.93e-4 -0.02163398 0.029226 5e-4 -0.02173399 0.02921295 7.41e-4 -0.020949 0.02888798 3.4e-5 -0.021182 0.02882498 1.34e-4 -0.02138197 0.02877199 2.93e-4 -0.02153599 0.02872997 5e-4 -0.02163195 0.028705 7.41e-4 -0.01226097 -0.004230976 7.78e-4 -0.01173198 -0.003701984 2.9e-5 -0.01175796 -0.003727972 3.4e-5 -0.01187998 -0.003849983 1.05e-4 -0.01192897 -0.003897964 1.34e-4 -0.012012 -0.003981947 2.25e-4 -0.01207494 -0.00404495 2.93e-4 -0.01212298 -0.004092991 3.82e-4 -0.012187 -0.004156947 5e-4 -0.01220798 -0.004176974 5.69e-4 -0.01225799 -0.004227995 7.41e-4 -0.01260095 -0.002266943 3.4e-5 -0.01328396 -0.002449989 7.41e-4 -0.013188 -0.002423942 5e-4 -0.01303398 -0.002382993 2.93e-4 -0.01283395 -0.002328991 1.34e-4 -0.01212298 -0.003292977 3.4e-5 -0.01232099 -0.003430962 1.34e-4 -0.01248997 -0.003549993 2.93e-4 -0.01262098 -0.003640949 5e-4 -0.012407 -0.002800941 3.4e-5 -0.01262599 -0.002902984 1.34e-4 -0.01281297 -0.002989947 2.93e-4 -0.01295799 -0.003056943 5e-4 -0.01304799 -0.003099977 7.41e-4 -0.01270198 -0.003697991 7.41e-4 0.003889977 0.04266697 0.008964955 0.004167973 0.042813 0.008984982 0.004199981 0.04265195 0.008916974 0.004191994 0.04268896 0.008940994 0.003896951 0.04256498 0.008908987 0.004171967 0.04279297 0.008977949 0.004223942 0.04253095 0.008821964 0.004214942 0.04257696 0.008868992 0.003900945 0.04247498 0.008834958 0.003901958 0.04240095 0.008744001 0.004232943 0.04248398 0.008773982 0.004253983 0.04237794 0.008554995 0.00424695 0.04241394 0.008659958 0.003900945 0.042346 0.008641958 0.004241943 0.04243695 0.008697986 0.003896951 0.04231196 0.008529961 0.00425595 0.04236996 0.008533954 0.003326952 0.04260396 0.008958995 0.002824962 0.04278898 0.008980989 0.003325998 0.04251295 0.008899986 0.003324985 0.04243296 0.008824944 0.002803981 0.04266798 0.008933961 0.00278598 0.04255998 0.008861958 0.002790987 0.042813 0.008984982 0.00278598 0.04279297 0.008977949 0.002765953 0.04268896 0.008940994 0.002757966 0.04265195 0.008916974 0.002743959 0.04257696 0.008868992 0.002733945 0.04253095 0.008821964 0.003325998 0.04236894 0.008737981 0.00277096 0.04246997 0.008767962 0.002724945 0.04248398 0.008773982 0.002759993 0.04240196 0.008654952 0.003327965 0.04232096 0.008639991 0.002715945 0.04243695 0.008697986 0.002710998 0.04241394 0.008659958 0.002703964 0.04237794 0.008554995 0.003329992 0.04229199 0.008534967 0.002754986 0.04235994 0.008530974 0.002702951 0.04236996 0.008533954 0.005144953 0.042665 0.008554995 0.005943 0.043154 0.008554995 0.006944954 0.04559099 0.008984982 0.006707966 0.04479098 0.008979976 0.006965994 0.04558598 0.008977949 0.004966974 0.04304999 0.008979976 0.007068991 0.04556596 0.008940994 0.006838977 0.04472994 0.008919954 0.007105946 0.04555797 0.008916974 0.005027949 0.04291898 0.008919954 0.007180988 0.04554396 0.008868992 0.006951987 0.04467797 0.00882399 0.007226943 0.04553395 0.008821964 0.005079984 0.04280596 0.00882399 0.007273972 0.04552495 0.008773982 0.00703895 0.04463899 0.008699953 0.007321 0.04551595 0.008697986 0.005119979 0.04271894 0.008699953 0.007343947 0.04551094 0.008659958 0.007092952 0.044613 0.008554995 0.007379949 0.04550397 0.008554995 0.006603956 0.04381495 0.008554995 0.006556987 0.04385298 0.008699953 0.006481945 0.04391199 0.00882399 0.006384968 0.043989 0.008919954 0.006270945 0.04407799 0.008979976 0.007387995 0.04550296 0.008533954 0.005905985 0.04320096 0.008699953 0.005846977 0.04327595 0.00882399 0.005769968 0.04337298 0.008919954 0.005679965 0.04348695 0.008979976 -1.35e-4 0.044613 0.008554995 0.001990973 0.04304999 0.008979976 1.3e-5 0.04559099 0.008984982 2.5e-4 0.04479098 0.008979976 0.001930952 0.04291898 0.008919954 -7e-6 0.04558598 0.008977949 -1.11e-4 0.04556596 0.008940994 1.19e-4 0.04472994 0.008919954 0.001878976 0.04280596 0.00882399 -1.48e-4 0.04555797 0.008916974 -2.23e-4 0.04554396 0.008868992 6e-6 0.04467797 0.00882399 0.001838982 0.04271894 0.008699953 -2.69e-4 0.04553395 0.008821964 -3.16e-4 0.04552495 0.008773982 -8.1e-5 0.04463899 0.008699953 0.001813948 0.042665 0.008554995 0.001277983 0.04348695 0.008979976 0.001188993 0.04337298 0.008919954 0.001111984 0.04327595 0.00882399 0.001052975 0.04320096 0.008699953 0.001015961 0.043154 0.008554995 3.54e-4 0.04381495 0.008554995 4.01e-4 0.04385298 0.008699953 4.76e-4 0.04391199 0.00882399 5.73e-4 0.043989 0.008919954 6.87e-4 0.04407799 0.008979976 -3.63e-4 0.04551595 0.008697986 -3.86e-4 0.04551094 0.008659958 -4.22e-4 0.04550397 0.008554995 -4.29e-4 0.04550296 0.008533954 0.006944954 0.04696798 0.008984982 0.007090985 0.04668998 0.008964955 0.007180988 0.04701399 0.008868992 0.007068991 0.046992 0.008940994 0.007193982 0.04669696 0.008908987 0.007273972 0.04703295 0.008773982 0.007282972 0.04670095 0.008834958 0.007387995 0.04705595 0.008533954 0.007343947 0.04704695 0.008659958 0.007411956 0.04670095 0.008641958 0.007445991 0.04669696 0.008529961 0.007153987 0.04612696 0.008958995 0.006968975 0.04562497 0.008980989 0.007244944 0.04612499 0.008899986 0.007324993 0.04612499 0.008824944 0.007089972 0.04560399 0.008933961 0.007197976 0.04558497 0.008861958 0.007356941 0.04670196 0.008744001 0.007388949 0.04612594 0.008737981 0.007287979 0.04557096 0.008767962 0.007355988 0.04556 0.008654952 0.00743699 0.04612797 0.008639991 0.007465958 0.04613 0.008534967 0.007397949 0.04555499 0.008530974 -1.1e-5 0.04693299 0.008980989 -1.96e-4 0.046431 0.008958995 -4.88e-4 0.04586094 0.008529961 -1.33e-4 0.04586797 0.008964955 -2.35e-4 0.04586094 0.008908987 -3.25e-4 0.04585695 0.008834958 -3.99e-4 0.04585599 0.008744001 -4.53e-4 0.04585695 0.008641958 -5.08e-4 0.04642796 0.008534967 -4.79e-4 0.04642999 0.008639991 -4.31e-4 0.04643195 0.008737981 -3.67e-4 0.04643297 0.008824944 -2.87e-4 0.04643297 0.008899986 -4.4e-4 0.04700297 0.008530974 -3.98e-4 0.04699796 0.008654952 -3.3e-4 0.04698699 0.008767962 -2.4e-4 0.04697299 0.008861958 -1.32e-4 0.04695397 0.008933961 -4.29e-4 0.04705595 0.008533954 -3.86e-4 0.04704695 0.008659958 -3.16e-4 0.04703295 0.008773982 -2.23e-4 0.04701399 0.008868992 -1.11e-4 0.046992 0.008940994 1.3e-5 0.04696798 0.008984982 0.007097959 0.04794698 0.008533954 0.006608963 0.04874598 0.008533954 0.004167973 0.04974496 0.008981943 0.004957973 0.04948794 0.008984982 0.004171967 0.049766 0.008979976 0.005010962 0.04960298 0.008940994 0.004191994 0.04986798 0.008937001 0.004199981 0.04990798 0.008919954 0.005058944 0.04970699 0.008868992 0.004213988 0.04997795 0.008864998 0.004223942 0.05002999 0.00882399 0.005097985 0.049793 0.008773982 0.004231989 0.05006998 0.008770942 0.004242956 0.05012398 0.008699953 0.005127966 0.04985797 0.008659958 0.004245996 0.05013996 0.008658945 0.004254996 0.05018198 0.008554995 0.00514698 0.04989796 0.008533954 0.004254996 0.05018496 0.008533 0.00594598 0.04940897 0.008533954 0.005918979 0.04937398 0.008659958 0.005873978 0.04931795 0.008773982 0.005814969 0.04924297 0.008868992 0.005744993 0.04915398 0.008940994 0.005666971 0.04905396 0.008984982 0.006573975 0.04871797 0.008659958 0.006517946 0.04867398 0.008773982 0.006442964 0.04861497 0.008868992 0.006353974 0.048545 0.008940994 0.006253957 0.04846596 0.008984982 0.007057964 0.04792797 0.008659958 0.006992995 0.04789799 0.008773982 0.006906986 0.04785895 0.008868992 0.006802976 0.04781097 0.008940994 0.006687998 0.04775798 0.008984982 0.001810967 0.04989796 0.008533954 0.001011967 0.04940897 0.008533954 0.001999974 0.04948794 0.008984982 0.002790987 0.04974496 0.008981943 0.00278598 0.049766 0.008979976 0.001946985 0.04960298 0.008940994 0.002765953 0.04986798 0.008937001 0.002757966 0.04990798 0.008919954 0.001899957 0.04970699 0.008868992 0.002743959 0.04997795 0.008864998 0.002733945 0.05002999 0.00882399 0.001859962 0.049793 0.008773982 0.002725958 0.05006998 0.008770942 0.002714991 0.05012398 0.008699953 0.001829981 0.04985797 0.008659958 2.7e-4 0.04775798 0.008984982 1.55e-4 0.04781097 0.008940994 5.1e-5 0.04785895 0.008868992 -3.5e-5 0.04789799 0.008773982 -10e-5 0.04792797 0.008659958 -1.4e-4 0.04794698 0.008533954 3.5e-4 0.04874598 0.008533954 3.84e-4 0.04871797 0.008659958 4.41e-4 0.04867398 0.008773982 5.15e-4 0.04861497 0.008868992 6.04e-4 0.048545 0.008940994 7.04e-4 0.04846596 0.008984982 0.00129199 0.04905396 0.008984982 0.001212954 0.04915398 0.008940994 0.001142978 0.04924297 0.008868992 0.00108397 0.04931795 0.008773982 0.001039981 0.04937398 0.008659958 0.002702951 0.05018496 0.008533 0.002703964 0.05018198 0.008554995 0.002711951 0.05013996 0.008658945 0.004161 0.04992794 0.00891298 0.003066956 0.04990899 0.008956968 0.003059983 0.05002498 0.008885979 0.003055989 0.05012196 0.008790969 0.003056943 0.05019599 0.008676946 0.003060996 0.05024194 0.008548974 0.003631949 0.04996997 0.008949995 0.004136979 0.04978996 0.008974969 0.003630995 0.05022299 0.008673965 0.003627955 0.05026298 0.008552968 0.004194974 0.05013597 0.008693993 0.004202961 0.05019295 0.008551955 0.003632962 0.05007296 0.008875966 0.004180967 0.05004596 0.008816957 0.003632962 0.05015897 0.008782982</float_array>
          <technique_common>
            <accessor source="#obj2-mesh-positions-array" count="3977" stride="3">
              <param name="X" type="float"/>
              <param name="Y" type="float"/>
              <param name="Z" type="float"/>
            </accessor>
          </technique_common>
        </source>
        <source id="obj2-mesh-normals">
          <float_array id="obj2-mesh-normals-array" count="12540">0 0 1 -1.35824e-5 3.93242e-5 1 -1.14813e-5 2.15471e-5 1 -1.78814e-5 4.93042e-6 1 -4.19542e-5 2.62782e-5 1 -1.3123e-5 0 1 -1.85221e-5 2.35811e-5 1 -1.99564e-5 2.50079e-5 1 -3.5122e-5 -1.16639e-5 1 -1.60411e-5 -8.88109e-6 1 -3.64902e-5 0 1 -3.8296e-6 -4.37722e-6 1 -2.71685e-5 -2.80067e-5 1 -1.21817e-5 -2.67439e-5 1 -2.19539e-7 0 1 -1.91256e-5 -3.19704e-5 1 1.40779e-5 -3.90559e-5 1 1.57393e-6 2.82377e-6 1 -1.20699e-6 -6.91414e-6 1 2.35438e-6 -1.68569e-6 1 3.64352e-5 0 1 2.93478e-5 -1.91703e-5 1 2.6647e-5 -2.78763e-5 1 0 0 -1 -1.81869e-5 -2.75187e-5 -1 -2.80179e-5 -1.70879e-5 -1 -3.21167e-6 3.82364e-5 -1 4.54672e-6 3.54461e-5 -1 -1.07875e-5 3.40491e-5 -1 -8.84756e-7 -9.83477e-7 -1 -3.63588e-6 1.16974e-6 -1 -4.12855e-5 2.86847e-7 -1 1.91219e-5 -1.20886e-6 -1 -7.33882e-7 -9.26945e-6 -1 -4.61843e-6 2.33762e-7 -1 1.58325e-5 2.00439e-5 -1 -3.29223e-6 -8.35955e-6 -1 -1.02259e-5 0 -1 5.07827e-6 -5.7891e-6 -1 -7.40739e-6 -2.46987e-5 -1 4.03356e-6 -2.82377e-6 -1 -2.17073e-5 2.20072e-6 -1 8.65413e-6 3.07569e-6 -1 -2.31862e-5 -9.42498e-7 -1 -6.3926e-6 -8.10064e-6 -1 1.09556e-5 -1.01998e-5 -1 -5.43351e-6 9.46131e-6 -1 4.48897e-6 -6.41868e-6 -1 -3.38256e-6 1.55717e-6 -1 5.02588e-6 4.8615e-7 -1 -8.25897e-6 -3.03146e-7 -1 8.19145e-6 -3.6601e-6 -1 2.23913e-6 6.41495e-6 -1 -1.00359e-5 -1.828e-5 -1 -5.03473e-6 -2.08654e-5 -1 3.61248e-6 -3.72753e-5 -1 3.06952e-6 1.05724e-5 -1 -2.91988e-5 8.91648e-6 -1 -2.23815e-5 -1.83471e-6 -1 -1.3534e-5 0 -1 -1.89841e-5 -1.569e-5 -1 9.13069e-6 4.0438e-6 -1 -2.61981e-6 2.27359e-7 -1 -1.00592e-5 -2.71322e-5 -1 -0.00140798 -0.006676495 -0.9999768 4.11272e-6 5.64568e-6 -1 5.07385e-6 -4.95464e-6 -1 -8.56817e-6 7.98144e-6 -1 6.19982e-6 -6.04568e-6 -1 -1.17067e-5 2.44252e-5 -1 -8.30553e-6 6.30459e-6 -1 -4.80935e-6 1.32676e-5 -1 1.06767e-5 -1.82074e-7 -1 -2.01538e-6 2.33576e-6 -1 2.80701e-6 -1.75685e-5 -1 2.81446e-6 8.26083e-6 -1 1.03014e-5 -1.73505e-5 -1 2.2646e-5 4.80562e-6 -1 1.12811e-5 1.44877e-5 -1 -6.97863e-6 2.98163e-6 -1 3.25288e-6 1.21258e-5 -1 -2.02667e-6 4.65661e-6 -1 -4.74975e-7 8.23289e-7 -1 -1.16127e-5 5.85988e-6 -1 -2.45254e-5 2.94819e-5 -1 2.78289e-5 2.9806e-5 -1 3.15183e-6 3.27379e-5 -1 1.09868e-5 -7.41519e-6 -1 1.40863e-6 6.01448e-6 -1 -5.41657e-6 -3.74904e-6 -1 2.26951e-5 -6.98864e-6 -1 -1.83806e-5 -6.42613e-7 -1 -1.63211e-6 -3.13041e-6 -1 2.81632e-6 4.49829e-6 -1 1.84303e-5 6.29295e-6 -1 2.36518e-5 9.81428e-6 -1 -3.58373e-6 2.2091e-6 -1 -4.11272e-6 -8.79774e-6 -1 -7.62008e-6 -1.62399e-5 -1 -8.5556e-6 -2.05985e-5 -1 -5.65872e-6 -1.32257e-5 -1 -6.82101e-6 -9.80496e-6 -1 -1.50129e-6 7.8287e-6 -1 5.47245e-6 6.91111e-6 -1 -2.26498e-6 1.99769e-6 -1 -3.71784e-5 -5.84032e-6 -1 6.63102e-7 8.26595e-6 -1 -0.001158893 0.005539596 -0.9999841 7.20471e-6 -3.1637e-6 -1 -1.21701e-5 2.22736e-5 -1 5.70714e-6 -4.29992e-6 -1 -7.86781e-6 1.05714e-5 -1 5.44265e-6 -8.19378e-6 -1 4.54625e-6 6.13928e-6 -1 8.00937e-7 2.13753e-5 -1 -8.06525e-6 2.74256e-5 -1 -7.98702e-6 3.28068e-5 -1 7.49156e-6 -7.0408e-6 -1 -1.37836e-7 -3.42347e-5 -1 -6.37583e-6 -3.61614e-5 -1 -5.01797e-6 -5.47431e-6 -1 -1.26064e-5 -2.15196e-5 -1 4.8615e-6 2.98861e-6 -1 0.005947649 0.006669163 -0.9999601 1.13053e-5 -2.07003e-5 -1 4.48711e-6 -6.36e-6 -1 1.07139e-5 -2.72393e-5 -1 1.67936e-5 -2.20686e-5 -1 -6.04929e-6 2.81178e-6 -1 3.64822e-6 -2.56887e-5 -1 6.35535e-6 -2.25566e-6 -1 3.22293e-5 -1.8144e-5 -1 9.63826e-6 -8.39168e-6 -1 2.61515e-6 3.32855e-6 -1 2.07052e-5 -2.85357e-6 -1 2.77609e-5 -6.88434e-6 -1 1.13249e-5 8.46013e-6 -1 2.73003e-5 -4.85312e-6 -1 8.55327e-6 8.19005e-6 -1 3.33041e-6 7.46921e-7 -1 2.09138e-5 -2.41958e-6 -1 9.52929e-6 -4.35859e-6 -1 3.95477e-5 3.47383e-6 -1 4.80562e-6 3.12798e-6 -1 1.38655e-5 2.15229e-6 -1 0.003348767 1.95527e-4 -0.9999944 0.002713441 -1.65853e-4 -0.9999964 3.76329e-5 -4.48804e-6 -1 3.25516e-5 -7.55303e-6 -1 3.92348e-5 -4.30553e-6 -1 2.78354e-5 -4.95985e-6 -1 3.83605e-5 5.70342e-6 -1 4.13368e-6 -8.04989e-6 -1 8.74954e-6 2.0247e-6 -1 3.93032e-5 7.33137e-6 -1 8.56817e-6 2.78838e-6 -1 2.71653e-5 -5.004e-6 -1 1.75163e-5 1.6354e-5 -1 8.37259e-6 2.44565e-6 -1 3.48426e-5 6.35907e-6 -1 2.73325e-5 1.07521e-5 -1 1.07288e-6 -3.89665e-6 -1 2.47266e-7 -4.48129e-6 -1 1.25342e-5 6.55116e-6 -1 4.05475e-6 2.15572e-5 -1 -5.01797e-6 3.76999e-6 -1 1.96509e-6 -1.036e-5 -1 2.00048e-6 1.30534e-5 -1 1.76765e-6 -1.43051e-6 -1 1.92225e-6 -3.66941e-6 -1 8.08388e-7 8.16304e-7 -1 -5.2806e-6 -2.88989e-6 -1 -7.06688e-6 3.69498e-5 -1 -2.46055e-5 2.02432e-5 -1 -2.07387e-5 2.77911e-5 -1 0.005385935 -0.006041944 -0.9999673 2.30968e-6 2.01538e-6 -1 -1.07549e-5 -1.9744e-6 -1 -7.10785e-6 -3.79607e-6 -1 -3.57251e-5 5.66058e-6 -1 0.004384756 -0.001523017 -0.9999893 6.4224e-6 -7.3947e-7 -1 -1.89543e-5 9.02452e-6 -1 -1.03989e-5 -4.91738e-7 -1 5.43147e-6 -2.129e-6 -1 -3.63737e-5 -7.60704e-6 -1 -7.7188e-6 -2.35811e-6 -1 -1.2774e-5 -1.83955e-5 -1 -2.29068e-5 -2.96198e-5 -1 3.49544e-5 4.98909e-6 -1 0.9853807 0.1703673 8.60542e-7 0.9844411 0.1757156 2.06324e-6 0.9808267 0.1948818 3.2072e-5 -0.7853503 -0.6190516 9.6932e-6 -0.8661071 -0.4998587 1.55589e-6 -0.8613991 -0.5079285 -5.71845e-4 -1.84758e-4 1 2.09734e-5 -0.05678236 0.9983866 3.33629e-5 -0.1027497 0.9947072 1.45349e-5 -0.1948579 0.9808316 1.58399e-5 -0.2588485 0.965918 6.58631e-6 -0.2585547 0.9659967 2.89902e-5 -0.2659917 0.9639754 6.09587e-6 -0.4185334 0.9082015 2.35438e-6 -0.5000573 0.8659923 -5.7462e-4 -0.4998596 0.8661066 2.26695e-5 -0.491997 0.8705968 -5.65059e-4 -0.3725076 0.9280292 2.55927e-5 -0.5089162 0.860816 -5.59303e-4 -0.5938313 0.8045896 1.35857e-6 -0.619055 0.7853477 3.5163e-5 -0.5974873 0.8018784 1.29465e-5 -0.7071067 0.7071068 3.07076e-5 -0.7072605 0.7069528 -6.65057e-4 -0.7682446 0.6401564 -4.68921e-6 -0.7853458 0.6190574 1.20178e-5 -0.7754563 0.6314013 -2.1848e-5 -0.8347226 0.5506704 -4.92504e-4 -0.8661074 0.4998582 2.26945e-5 -0.8661054 0.4998614 -2.14034e-4 -0.8728917 0.4879142 -9.45096e-5 -0.9082052 0.4185255 1.97627e-5 -0.8894688 0.4569959 6.06594e-6 -0.9659944 0.2585628 1.00546e-5 -0.9659266 0.2588164 3.70623e-6 -0.9808236 0.194898 2.52277e-5 -0.9834712 0.1810653 2.38493e-5 -0.9977405 0.06718671 -2.41203e-5 -0.9993413 0.0362913 -1.00583e-6 -0.9987871 0.04923695 -1.06246e-5 -0.9999883 1.44447e-4 -0.004851222 -0.9999999 3.87345e-4 -2.09655e-4 -0.994706 -0.1027629 1.04569e-5 -0.9982247 -0.05955618 -6.24275e-4 -0.9853804 -0.1703693 4.96116e-6 -0.9808306 -0.1948625 -5.43892e-6 -0.9844418 -0.1757117 5.30182e-6 -0.9659965 -0.2585552 2.44156e-5 -0.9659995 -0.2585431 -6.75962e-4 -0.9183577 -0.3957515 9.62801e-6 -0.9082 -0.4185367 3.73721e-5 -0.91232 -0.4094783 -2.71042e-5 -0.8661195 -0.4998369 -6.48811e-4 2.18596e-4 -1 2.30844e-6 -1.5338e-4 -0.9999832 -0.005813717 -0.03628617 -0.9993416 3.43072e-5 -0.1549618 -0.9879205 2.3365e-5 -0.7866141 -0.617445 3.32187e-6 -0.712339 -0.7018356 2.44139e-5 -0.7071045 -0.7071092 -4.448e-6 -0.7071304 -0.7070832 1.17441e-5 -0.6190581 -0.7853452 1.51917e-5 -0.5483802 -0.8362291 2.70559e-5 -0.4998539 -0.8661099 2.06307e-5 -0.5001733 -0.8659254 1.2564e-5 -0.4185295 -0.9082033 -2.90573e-7 -0.3597539 -0.9330473 2.57399e-5 -0.2585657 -0.9659937 2.42069e-5 -0.258817 -0.9659264 1.13493e-5 -0.1948861 -0.9808259 2.60882e-5 -0.1810626 -0.9834716 2.56635e-5 0.1027593 -0.9947063 7.02962e-6 0.05678886 -0.9983863 8.44934e-6 0.1948732 -0.9808285 1.90139e-5 0.2588634 -0.965914 1.23279e-5 0.2585525 -0.9659972 2.38568e-5 0.2659828 -0.9639778 3.29865e-5 0.4185292 -0.9082034 3.48985e-5 0.3725073 -0.9280293 2.5698e-5 0.4920108 -0.8705889 -5.73696e-4 0.4998532 -0.8661103 1.80453e-5 0.5000639 -0.8659884 -5.73197e-4 0.5089051 -0.8608226 -4.55095e-4 0.6190596 -0.785344 1.6205e-5 0.5938284 -0.8045918 6.3568e-6 0.5974832 -0.8018814 1.15242e-5 0.7071053 -0.7071082 2.64943e-5 0.7072548 -0.7069586 -5.31726e-4 0.7853466 -0.6190564 3.44962e-6 0.83473 -0.5506592 -6.10566e-4 0.8661136 -0.4998473 1.00899e-5 0.7754606 -0.6313961 -1.40523e-5 0.7682355 -0.6401675 1.60583e-4 0.8660958 -0.4998782 -2.20995e-4 0.8728897 -0.4879178 -9.65838e-5 0.9082061 -0.4185234 8.76188e-6 0.8894774 -0.4569793 3.30107e-6 0.965997 -0.2585531 9.6485e-6 0.9659215 -0.258835 -2.69209e-5 0.9659972 0.2585525 8.29995e-6 0.9982247 0.05955857 -4.89254e-4 0.9947058 0.1027637 -9.33715e-6 1 -4.15231e-4 -2.19814e-4 0.9999882 -1.54689e-4 -0.00487554 0.9987882 -0.04921472 -1.48602e-5 0.9993413 -0.0362904 -8.77672e-6 0.9977408 -0.06718194 -2.64915e-5 0.9834675 -0.1810848 2.27708e-6 0.9808281 -0.1948755 1.0943e-5 0.9660037 0.2585275 -6.70236e-4 0.9183532 0.395762 1.28802e-5 0.9082015 0.4185335 3.24436e-5 0.9123243 0.4094687 -3.77123e-5 0.8661081 0.499857 2.24374e-5 0.8661137 0.4998466 -6.50696e-4 0.8613865 0.5079497 -5.81795e-4 0.7853454 0.6190578 3.49954e-5 0.7866194 0.6174384 2.53245e-5 0.7071044 0.7071092 -3.68804e-6 1.41028e-4 0.9999831 -0.005821168 0.03628885 0.9993414 -8.23069e-6 0.1549635 0.9879202 -6.04987e-6 0.7123431 0.7018314 1.35574e-5 0.7071498 0.7070639 6.71046e-6 0.6190554 0.7853473 2.19196e-5 0.5483778 0.8362308 2.71024e-5 0.4998607 0.8661059 2.25119e-5 0.5001628 0.8659314 2.96617e-5 0.418531 0.9082025 5.08875e-6 0.3597596 0.9330451 -9.57993e-6 0.2585414 0.9660003 2.24262e-6 0.2588216 0.9659252 -5.05921e-6 0.1948631 0.9808305 -4.73857e-6 0.1810659 0.983471 3.20226e-5 -0.965928 0.258811 3.87775e-5 -0.9659219 0.258834 -1.3683e-5 -0.965926 0.2588188 1.69091e-5 -0.9659196 0.2588422 1.54823e-5 -0.9659262 0.2588176 7.1926e-6 -0.9659265 0.258817 -4.20585e-6 -0.9659337 0.2587896 -1.25393e-5 -0.9659256 0.2588198 3.38163e-5 -0.9659284 0.2588095 8.24779e-6 -1.21556e-5 1.65291e-5 1 0.005946874 -0.006668806 0.9999602 0 0 1 -1.43833e-5 3.62471e-6 1 0 0 1 0 0 1 -9.32254e-6 -1.90083e-5 1 -0.002853274 -0.002889096 0.9999918 4.23193e-6 5.89923e-6 1 0 0 1 7.53006e-7 0 1 -4.41819e-6 3.24473e-6 1 -0.002241313 0.003319859 0.9999921 0 0 1 -7.56979e-6 -2.55182e-6 1 6.51926e-7 1.78814e-6 1 -2.84687e-5 1.44392e-5 1 -1.3642e-5 -6.28456e-6 1 -3.01749e-6 5.27571e-6 1 -2.30484e-5 3.05427e-6 1 -3.91565e-5 3.60236e-6 1 -4.71063e-6 -1.65328e-5 1 -2.74215e-7 0 1 -1.29268e-6 2.2389e-6 1 7.15256e-6 -2.39233e-6 1 -3.58373e-6 3.32296e-6 1 -3.81768e-5 9.19215e-6 1 -4.58665e-6 -9.45339e-6 1 -3.34084e-5 -4.08944e-6 1 -1.05724e-5 -3.88138e-5 1 -1.53855e-5 -1.86386e-5 1 -2.83495e-6 -1.22935e-6 1 -3.24324e-5 -2.29739e-5 1 -2.74107e-5 -1.32793e-5 1 -2.49594e-7 -2.41422e-6 1 -2.63751e-5 -9.95398e-6 1 -8.89867e-6 2.57492e-5 1 4.01295e-6 2.71574e-6 1 0 0 1 2.8275e-6 -6.23986e-6 1 -1.30218e-5 3.02978e-5 1 4.65009e-6 -2.68221e-7 1 -3.58932e-6 3.79309e-5 1 5.43427e-6 2.33948e-6 1 2.27336e-6 4.36231e-6 1 -3.6608e-6 7.54371e-6 1 -5.41937e-6 2.2687e-6 1 -2.1071e-5 -2.49594e-6 1 8.69884e-6 -3.02726e-6 1 -2.28509e-5 8.07457e-7 1 3.02838e-5 -5.24987e-6 1 -2.47434e-5 7.55535e-6 1 -2.41622e-5 4.38839e-6 1 -2.00979e-6 -3.06778e-6 1 3.67966e-6 -1.40164e-7 1 -3.2112e-6 -4.93042e-6 1 2.65799e-5 1.03367e-5 1 1.35768e-5 -2.67766e-5 1 5.25266e-7 2.64589e-6 1 1.91163e-5 -1.55121e-5 1 -5.16162e-6 -1.02445e-6 1 -7.92615e-6 -1.02762e-5 1 2.84123e-6 6.98864e-6 1 1.11896e-5 1.04569e-5 1 -1.91852e-7 0 1 1.55065e-5 3.0098e-5 1 1.4659e-6 -8.36444e-7 1 1.23821e-7 0 1 -1.08182e-5 8.71718e-7 1 -3.00538e-6 8.08388e-6 1 4.9097e-6 -2.51457e-7 1 3.75579e-5 1.58939e-5 1 9.01939e-6 3.67872e-6 1 2.23123e-7 0 1 2.43401e-6 -5.97537e-6 1 1.29065e-7 0 1 -1.03116e-5 1.93529e-5 1 -4.27291e-6 2.08206e-5 1 -4.33438e-6 -4.65452e-6 1 3.61912e-6 -1.512e-6 1 2.32086e-6 1.45882e-5 1 2.17892e-7 0 1 0 0 1 4.91273e-6 -4.56488e-6 1 -7.43857e-7 0 1 1.69932e-7 0 1 0 0 1 6.28855e-7 0 1 -2.3459e-7 0 1 1.22054e-7 0 1 3.00227e-7 0 1 1.017e-5 -2.25287e-5 1 5.90377e-7 0 1 0 0 1 3.28595e-7 0 1 0 0 1 0 0 1 -3.26909e-7 0 1 3.65262e-7 0 1 0 0 1 -8.08237e-7 0 1 -1.74792e-6 0 1 0 0 1 -3.28263e-7 0 1 6.29829e-7 0 1 9.99868e-6 -3.51558e-5 1 -5.04108e-7 0 1 1.19932e-7 0 1 1.46361e-7 0 1 -3.11635e-7 0 1 6.67719e-7 0 1 -8.61284e-7 0 1 -7.39646e-7 0 1 -1.20707e-7 0 1 -2.31945e-7 0 1 3.02457e-7 0 1 0 0 1 -4.24624e-7 0 1 -2.04479e-7 0 1 0 0 1 6.21536e-7 0 1 6.57919e-7 0 1 0 0 1 0 0 1 7.24505e-7 0 1 0 0 1 0 0 1 2.3459e-7 0 1 2.4993e-7 0 1 -1.87779e-7 0 1 0 0 1 0 0 1 -6.33272e-7 0 1 -4.38126e-7 0 1 -2.3266e-7 0 1 0 0 1 -1.53185e-7 0 1 0 0 1 0 0 1 1.89335e-7 0 1 3.9906e-7 0 1 0 0 1 2.19058e-7 0 1 0 0 1 0 0 1 1.29524e-7 0 1 -7.24482e-7 0 1 0 0 1 6.33217e-7 0 1 0 0 1 0 0 1 7.91931e-7 0 1 1.83767e-6 0 1 -5.15992e-7 0 1 1.51545e-5 -3.4254e-6 1 7.49313e-7 0 1 1.26623e-5 2.41045e-5 1 1.68085e-5 2.24661e-5 1 0 0 1 -8.58281e-7 0 1 1.59493e-4 0.001005828 0.9999995 0 0 1 1.55196e-5 3.72494e-6 1 -5.44479e-7 0 1 1.2802e-5 2.03798e-5 1 -5.95301e-6 9.09716e-6 1 0.004679858 -0.001630783 0.9999878 0 0 1 6.97296e-7 0 1 -2.84661e-7 0 1 -3.50573e-7 0 1 -2.10926e-5 2.37189e-5 1 0 0 1 4.31102e-7 0 1 5.85754e-7 0 1 -5.24464e-7 0 1 -2.02833e-5 2.1752e-5 1 2.70554e-7 0 1 0 0 1 -2.91976e-7 0 1 0 0 1 0 0 1 1.51499e-7 0 1 0 0 1 -4.3572e-7 0 1 -9.1187e-6 6.08712e-6 1 0 0 1 -1.8492e-7 0 1 5.32687e-7 0 1 1.85074e-7 0 1 0 0 1 0 0 1 0 0 1 -1.76802e-5 1.48378e-5 1 0 0 1 -7.21136e-7 0 1 0 0 1 -1.00449e-6 0 1 0 0 1 -5.42163e-7 0 1 1.95473e-7 0 1 2.72936e-7 0 1 2.28985e-7 0 1 0 0 1 0 0 1 3.06799e-6 0 1 -6.64735e-7 0 1 -8.09096e-7 0 1 -6.44532e-7 0 1 -4.91456e-7 0 1 5.66338e-6 5.97909e-6 1 0 0 1 4.29811e-6 -1.94926e-5 1 -1.34446e-7 0 1 0 0 1 0 0 1 6.29338e-7 0 1 3.28256e-7 0 1 0 0 1 -1.10373e-6 0 1 1.7138e-7 0 1 0 0 1 0 0 1 -2.37205e-7 0 1 0 0 1 4.11808e-7 0 1 0 0 1 0 0 1 0 0 1 -2.19605e-7 0 1 -3.89196e-7 0 1 0 0 1 0 0 1 -2.80894e-7 0 1 -1.01007e-6 0 1 0 0 1 0 0 1 -1.5575e-7 0 1 0 0 1 5.58519e-7 0 1 -3.47045e-7 0 1 -2.64847e-7 0 1 0 0 1 0 0 1 -4.49337e-7 0 1 -4.26701e-7 0 1 0 0 1 0 0 1 -1.44714e-7 0 1 0 0 1 0 0 1 0 0 1 7.72551e-7 0 1 3.23365e-7 0 1 7.11914e-7 0 1 0 0 1 -7.18785e-7 0 1 -2.24897e-7 0 1 0 0 1 3.11505e-7 0 1 3.61645e-7 0 1 5.5853e-7 0 1 2.89492e-5 -1.29268e-5 1 2.39164e-6 -4.26546e-6 1 1.12909e-5 -3.22945e-5 1 -4.09037e-6 4.9409e-6 1 2.34283e-5 7.76537e-6 1 1.26064e-5 -2.73809e-6 1 2.98519e-5 7.67969e-6 1 2.04034e-5 -2.38325e-6 1 1.31205e-5 5.26989e-6 1 1.6965e-5 -9.10694e-6 1 7.64988e-6 5.20609e-6 1 1.01682e-5 -1.52737e-6 1 3.47719e-5 1.65515e-5 1 2.02097e-5 -4.09503e-6 1 1.61305e-5 -1.99489e-6 1 2.98396e-6 -8.70973e-6 1 6.65942e-6 6.91041e-7 1 3.58373e-6 -5.09433e-6 1 2.16532e-6 -2.30595e-6 1 -1.56881e-6 -3.12086e-6 1 1.01128e-5 -6.02915e-6 1 1.26902e-5 -1.52453e-5 1 1.45519e-6 7.87061e-6 1 2.39387e-5 -3.41982e-6 1 -2.10963e-5 -1.54078e-5 1 3.241e-7 -1.53808e-6 1 -3.35462e-6 -4.79817e-6 1 -4.86709e-6 1.7276e-6 1 -7.4124e-6 -1.82418e-5 1 -2.4125e-5 -2.03177e-5 1 -1.92635e-5 -2.59735e-5 1 0.00452286 0.005078256 0.9999769 -4.79368e-7 0 1 0 0 1 8.76252e-7 0 1 -4.21056e-7 0 1 1.69082e-7 0 1 0 0 1 -1.31756e-7 0 1 0 0 1 1.89927e-7 0 1 1.26841e-7 0 1 -1.41189e-6 3.07709e-6 1 0 0 1 0 0 1 2.66654e-7 0 1 0 0 1 -2.10257e-7 0 1 -5.11645e-7 0 1 -1.85071e-6 0 1 0 0 1 0 0 1 -2.59653e-5 -2.73548e-5 1 1.44169e-7 0 1 -1.29653e-5 -3.49525e-6 1 -3.57861e-6 -5.80587e-6 1 6.06757e-6 -1.75834e-6 1 1.94646e-6 9.3244e-6 1 -3.57177e-4 1.00765e-4 1 -3.0268e-6 -2.81818e-5 1 3.84427e-6 -2.15359e-5 1 8.12113e-6 3.12552e-6 1 2.71639e-5 -2.03741e-5 1 -5.30109e-6 1.03991e-5 1 5.32949e-6 -2.93972e-6 1 -1.53855e-6 -1.06171e-5 1 -2.8871e-7 5.70388e-6 1 -4.75906e-6 7.91997e-6 1 1.49739e-7 0 1 -1.87233e-5 7.81845e-7 1 -1.08444e-6 3.08081e-6 1 7.71135e-6 4.14159e-6 1 -5.17408e-6 -1.71456e-6 1 -2.70754e-5 3.71784e-6 1 1.03414e-5 -1.04681e-6 1 1.42679e-5 -3.89107e-6 1 -1.03563e-5 1.81594e-5 1 -1.36755e-5 3.01749e-6 1 9.18284e-6 3.35611e-5 1 6.05173e-6 1.55829e-5 1 -2.42889e-6 2.08057e-5 1 6.70552e-7 7.9684e-6 1 7.91997e-6 1.89804e-6 1 3.42354e-6 -2.05636e-6 1 2.685e-6 -1.98232e-6 1 3.9062e-6 9.17004e-6 1 1.43305e-5 1.17181e-5 1 1.86637e-6 -3.64706e-6 1 3.70387e-6 2.64468e-5 1 0 0 1 1.28583e-5 3.08454e-6 1 -5.84871e-7 5.34859e-6 1 3.77744e-6 8.77865e-6 1 4.05014e-5 8.16584e-6 1 1.10269e-5 5.06639e-7 1 2.20127e-5 -7.35559e-6 1 3.57199e-5 1.2815e-6 1 2.16467e-5 -3.72902e-6 1 1.5154e-5 6.45779e-6 1 -1.66111e-5 -1.83955e-5 1 -1.79932e-6 -1.15973e-5 1 -0.001856029 -0.002741277 0.9999946 -2.41399e-5 -1.5351e-5 1 -3.1665e-7 8.36188e-6 1 -2.77311e-5 -4.70597e-6 1 -5.51715e-6 1.58977e-6 1 1.6531e-7 -1.61678e-6 1 -3.93391e-5 9.56841e-6 1 3.89665e-6 2.98745e-6 1 -1.62199e-5 1.83955e-5 1 -6.89924e-6 1.57654e-5 1 -4.10218e-7 0 1 1.64099e-6 -1.131e-5 1 -6.97188e-6 -3.1385e-6 1 -7.08247e-6 -3.56138e-5 1 0 0 1 1.68105e-7 0 1 0 0 1 -3.40119e-6 -1.27852e-5 1 -2.85004e-7 0 1 0 0 1 3.35857e-7 0 1 -3.3165e-7 0 1 -2.17124e-7 0 1 0 0 1 -3.30742e-7 0 1 -2.11981e-7 0 1 -1.1827e-6 0 1 8.34571e-7 0 1 -1.30874e-6 0 1 0 0 1 -2.09524e-6 -1.31428e-5 1 -1.26001e-7 0 1 -3.12366e-6 -3.42578e-5 1 0 0 1 1.45833e-7 0 1 2.27343e-6 0 1 -1.03923e-6 0 1 8.57585e-7 0 1 -1.19492e-7 0 1 1.78032e-7 0 1 4.0227e-7 0 1 0 0 1 1.24371e-7 0 1 -9.07515e-7 0 1 3.62239e-6 0 1 -1.49983e-6 0 1 1.18947e-6 0 1 -1.19942e-7 0 1 0 0 1 -4.34671e-7 0 1 -3.02442e-7 0 1 0 0 1 9.60757e-7 0 1 -5.93741e-7 0 1 1.41837e-6 0 1 1.2576e-6 0 1 0 0 1 7.02665e-7 0 1 1.46227e-5 2.46353e-5 1 0.965922 0.2588336 1.89245e-5 0.9659194 0.258843 -2.56598e-5 0.9659302 0.2588028 7.75605e-6 0.9659298 0.2588046 -1.76021e-5 -0.9659224 -0.258832 2.9534e-5 -0.9659249 -0.2588226 -1.56462e-7 -0.9659332 -0.2587919 1.55643e-5 -0.9659297 -0.2588047 -1.32694e-5 -0.9659215 0.2588353 2.21506e-5 -0.9659178 0.2588491 -3.13595e-5 -0.9659264 0.2588171 2.00942e-5 -0.9659278 0.2588119 -1.39996e-5 -0.965928 -0.2588112 1.54376e-5 -0.9659276 -0.2588129 -1.64732e-5 -0.9659196 -0.2588424 3.62098e-5 -0.9659214 -0.2588359 -2.06009e-5 0.9659265 0.2588168 4.39584e-6 0.9659297 0.2588046 -9.44361e-6 0.9659265 0.2588167 7.39843e-6 0.965928 0.2588112 -1.29864e-5 0.9659321 -0.2587958 -3.89368e-5 0.9659284 -0.2588094 1.40965e-5 0.9659251 -0.2588219 1.95727e-5 0.965931 -0.2587998 -3.34531e-5 0.9659264 -0.2588171 1.55978e-5 0.9659272 -0.2588142 3.96431e-5 0.9659261 -0.2588181 1.91946e-6 0.9659245 -0.2588241 1.06991e-5 0.9659303 -0.2588027 2.9549e-5 -8.08489e-7 1 0 8.08489e-7 1 0 0.2587831 0.9659355 0 0.2587847 0.9659351 0 0.4998163 0.8661315 0 0.4994999 0.866314 0 0.7071085 0.7071051 0 0.7071095 0.7071042 0 0.8660635 0.499934 0 0.8661329 0.4998137 0 0.965935 0.2587849 0 0.9659354 0.2587836 0 1 -6.8889e-7 0 1 -1.77006e-6 0 0.965936 -0.2587813 0 0.9659357 -0.2587826 0 0.8661348 -0.4998106 0 0.8660653 -0.4999309 0 0.7071095 -0.7071042 0 0.7071085 -0.7071051 0 0.4999293 -0.8660663 0 0.4999278 -0.8660671 0 0.2587854 -0.9659349 0 0.2587838 -0.9659354 0 7.98923e-7 -1 0 -7.98923e-7 -1 0 -0.2587838 -0.9659354 0 -0.2587854 -0.9659349 0 -0.4999278 -0.8660671 0 -0.4999293 -0.8660663 0 -0.7071085 -0.7071051 0 -0.7071095 -0.7071042 0 -0.8660653 -0.4999309 0 -0.8661348 -0.4998106 0 -0.9659357 -0.2587826 0 -0.965936 -0.2587813 0 -1 -1.77006e-6 0 -1 -6.8889e-7 0 -0.9659354 0.2587836 0 -0.965935 0.2587849 0 -0.8661329 0.4998137 0 -0.8660635 0.499934 0 -0.7071095 0.7071042 0 -0.7071085 0.7071051 0 -0.4994999 0.866314 0 -0.4998163 0.8661315 0 -0.2587847 0.9659351 0 -0.2587831 0.9659355 0 -1 6.3628e-6 -9.53682e-7 -1 2.31909e-5 -3.279e-5 -1 -1.16341e-5 3.88026e-5 -1 -6.46338e-6 1.15484e-6 1 -1.23419e-5 -1.9595e-5 1 -4.7721e-6 2.20612e-5 1 7.44686e-6 -2.0504e-5 1 1.24313e-5 1.93641e-5 -0.7071072 0.7071064 1.33067e-5 -0.707091 0.7071225 -3.21306e-5 -0.7071245 0.7070891 2.9631e-5 -0.7071055 0.7071081 -5.07401e-6 0.9659311 0.2587993 2.39313e-5 0.9659302 0.2588029 -1.23307e-5 0.9659168 0.2588528 2.88822e-5 0.9659234 0.2588285 -5.28609e-6 -0.7071126 -0.707101 1.46776e-6 -0.7071123 -0.7071014 5.72577e-6 -0.7070882 -0.7071255 2.14204e-5 -0.7070866 -0.707127 -2.86773e-5 0.9659264 -0.258817 -3.36394e-6 0.9659254 -0.258821 -4.36604e-6 0.9659275 -0.2588129 -4.10527e-6 0.9659269 -0.2588151 1.79563e-6 0.258838 0.9659208 1.60971e-5 0.2588274 0.9659236 -6.99237e-6 0.2587921 0.965933 1.82986e-5 0.2588159 0.9659268 -2.1182e-5 0.2588072 -0.965929 1.58399e-5 0.2587996 -0.9659311 -1.19321e-5 0.2588282 -0.9659234 6.7316e-6 0.2588422 -0.9659197 -2.26871e-5 -0.906309 -0.4226157 2.3894e-5 -0.9066271 -0.4219331 5.35697e-6 -0.8660213 -0.5000073 3.58671e-5 -0.8657661 -0.500449 1.55717e-6 -0.819149 -0.5735809 5.23031e-6 -0.8186757 -0.5742562 -2.95937e-5 0.9961944 0.08715945 -1.59591e-5 0.996192 0.0871874 1.08778e-5 1 -3.12639e-6 -3.97265e-5 1 0 3.24845e-6 0.9961947 -0.08715593 -1.09002e-5 0.9961909 -0.08719909 2.04295e-5 -0.544642 -0.8386687 2.21357e-5 -0.5451316 -0.8383506 -2.41697e-5 -0.5001777 -0.8659228 1.06171e-5 -0.5001814 -0.8659206 -2.33054e-5 -0.3583759 -0.9335774 3.57628e-7 -0.358029 -0.9337105 -2.41175e-5 -0.2588177 -0.9659262 4.43906e-5 -0.2585715 -0.9659922 -4.28334e-5 -0.1564314 -0.9876889 2.1331e-5 -0.1562739 -0.9877138 -1.05873e-5 2.05314e-4 -1 1.13845e-5 2.01993e-4 -1 -3.28273e-5 0.05233597 -0.9986296 2.95267e-5 0.05237793 -0.9986274 -6.10948e-7 0.4539865 -0.8910086 -1.60327e-5 0.4539874 -0.8910081 4.48897e-6 0.6293177 -0.7771483 7.13672e-6 0.6293196 -0.7771466 -1.91107e-6 0.7771429 -0.6293244 -6.57793e-6 0.7771443 -0.6293225 3.56324e-5 0.8910085 -0.4539868 -3.23793e-5 0.8910064 -0.4539906 1.09002e-5 -0.9063069 0.4226203 -4.00916e-5 -0.9066278 0.4219313 -2.63005e-6 -0.8660258 0.4999995 -3.54648e-6 -0.8656683 0.5006181 -9.83477e-6 -0.8191478 0.5735827 -5.27501e-6 -0.8187458 0.5741562 8.66503e-6 0.05233967 0.9986294 2.69338e-5 0.05232232 0.9986303 -3.59789e-5 2.05428e-4 1 2.29552e-5 2.096e-4 1 -2.65762e-5 -0.1564272 0.9876895 9.52184e-6 -0.1561235 0.9877376 -2.45795e-5 -0.2588189 0.9659259 3.56063e-5 -0.2585718 0.965992 -2.38195e-5 -0.3583686 0.9335802 3.96818e-5 -0.3581771 0.9336537 -5.30481e-6 -0.5001853 0.8659184 1.33365e-6 -0.5001812 0.8659208 -3.74019e-6 -0.5446454 0.8386665 7.86781e-6 -0.5451329 0.8383496 4.23938e-6 0.8910059 0.4539918 -2.08002e-5 0.8910071 0.4539896 2.45459e-5 0.7771477 0.6293183 -2.07713e-5 0.777147 0.6293193 3.40566e-5 0.629318 0.777148 2.63844e-6 0.6293222 0.7771445 3.74578e-5 0.4539882 0.8910078 -1.88295e-5 0.4539929 0.8910054 2.91653e-5 0.9961948 0.08715492 -1.78814e-7 0.9961766 0.08736252 2.07126e-5 1 -3.12818e-6 -2.5928e-6 1 0 2.63751e-6 0.9961947 -0.08715647 -8.07643e-6 0.9961728 -0.08740615 -5.60284e-6 0.1004616 -0.9949409 -2.16961e-5 0.1004435 -0.9949428 1.34408e-5 -0.04431438 -0.9990177 -1.78069e-6 -0.04383981 -0.9990386 3.19481e-5 -0.08040928 -0.996762 1.79559e-6 -0.08042824 -0.9967605 1.91629e-5 -0.1881796 -0.9821346 -1.84849e-5 -0.1882663 -0.982118 1.33589e-5 -0.2588164 -0.9659267 -4.02108e-5 -0.2586943 -0.9659593 4.01735e-5 -0.3280975 -0.944644 -9.96143e-6 -0.3280766 -0.9446512 1.84774e-5 -0.4287365 -0.9034297 -6.53416e-6 -0.4287294 -0.903433 6.5937e-6 -0.4611344 -0.8873303 4.19468e-6 -0.4609023 -0.8874509 5.88596e-6 -0.584476 -0.811411 -2.38419e-7 -0.5844774 -0.81141 2.66749e-6 0.9659297 -0.2588046 1.53072e-5 0.9659288 -0.258808 -1.35526e-5 0.9659188 -0.2588458 2.65688e-5 0.9659225 -0.2588313 -1.82688e-5 -0.1735785 0.9848201 2.00048e-5 -0.173563 0.9848228 -1.27628e-5 -0.1735287 0.9848288 1.89915e-5 -0.1735321 0.9848283 -3.47644e-5 -0.1735318 -0.9848282 2.88412e-5 -0.1735509 -0.984825 -1.58846e-5 -0.1735625 -0.9848229 -2.30968e-7 -0.1735603 -0.9848234 -6.48946e-6 -0.2588413 0.9659199 4.3073e-5 -4.69107e-6 1 0 5.14258e-5 1 7.92862e-5 0.08205056 0.9966282 4.9811e-6 0.2588173 0.9659263 7.7377e-5 0.2588163 0.9659267 0 0.4999413 0.8660593 0 0.4999428 0.8660585 2.63439e-7 0.7072741 0.7069395 0 0.7072752 0.7069384 0 0.8659293 0.5001665 0 0.86593 0.5001652 0 0.9659357 0.2587827 0 0.9659361 0.2587812 0 1 1.67846e-4 0 1 1.66263e-4 0 0.9658517 -0.2590955 0 0.9658513 -0.259097 0 0.8660719 -0.4999194 0 0.8660712 -0.4999207 0 0.7071759 -0.7070377 0 0.7071423 -0.7070713 4.61461e-7 0.5000299 -0.8660083 0 0.4999489 -0.866055 0 0.2587644 -0.9659405 -1.53453e-7 -0.2586944 0.9659592 0 -0.3872688 0.9219669 -4.00712e-7 -0.5000437 0.8660003 4.32041e-5 -0.500111 0.8659613 0 -0.7071081 0.7071055 0 -0.7071092 0.7071045 0 -0.8660185 0.500012 0 -0.8659734 0.5000901 0 -0.9659354 0.2587834 0 -0.9659361 0.2587808 0 -1 1.68387e-4 0 -1 1.65732e-4 0 -0.9658519 -0.2590951 0 -0.9658511 -0.2590977 0 -0.8659784 -0.5000814 0 -0.8659777 -0.5000828 0 -0.7071721 -0.7070416 0 -0.707171 -0.7070425 0 -0.5000525 -0.8659951 4.20665e-5 -0.5000957 -0.8659703 0 -0.3872855 -0.9219598 2.67492e-6 -0.2587721 -0.9659385 1.61487e-6 -0.2588006 -0.9659308 0 -1.29676e-4 -1 0 -1.6696e-6 -1 -3.44729e-6 0.08206719 -0.9966268 -2.20807e-7 0.2587095 -0.9659552 0 -1.66808e-4 -1 0 -1.65378e-4 -1 0 0.2590957 -0.9658517 0 0.259097 -0.9658514 0 0.5000826 -0.8659777 0 0.5000846 -0.8659766 0 0.7070406 -0.707173 0 0.707041 -0.7071727 0 0.8660496 -0.4999583 0 0.8660445 -0.4999671 0 0.9167651 -0.3994269 0 0.9167597 -0.3994392 0 0.9659272 -0.2588142 0 0.9659738 -0.25864 0 1 2.56898e-6 0 1 -1.24383e-7 0 0.9659443 0.2587506 0 0.965945 0.258748 -4.39449e-7 0.8660577 0.499944 0 0.8660588 0.4999422 0 0.7070363 0.7071774 3.16425e-7 0.7070683 0.7071453 0 0.4999174 0.8660731 0 0.4999155 0.8660743 0 0.259097 0.9658514 0 0.2590957 0.9658517 0 -1.65378e-4 1 0 -1.66808e-4 1 0 -0.2587828 0.9659357 0 -0.2587848 0.965935 0 -0.5001656 0.8659298 0 -0.5001667 0.8659292 0 -0.7069374 0.7072762 0 -0.706938 0.7072756 0 -0.8660573 0.4999448 0 -0.8661044 0.4998631 0 -0.9659129 0.2588673 0 -0.9659137 0.2588649 0 -1 2.03865e-6 0 -1 4.54629e-7 0 -0.9658008 -0.2592852 0 -0.9658008 -0.2592853 0 -0.9167615 -0.3994352 0 -0.9167622 -0.3994334 0 -0.8660461 -0.4999644 0 -0.8661141 -0.4998465 0 -0.7071051 -0.7071085 0 -0.7071045 -0.7071091 0 -0.5000174 -0.8660154 0 -0.5000162 -0.866016 -4.56693e-7 -0.2587848 -0.965935 0 -0.2587828 -0.9659357 0 -7.46548e-7 -1 0 7.27405e-7 -1 0 0.2588582 -0.9659154 0 0.2588595 -0.965915 0 0.50002 -0.8660138 0 0.5000217 -0.8660129 0 0.7071081 -0.7071055 0 0.7071092 -0.7071045 0 0.8660185 -0.500012 0 0.8659734 -0.5000901 0 0.9659354 -0.2587834 0 0.9659361 -0.2587808 0 1 -1.68387e-4 0 1 -1.65732e-4 0 0.9658523 0.2590934 0 0.9658516 0.2590959 0 0.8660238 0.5000029 0 0.8660458 0.4999646 0 0.707235 0.7069786 0 0.7071691 0.7070445 -3.35728e-7 0.5000255 0.8660107 0 0.5000239 0.8660117 0 0.2587943 0.9659324 4.57027e-7 0.2587929 0.9659329 0 7.51081e-7 1 0 -7.65433e-7 1 0 -0.2587928 0.9659329 0 -0.2587501 0.9659443 0 -0.4999451 0.8660571 0 -0.5000261 0.8660105 0 -0.7071403 0.7070733 3.68969e-7 -0.7071738 0.7070398 0 -0.8660707 0.4999216 0 -0.8660714 0.4999204 0 -0.9658518 0.2590953 0 -0.9658523 0.2590938 0 -1 -1.66263e-4 0 -1 -1.67846e-4 0 -0.9659361 -0.2587812 0 -0.9659357 -0.2587827 0 -0.86593 -0.5001652 0 -0.8659293 -0.5001665 0 -0.7072752 -0.7069384 0 -0.7072741 -0.7069395 0 -0.4999428 -0.8660585 2.63439e-7 -0.4999413 -0.8660593 0 -0.2588596 -0.965915 0 -0.258858 -0.9659154 0 0.9659093 0.2588809 -2.40091e-5 0.9167614 0.3994352 -7.48091e-7 0.8660188 0.5000117 -2.4238e-5 0.8661141 0.4998465 0 0.7071051 0.7071085 0 0.7071045 0.7071091 0 0.5000174 0.8660154 0 0.5000162 0.866016 -4.56693e-7 0.2587848 0.965935 0 0.2587828 0.9659357 0 1.66808e-4 1 0 1.65378e-4 1 0 -0.2590957 0.9658517 0 -0.259097 0.9658514 0 -0.5000826 0.8659777 0 -0.5000846 0.8659766 0 -0.7070406 0.707173 0 -0.707041 0.7071727 0 -0.8660182 0.5000124 -2.4523e-5 -0.8660523 0.4999535 0 -0.9167636 0.3994303 -1.55405e-6 -0.9659519 0.2587217 -2.05904e-6 -0.9659261 0.2588185 0 -1 -1.24383e-7 0 -1 2.56898e-6 0 -0.9659327 -0.2587936 0 -0.9659571 -0.2587025 0 -0.8660548 -0.4999491 0 -0.8660559 -0.4999473 0 -0.7070375 -0.7071761 0 -0.7070371 -0.7071765 0 -0.499924 -0.8660693 0 -0.499922 -0.8660705 0 -0.259097 -0.9658514 0 -0.2590957 -0.9658517 0 1.65378e-4 -1 0 1.66808e-4 -1 0 0.2587828 -0.9659357 0 0.2587848 -0.965935 0 0.5001721 -0.865926 0 0.5001733 -0.8659254 0 0.7069387 -0.7072749 0 0.7069393 -0.7072742 0 0.8661003 -0.4998704 2.0559e-7 0.8660557 -0.4999475 0 0.9659132 -0.2588661 0 0.9659139 -0.2588636 0 1 4.54629e-7 0 1 2.03865e-6 0 0.9658003 0.2592872 0 0.1004754 0.9949396 2.12118e-5 0.1004537 0.9949418 -2.58684e-5 -0.04430592 0.9990181 -2.22772e-6 -0.04384201 0.9990385 -2.05487e-5 -0.08042234 0.996761 3.05399e-5 -0.08042919 0.9967603 -3.43174e-5 -0.1881802 0.9821345 4.033e-5 -0.1882674 0.9821178 -1.18166e-5 -0.2588154 0.9659268 2.67997e-5 -0.2586935 0.9659596 -2.73362e-5 -0.3280959 0.9446445 1.58772e-5 -0.3280752 0.9446516 -1.98483e-5 -0.4287382 0.9034289 -4.18723e-6 -0.4287312 0.9034323 -1.46329e-5 -0.4611367 0.8873292 4.16636e-5 -0.4609051 0.8874495 -5.84125e-6 -0.5844731 0.8114132 7.54744e-6 -0.5844848 0.8114048 -1.70099e-5 -7.70217e-7 -1 0 7.36729e-7 -1 0 0.258793 -0.9659329 0 0.2587058 -0.9659562 0 0.500023 -0.8660123 0 0.5000246 -0.8660113 0 0.70717 -0.7070435 0 0.7072361 -0.7069776 0 0.865978 -0.5000821 0 0.8660248 -0.5000012 -4.47433e-7 0.9658516 -0.2590959 0 0.9658523 -0.2590933 0 1 1.64746e-4 0 1 1.67392e-4 0 0.9659361 0.2587809 0 0.9659354 0.2587834 0 0.8659946 0.5000535 0 0.8659938 0.5000549 0 0.7071071 0.7071065 0 0.7071061 0.7071075 0 0.5000251 0.866011 0 0.5000234 0.8660119 0 0.2588666 0.9659131 0 0.2588653 0.9659135 0 7.17835e-7 1 0 -7.51334e-7 1 0 -0.2588651 0.9659135 0 -0.2588667 0.9659131 0 -0.4998652 0.8661032 0 -0.4998668 0.8661023 0 -0.7072721 0.7069415 0 -0.7072732 0.7069404 0 -0.8659275 0.5001696 0 -0.8659283 0.5001683 0 -0.9659357 0.2587828 0 -0.965936 0.2587813 0 -1 1.66861e-4 0 -1 1.65292e-4 0 -0.9658522 -0.2590937 0 -0.9658518 -0.2590952 0 -0.8660724 -0.4999186 0 -0.8660717 -0.49992 0 -0.7071748 -0.7070388 0 -0.7071413 -0.7070723 0 -0.4998663 -0.8661026 0 -0.4998648 -0.8661035 0 -0.2587945 -0.9659325 0 -0.2587929 -0.9659329 0 -8.08489e-7 -1 0 8.08489e-7 -1 0 0.2587812 -0.965936 0 0.2587828 -0.9659355 0 0.4999316 -0.8660649 0 0.499933 -0.8660641 0 0.7071064 -0.7071072 0 0.7071073 -0.7071064 0 0.8661329 -0.4998136 0 0.8660649 -0.4999316 0 0.9659357 -0.2587826 0 0.965936 -0.2587814 0 1 -5.40587e-7 0 1 5.40587e-7 0 0.965936 0.2587814 0 0.9659357 0.2587826 0 0.8660649 0.4999316 0 0.8661329 0.4998136 0 0.7071073 0.7071064 0 0.7071064 0.7071072 0 0.499933 0.8660641 0 0.4999316 0.8660649 0 0.2587828 0.9659355 0 0.2587812 0.965936 0 8.08489e-7 1 0 -8.08489e-7 1 0 -0.2587812 0.965936 0 -0.2587828 0.9659355 0 -0.4999316 0.8660649 0 -0.499933 0.8660641 0 -0.7071064 0.7071072 0 -0.7071073 0.7071064 0 -0.8661329 0.4998136 0 -0.8660649 0.4999316 0 -0.9659357 0.2587826 0 -0.965936 0.2587814 0 -1 5.40587e-7 0 -1 -5.40587e-7 0 -0.965936 -0.2587814 0 -0.9659357 -0.2587826 0 -0.8660649 -0.4999316 0 -0.8661329 -0.4998136 0 -0.7071073 -0.7071064 0 -0.7071064 -0.7071072 0 -0.499933 -0.8660641 0 -0.4999316 -0.8660649 0 -0.2587828 -0.9659355 0 -0.2587812 -0.965936 0 -1.66813e-4 -1 0 -1.65378e-4 -1 0 0.2590938 -0.9658522 0 0.259095 -0.9658519 0 0.4999183 -0.8660727 0 0.4999202 -0.8660716 0 0.7070391 -0.7071745 0 0.7070719 -0.7071416 -4.2451e-7 0.8660119 -0.5000236 2.98564e-7 0.8660566 -0.4999461 0 0.965933 -0.2587924 0 0.9659442 -0.2587506 0 1 1.32994e-6 0 1 -1.373e-6 0 0.9659442 0.2587506 0 0.965933 0.2587924 0 0.866011 0.500025 0 0.8660121 0.5000231 0 0.7070432 0.7071704 0 0.7070428 0.7071707 0 0.5000822 0.865978 0 0.5000008 0.866025 0 0.2590952 0.9658519 0 0.2590939 0.9658522 0 -1.65373e-4 1 0 -1.66813e-4 1 0 -0.258781 0.965936 0 -0.2587831 0.9659355 0 -0.5000139 0.8660175 0 -0.500015 0.8660168 0 -0.7071067 0.7071068 0 -0.7071074 0.7071063 0 -0.8660106 0.5000256 0 -0.866012 0.5000234 0 -0.9659135 0.2588649 0 -1 7.75262e-7 0 -1 -8.03975e-7 0 -0.9659135 -0.2588649 0 -0.9659129 -0.2588674 0 -0.8661033 -0.4998651 0 -0.8660562 -0.4999468 0 -0.7069413 -0.7072722 0 -0.7069407 -0.7072729 0 -0.5001696 -0.8659276 0 -0.5001683 -0.8659282 0 -0.2587829 -0.9659355 0 -0.2587808 -0.9659361 0 1.65373e-4 -1 0 1.66813e-4 -1 0 0.258781 -0.965936 0 0.2587831 -0.9659355 0 0.5000139 -0.8660175 0 0.500015 -0.8660168 0 0.7071067 -0.7071068 0 0.7071074 -0.7071063 0 0.8661155 -0.4998442 0 0.8660473 -0.499962 0 0.9167617 -0.3994346 0 0.9167611 -0.3994364 0 0.9658004 -0.2592868 0 0.9658955 -0.2589324 0 1 -7.75262e-7 0 1 8.03975e-7 0 0.9659135 0.2588649 0 0.9659129 0.2588674 0 0.8661033 0.4998651 0 0.8660562 0.4999468 0 0.7069413 0.7072722 0 0.7069407 0.7072729 0 0.5001696 0.8659276 0 0.5001683 0.8659282 0 0.2587829 0.9659355 0 0.2587808 0.9659361 0 1.66813e-4 1 0 1.65378e-4 1 0 -0.2590938 0.9658522 0 -0.259095 0.9658519 0 -0.4999183 0.8660727 0 -0.4999202 0.8660716 0 -0.7070391 0.7071745 0 -0.7070719 0.7071416 -4.2451e-7 -0.8660119 0.5000236 2.98564e-7 -0.8660566 0.4999461 0 -0.965933 0.2587924 0 -0.9659442 0.2587506 0 -1 -1.32994e-6 0 -1 1.373e-6 0 -0.9659497 -0.2587302 0 -0.9659743 -0.2586384 0 -0.9167592 -0.3994403 0 -0.9167646 -0.399428 0 -0.8661146 -0.4998456 0 -0.8661195 -0.499837 0 -0.7070432 -0.7071704 0 -0.7070428 -0.7071707 0 -0.5000822 -0.865978 0 -0.5000008 -0.866025 0 -0.2590952 -0.9658519 0 -0.2590939 -0.9658522 0 -0.2587755 0.9659376 1.54464e-6 -1.45167e-4 1 0 -2.679e-6 1 -4.45273e-6 0.08206123 0.9966273 -2.79734e-7 0.2587517 0.9659439 -4.34695e-6 0.2587702 0.9659389 0 0.4998648 0.8661035 0 0.4998663 0.8661026 0 0.7071413 0.7070723 0 0.7071748 0.7070388 0 0.8660717 0.49992 0 0.8660724 0.4999186 0 0.9658518 0.2590952 0 0.9658522 0.2590937 0 1 -1.65292e-4 0 1 -1.66861e-4 0 0.965936 -0.2587813 0 0.9659357 -0.2587828 0 0.8659283 -0.5001683 0 0.8659275 -0.5001696 0 0.7072732 -0.7069404 0 0.7072721 -0.7069415 0 0.4998668 -0.8661023 0 0.4998652 -0.8661032 0 0.2588162 -0.9659266 7.77972e-5 -0.2588177 0.9659262 0 -0.3872753 0.9219641 -6.70196e-7 -0.5000467 0.8659985 4.3275e-5 -0.5000416 0.8660014 0 -0.70717 0.7070435 0 -0.7072361 0.7069776 0 -0.865978 0.5000821 0 -0.8660248 0.5000012 -4.47433e-7 -0.9658516 0.2590959 0 -0.9658523 0.2590933 0 -1 -1.64746e-4 0 -1 -1.67392e-4 0 -0.9659361 -0.2587809 0 -0.9659354 -0.2587834 0 -0.8659946 -0.5000535 0 -0.8659938 -0.5000549 0 -0.7071071 -0.7071065 0 -0.7071061 -0.7071075 0 -0.5000482 -0.8659976 4.30615e-5 -0.4999731 -0.866041 0 -0.3872764 -0.9219638 2.73816e-6 -0.2588397 -0.9659203 4.29315e-5 -0.258692 -0.9659599 0 4.54392e-6 -1 0 5.20721e-5 -1 7.97176e-5 0.08208584 -0.9966253 5.0016e-6 0.2587568 -0.9659425 0 4.40635e-7 0 1 4.16636e-5 1.51582e-5 1 1.74604e-5 1.07307e-5 1 8.67434e-6 7.78586e-6 1 2.44454e-5 3.20077e-5 1 6.82484e-6 0 1 6.37025e-6 5.49853e-6 1 1.49347e-5 8.42661e-6 1 -0.7071292 -0.7070844 0 -0.7071315 -0.7070822 4.7998e-7 -0.7490384 -0.6625266 7.05387e-7 -0.846761 -0.5319737 -1.89539e-5 -0.9438732 -0.3303084 -4.61556e-7 -0.9157877 -0.4016627 2.04586e-6 -0.8467345 -0.5320156 0 -0.9937101 0.1119836 6.97093e-6 -0.993725 -0.1118516 0 -0.9937194 -0.1119015 0 -0.9439506 -0.3300871 0 -0.8466569 0.5321393 2.0726e-7 -0.9438728 0.3303096 0 -0.9439492 0.3300909 6.9439e-6 -0.988691 0.1499667 0 -0.9937142 0.1119467 1.97138e-6 -0.7071301 0.7070836 0 -0.7071323 0.7070813 1.38243e-6 -0.7490435 0.6625208 0 -0.7761595 0.6305367 -1.23842e-5 -0.8467152 0.5320464 0 0.7070853 0.7071284 0 0.7070958 0.7071179 2.991e-7 0.5322168 0.8466081 7.35697e-7 0.6625374 0.7490289 -1.14512e-6 0.6305565 0.7761434 -5.79418e-6 0.5320285 0.8467265 0 0.330196 0.9439124 0 0.3302474 0.9438945 -6.19658e-6 0.1499877 0.9886879 0 0.1118991 0.9937196 7.23042e-7 -0.3303048 0.9438744 -3.24606e-7 -0.1119909 0.9937093 0 -0.1119905 0.9937093 0 0.1119729 0.9937113 0 -0.4016419 0.9157969 -1.7751e-6 -0.5321589 0.8466446 1.05498e-4 -0.3302504 0.9438934 0 -0.7071027 0.707111 0 -0.7071133 0.7071003 -9.99899e-7 -0.6625269 0.7490381 6.76635e-7 -0.5320074 0.8467398 0 0.7071169 -0.7070967 0 0.7070986 -0.7071151 -9.20205e-7 0.8657477 -0.5004807 9.29607e-7 0.7490502 -0.6625133 1.64099e-6 0.7760979 -0.6306125 -7.43711e-6 0.8660212 -0.5000076 0 0.9659246 -0.2588238 0 0.9886267 -0.150391 0 1 0 0 0.9658943 -0.2589372 0 1 1.4968e-5 0 0.9659656 0.258671 0 0.9658947 0.2589353 1.92738e-6 0.9156557 0.4019636 0 0.8659571 0.5001186 4.29182e-5 0.7071242 0.7070895 0 0.7071239 0.7070897 1.98428e-6 0.7490545 0.6625084 1.09736e-6 0.8660232 0.5000038 0 0.7070974 -0.7071161 0 0.7070834 -0.7071302 -2.14519e-6 0.6625111 -0.7490521 7.94647e-7 0.5319741 -0.8467607 -2.14333e-5 0.3302622 -0.9438892 2.20585e-7 0.4016233 -0.915805 3.21684e-6 0.5320164 -0.8467341 0 -0.1118829 -0.9937214 6.89615e-6 0.1118494 -0.9937252 0 0.1118494 -0.9937252 0 0.330562 -0.9437843 -5.30208e-7 -0.5321433 -0.8466543 1.88169e-7 -0.3303143 -0.9438711 0 -0.3300907 -0.9439494 6.8695e-6 -0.1499906 -0.9886875 0 -0.1119712 -0.9937115 2.20845e-6 -0.7070924 -0.7071212 0 -0.7071093 -0.7071043 -4.59957e-7 -0.6625198 -0.7490444 1.50205e-6 -0.6305531 -0.7761461 6.84533e-7 -0.532043 -0.8467173 6.09341e-6 0.9914445 -0.1305291 1.60933e-5 0.9914717 -0.1303232 -3.36915e-5 0.9914448 0.130527 -1.32173e-5 0.9914716 0.1303235 3.31849e-5 -0.9914444 0.1305307 2.66731e-5 -0.9914308 0.1306329 -2.34917e-5 -0.9914444 -0.13053 -2.83569e-5 -0.9914306 -0.1306347 2.48775e-5 -0.9982287 -0.009703814 0.05869656 -0.9823622 -0.1540259 0.106022 -0.9868117 -0.1582241 0.03417396 -0.7235966 -0.5596557 0.4039722 -0.7374549 -0.5720338 0.3590788 -0.7724171 -0.4933613 0.3999579 -0.9992561 -0.01821237 0.03399395 -0.9955497 0.09338879 0.01261889 -0.9946639 0.102613 0.01069259 -0.882689 -0.3921754 0.2589568 -0.9210827 -0.3423497 0.1854817 -0.9102123 -0.3197134 0.263243 -0.654392 -0.3892173 0.6482909 -0.5633876 -0.426796 0.7074176 -0.6201166 -0.4714613 0.6270405 -0.9647079 -0.2589854 0.04759538 -0.918709 -0.3894675 0.06549131 -0.9864357 -0.164148 -2.67033e-4 -0.7540889 -0.5866375 0.2953076 -0.8506714 -0.4868549 0.1983194 -0.8560097 -0.5002707 0.1302955 -0.9635378 -0.08329188 0.2542786 -0.944013 -0.1319262 0.3023823 -0.9706513 -0.1449856 0.1918736 -0.9122988 -0.2020671 0.3562019 -0.9447141 -0.2187324 0.2442775 -0.8863761 -0.296169 0.3558391 -0.8634848 -0.2599924 0.4322013 -0.8481996 -0.2737047 0.4534788 -0.8668516 -0.3658223 0.3387367 -0.8385694 -0.3383632 0.42698 -0.7979741 -0.3114827 0.5159611 -0.8324265 -0.4426375 0.3333742 -0.8105036 -0.4133847 0.4149662 -0.7772514 -0.382225 0.4997845 -0.7332963 -0.3503346 0.5827024 -0.7038447 -0.4269038 0.567764 -0.6281774 -0.4779887 0.6139381 -0.7431714 -0.4617104 0.4842725 -0.96064 -0.2349298 0.1482526 -0.9224962 -0.3620126 0.1339696 -0.844339 -0.4679133 0.2610536 -0.9845686 -0.005190253 0.1749223 -0.9946667 -0.007421612 0.1028751 -0.9922245 0.1037392 0.06876707 -0.9658993 0.2588251 -0.006939589 -0.9814954 0.1914346 0.004426777 -0.9918412 0.1113485 0.06206929 -0.9653615 0.2585235 -0.03525143 -0.9658455 0.2588191 -0.01245898 -0.7759353 -0.6062409 0.1743459 -0.7769833 -0.6068452 0.1674392 -0.7847528 -0.6152176 0.07530188 -0.6673998 -0.5107867 0.5419174 -0.6805998 -0.5219871 0.5141143 -0.7061979 -0.5444583 0.4526035 -0.9088619 0.4169076 0.01258033 -0.7928098 0.553937 0.2541778 -0.8500655 0.4967558 0.1749927 -0.857694 0.5037533 0.1029248 -0.6009306 0.7966139 0.0654878 -0.6179233 0.7747405 0.1339699 -0.7754606 0.6304726 0.03413754 -0.2946159 0.7018178 0.6485779 -0.274522 0.6513054 0.7074171 -0.3720737 0.6642451 0.648336 -0.4598759 0.6700425 0.5827155 -0.4820063 0.7196402 0.499788 -0.5570396 0.7123003 0.4270074 -0.5352954 0.6687322 0.516 -0.619534 0.6996808 0.3558435 -0.495267 0.7632833 0.4148607 -0.4127337 0.7714498 0.4842689 -0.3961059 0.7216375 0.5677495 -0.3013157 0.7183383 0.6270559 -0.4972622 0.8273898 0.2610682 -0.4222607 0.8134769 0.399939 -0.4995781 0.799555 0.3333671 -0.5683479 0.7809725 0.2589649 -0.4932517 0.8469819 0.1983039 -0.4911836 0.8612601 0.1302683 -0.8562684 0.5154166 0.03391534 -0.5977015 0.6611329 0.4534934 -0.617819 0.6568974 0.4321871 -0.7087851 0.6617879 0.2442548 -0.6890513 0.6311022 0.3562561 -0.7681261 0.6108834 0.1918428 -0.7515856 0.5862295 0.302414 -0.9146403 0.3994681 0.06211739 -0.9127233 0.4084386 0.01068449 -0.9111545 0.4062631 0.06890612 -0.8596287 0.5075389 0.0586735 -0.7737525 0.624556 0.1060046 -0.7749599 0.6298112 0.0526793 -0.714505 0.6837407 0.1482616 -0.7117422 0.697916 0.07960093 -0.6284018 0.7319934 0.2632431 -0.6265261 0.7570104 0.1854735 -0.5678066 0.750235 0.3387377 -0.3694739 0.9139592 0.167832 -0.3049736 0.7278816 0.6141495 -0.3227534 0.7759389 0.5419863 -0.3393166 0.8246177 0.4526257 -0.3395422 0.8253249 0.4511651 -0.3689097 0.9129284 0.1745491 -0.3651362 0.9013165 0.2330327 -0.3625195 0.8933051 0.26568 -0.3526663 0.864074 0.3591695 -0.346727 0.8463257 0.4043676 -0.1581557 0.3711425 0.9150082 -0.1382163 0.3238129 0.935971 -0.2612456 0.3671217 0.8927332 -0.3910887 0.1048351 0.9143629 -0.4335662 0.1161888 0.8935999 -0.49812 0.258558 0.8276619 -0.2400447 0.5659411 0.7887264 -0.2020908 0.4735595 0.8572635 -0.3013115 0.5216147 0.798204 -0.1250128 0.2934573 0.947763 -0.100381 0.2370219 0.9663044 -0.1988841 0.2746479 0.9407517 -0.79264 0.3885214 0.469865 -0.7469493 0.4069501 0.5257932 -0.7116777 0.3345249 0.6177443 -0.7016976 0.3770549 0.6045247 -0.6549564 0.3421534 0.6737681 -0.6429417 0.2718443 0.7160494 -0.6044613 0.1619777 0.7799935 -0.68189 0.2260753 0.6956408 -0.6830151 0.1830012 0.7071076 -0.5731106 0.2667861 0.7748352 -0.5263786 0.1410818 0.8384638 -0.5929201 0.1588918 0.7894297 -0.4986846 0.3375 0.798378 -0.3940321 0.3214457 0.8610526 -0.3166832 0.2272828 0.9208987 -0.226312 0.2058074 0.9520643 -0.1778547 0.1162555 0.9771655 -0.08868026 0.02386403 0.9957743 -0.1602031 0.04302269 0.986146 -0.160841 0.04318052 0.9860354 -0.2065112 0.0553832 0.9768756 -0.3405569 0.09125751 0.9357848 -0.2622026 0.1383225 0.955048 -0.3556639 0.1603229 0.9207605 -0.4159813 0.2468171 0.8752377 -0.06877934 0.1634706 0.9841477 -0.1430411 0.1812057 0.9729871 -0.06487745 0.1545657 0.9858501 -0.06398528 0.1524265 0.9862415 -0.02977061 0.07257091 0.9969189 -0.2446271 0.57686 0.7793523 -0.3409507 0.5978227 0.7255072 -0.4275398 0.6113134 0.6659622 -0.502121 0.6168731 0.6060876 -0.5647543 0.6153582 0.5498971 -0.1755294 0.4112568 0.8944593 -0.2541829 0.437702 0.8624432 -0.3823706 0.5402572 0.7496099 -0.3260334 0.4582396 0.8268729 -0.4536141 0.5515299 0.700035 -0.6151294 0.5495971 0.5652955 -0.5155689 0.5560972 0.6518778 -0.4505021 0.4818438 0.7515813 -0.3911706 0.4727485 0.7896168 -0.4128662 0.4395177 0.7977253 -0.3704206 0.3920512 0.8420715 -0.2951589 0.3014754 0.9066388 -0.4739194 0.4061487 0.7813089 -0.5165539 0.4495988 0.7287201 -0.5539619 0.4872565 0.675061 -0.9494296 0.3119546 0.03560751 -0.8936889 0.4288451 0.1319549 -0.6594303 0.5962251 0.4578945 -0.7282297 0.5624717 0.3915446 -0.9260103 0.3523055 0.135594 -0.8583692 0.4050518 0.3148578 -0.8867236 0.3728198 0.2733617 -0.829791 0.3680523 0.4195051 -0.7645993 0.3254237 0.5563159 -0.7111138 0.2754892 0.6468562 -0.9027046 0.3949143 0.1707839 -0.8660565 0.442997 0.2317326 -0.8190925 0.4385273 0.3698394 -0.8016902 0.4910381 0.3408439 -0.7858873 0.4262167 0.4480185 -0.8317695 0.4980801 0.2451037 -0.7861759 0.5314748 0.3153759 -0.7545446 0.5119423 0.4105821 -0.6939455 0.5291134 0.4883428 -0.6715654 0.5072045 0.540133 -0.645029 0.4813143 0.5935271 -0.6135562 0.4506826 0.6484089 -0.5768517 0.4146911 0.7037567 -0.5392442 0.3782565 0.7524212 -0.02792042 0.06800031 0.9972946 -0.3675786 0.09847891 0.9247637 -0.5861112 0.3443298 0.733424 -0.6335772 0.3835882 0.6718928 -0.6784006 0.4175865 0.6044785 -0.7186101 0.4455256 0.5339537 -0.752636 0.466777 0.4643902 -0.7801171 0.4816625 0.3992726 -0.8841965 0.2375238 0.4022179 -0.9006087 0.2421631 0.3609169 -0.9070332 0.2704872 0.3226878 -0.8096067 0.3147904 0.495423 -0.853656 0.3048696 0.4222868 -0.8879919 0.328151 0.3221606 -0.9151002 0.2459214 0.3195535 -0.9504777 0.2543786 0.1785603 -0.9511729 0.2635903 0.1605935 -0.8251346 0.2762337 0.492796 -0.7709696 0.2763635 0.573785 -0.7646084 0.2045493 0.6111739 -0.9222813 0.3200573 0.2167039 -0.945431 0.3004728 0.126002 -0.9624189 0.2580963 0.08447647 -0.9510811 0.255465 0.1737309 -0.9203595 0.2839158 0.2689429 -0.9597598 0.2705802 0.07515138 -0.9336878 0.2949618 0.2030384 -0.9569787 0.2720337 0.1009438 -0.963042 0.2580353 0.07725304 -0.9651511 0.2585983 0.04013019 -0.8113855 0.2466915 0.5299029 -0.8145302 0.218709 0.5373147 -0.8252725 0.2211007 0.5196537 -0.8917145 0.16281 0.4223011 -0.9331033 0.159797 0.3221541 -0.9471526 0.1880658 0.2598717 -0.7044069 0.1455456 0.694714 -0.7533809 0.1170494 0.6470833 -0.8058579 0.146182 0.5737804 -0.9026774 0.09615582 0.4194375 -0.8585317 0.1321997 0.4954258 -0.8249661 0.1005069 0.5561739 -0.8527491 0.1734129 0.4926938 -0.8914222 0.1981194 0.4075724 -0.920753 0.2192826 0.3226904 -0.9647833 0.2428885 0.1009882 -0.9587481 0.1839637 0.2167018 -0.969011 0.2124801 0.1259763 -0.9543652 0.1204844 0.2732592 -0.9781206 0.1578758 0.1354815 -0.9624804 0.2577124 0.08494687 -0.9011355 0.2406091 0.3606415 -0.9215889 0.2464222 0.2999166 -0.9555301 0.2473229 0.160604 -0.9503834 0.2542755 0.1792079 -0.9512868 0.2542154 0.1744362 -0.8846713 0.2365584 0.4017423 -0.8295519 0.2224475 0.5122116 -0.8147873 0.2178672 0.5372668 -0.7654188 0.2050909 0.609977 -0.7543472 0.202347 0.6245126 -0.6830137 0.1830073 0.7071072 -0.9664606 0.2455524 0.0752204 -0.9560632 0.2114117 0.2030963 0.8841964 -0.237551 0.402202 0.9006219 -0.2421726 0.3608776 0.9070345 -0.2704849 0.3226864 0.8096087 -0.3147968 0.4954158 0.8536708 -0.3048708 0.4222558 0.8879901 -0.3281718 0.3221442 0.915252 -0.2459877 0.3190671 0.9500627 -0.2550521 0.1798036 0.951176 -0.2635958 0.1605668 0.8251197 -0.2762289 0.4928236 0.7709612 -0.2763659 0.5737953 0.7111306 -0.2755421 0.6468152 0.7646037 -0.3254453 0.5562973 0.6818904 -0.226074 0.6956408 0.6830039 -0.1830366 0.7071092 0.7646496 -0.2045791 0.6111125 0.8297919 -0.368071 0.4194868 0.8867288 -0.372803 0.2733676 0.9222816 -0.3200598 0.2166992 0.9260064 -0.3523143 0.1355984 0.9454284 -0.300477 0.1260112 0.9494295 -0.3119533 0.03562223 0.9624545 -0.2578833 0.0847218 0.9508547 -0.255459 0.1749747 0.9203754 -0.2838956 0.2689103 0.9597603 -0.2705792 0.07514858 0.9336765 -0.2949607 0.2030925 0.9569779 -0.2720336 0.1009517 0.9630445 -0.2580295 0.07724016 0.9651536 -0.2585906 0.04011976 0.8113917 -0.2466909 0.5298935 0.8140102 -0.2184846 0.5381931 0.8237399 -0.2218767 0.5217502 0.9659041 -0.2588064 -0.006977021 0.8917249 -0.1628112 0.4222787 0.9331046 -0.1597938 0.3221516 0.9471473 -0.18808 0.259881 0.9026788 -0.09616732 0.4194318 0.8585259 -0.1321986 0.495436 0.8249658 -0.1005073 0.5561741 0.7533817 -0.1170495 0.6470824 0.8058554 -0.1461514 0.5737917 0.7045868 -0.1455098 0.694539 0.7517541 -0.2013362 0.6279568 0.6830066 -0.1830102 0.7071134 0.8527062 -0.1733588 0.4927871 0.8914161 -0.1981055 0.4075924 0.9207535 -0.2192851 0.3226873 0.9647828 -0.2428877 0.1009932 0.9587473 -0.1839659 0.2167032 0.969011 -0.2124676 0.125997 0.9543613 -0.1204805 0.2732747 0.9781216 -0.1578677 0.135484 0.9009703 -0.2405727 0.361078 0.9435136 -0.2533116 0.2135775 0.9555274 -0.2473222 0.1606209 0.9503821 -0.2532846 0.1806123 0.9512202 -0.2543181 0.17465 0.8842415 -0.2362893 0.4028455 0.870636 -0.2330228 0.433236 0.8142189 -0.2184972 0.5378723 0.7649181 -0.2048144 0.6106975 0.7538879 -0.2019169 0.6252062 0.9664619 -0.2455508 0.07520788 0.9560632 -0.2114116 0.2030969 0.9094383 0.06608867 0.4105538 0.9398335 0.02438747 0.3407616 0.8852207 0.02790033 0.4643339 0.9867473 -0.1483199 0.06581014 0.9814972 -0.1914268 0.004388451 0.9918392 -0.1113606 0.0620805 0.5927705 -0.1588622 0.789548 0.5211942 -0.1395827 0.8419462 0.5542102 -0.09210312 0.8272655 0.5941772 0.3472384 0.7255198 0.5002042 0.3772872 0.7793909 0.563386 0.4267696 0.7074348 0.7432832 0.2831811 0.6060847 0.7967705 0.2505531 0.5498909 0.724564 0.2238177 0.6518533 0.9122959 0.2020619 0.3562122 0.9440139 0.1319285 0.3023784 0.9119018 0.1230267 0.3915348 0.8655153 0.1112692 0.4883673 0.8074714 0.1684257 0.5653519 0.869208 0.1866232 0.4578748 0.8482018 0.2737045 0.4534752 0.8634816 0.2599971 0.4322049 0.7979492 0.3114991 0.5159898 0.73329 0.350331 0.5827126 0.6686291 0.2508301 0.7000139 0.6759246 0.3156287 0.6659613 0.6543914 0.3892024 0.6483004 0.6310568 0.1920349 0.7515918 0.6796343 0.2084197 0.7033197 0.7233765 0.1450033 0.6750559 0.7992626 0.09434986 0.5935298 0.8489384 0.05989927 0.5250865 0.6012654 0.2766898 0.7496151 0.6721729 0.1310393 0.728706 0.5168322 0.1543097 0.8420648 0.5772891 0.174212 0.797739 0.409843 0.1872122 0.8927376 0.5114852 0.2337983 0.8268744 0.5571328 0.2555376 0.790129 0.4175243 0.3135654 0.8528484 0.5217664 0.3011287 0.7981737 0.4310985 0.3238729 0.842176 0.4907695 0.3701571 0.7887517 0.5019563 0.08137619 0.8610563 0.6135003 0.1147658 0.7813106 0.7566567 0.08353972 0.6484536 0.483562 0.005753397 0.8752912 0.3878431 0.03852784 0.9209198 0.406307 0.1135198 0.9066575 0.3095874 0.1383974 0.9407454 0.205724 0.1554492 0.9661849 0.298891 0.0650503 0.9520676 0.1600923 -0.04277253 0.986175 0.214456 0.08538502 0.9729943 0.0845384 -0.02257353 0.9961645 0.07768523 -0.02072519 0.9967625 0.1316846 0.1001071 0.9862241 0.1332699 0.1015308 0.9858655 0.3906245 -0.1046572 0.9145816 0.3404402 -0.09120106 0.9358327 0.3882117 -0.0390008 0.9207446 0.2476296 -0.06635886 0.9665796 0.2962579 -0.01131707 0.955041 0.1931946 -0.0516985 0.9797976 0.1608294 -0.04298692 0.9860457 0.7069054 0.07069611 0.7037663 0.7570236 0.04587471 0.6517752 0.7405263 0.01541906 0.6718505 0.6927394 -0.08603215 0.7160381 0.7382934 -0.03117066 0.6737592 0.7835947 -0.06614369 0.6177414 0.7962591 -0.02433866 0.6044662 0.8807298 -0.05986011 0.4698211 0.6300346 -0.1183602 0.7674942 0.629721 -0.05552482 0.7748345 0.5606724 -0.02514833 0.8276559 0.6797623 0.005136966 0.7334145 0.600577 0.04295927 0.7984121 0.6561434 0.05795556 0.7524074 0.9459249 -0.0784009 0.3147688 0.9792372 -0.1093368 0.1707045 0.9883973 -0.07544994 0.1318264 0.9715394 -0.04938441 0.231673 0.9465945 0.06719803 0.3153464 0.9635304 0.08327955 0.2543107 0.9693959 0.01548635 0.2450137 0.9845677 0.005188167 0.1749273 0.9922237 -0.1037434 0.06877124 0.9286496 -0.02980172 0.3697592 0.8504121 -0.02104306 0.5256963 0.9112504 -0.002081394 0.4118474 0.8270612 1.30301e-4 0.5621119 0.7963204 0.02245163 0.6044582 0.04579991 0.03556185 0.9983175 0.1278777 0.09722858 0.9870126 0.261528 0.1966118 0.9449588 0.3222473 0.2426588 0.9150264 0.3575706 0.268486 0.89446 0.3947107 0.2964684 0.8696608 0.5025072 -0.1345684 0.8540363 0.4740388 -0.06604588 0.8780235 0.9982285 0.009709537 0.05869996 0.9823575 0.1540451 0.106037 0.9868112 0.1582274 0.03417342 0.999256 0.01821285 0.03400081 0.9955492 -0.09339505 0.01261746 0.9946639 -0.1026129 0.01069211 0.8826927 0.3921743 0.2589461 0.9210838 0.34235 0.1854757 0.9102087 0.3197238 0.263243 0.9647052 0.2589904 0.0476213 0.9187166 0.3894441 0.06552243 0.8506725 0.4868392 0.1983532 0.8560023 0.5002834 0.1302944 0.9864364 0.1641435 -2.55873e-4 0.9706528 0.1449905 0.1918619 0.9447168 0.2187382 0.2442618 0.8863787 0.2961712 0.3558306 0.8668435 0.3658213 0.3387585 0.8385708 0.338364 0.4269766 0.6140843 0.4665462 0.6365808 0.7038573 0.4268981 0.5677525 0.8324047 0.442654 0.3334066 0.8105204 0.413355 0.4149633 0.7772586 0.3822394 0.4997621 0.6200324 0.4714645 0.6271213 0.6282352 0.47762 0.6141658 0.7431734 0.4617111 0.4842689 0.9606374 0.2349321 0.1482657 0.9224949 0.3620209 0.1339554 0.8443393 0.4679087 0.2610607 0.994665 0.007414996 0.1028915 0.9653717 -0.2584893 -0.03522521 0.9658457 -0.2588189 -0.01245552 0.7376572 0.571766 0.35909 0.7610734 0.5918838 0.265407 0.7722943 0.6021134 0.2025364 0.7762702 0.6058187 0.1743222 0.7775499 0.6060431 0.1677141 0.6675658 0.5105484 0.5419375 0.7064297 0.5441716 0.4525863 0.7724144 0.493357 0.3999687 0.7175788 0.5537336 0.4224452 0.4222546 -0.8134623 0.3999752 0.4995732 -0.7995604 0.3333615 0.4972664 -0.827382 0.2610847 0.370363 -0.9136791 0.1673979 0.3693447 -0.9128095 0.1742508 0.4911798 -0.8612638 0.1302583 0.9088621 -0.4169073 0.01257997 0.7928054 -0.5539417 0.2541812 0.8500636 -0.496761 0.1749868 0.8576928 -0.5037526 0.1029381 0.6009214 -0.7966207 0.06549072 0.617917 -0.7747476 0.1339589 0.7754693 -0.6304619 0.0341351 0.4932834 -0.8469631 0.1983055 0.3398538 -0.8245196 0.4524012 0.3278508 -0.7898766 0.5182748 0.3053838 -0.7279057 0.6139171 0.3012362 -0.7182838 0.6271564 0.3960767 -0.7216322 0.5677766 0.2745361 -0.6512993 0.7074173 0.372119 -0.6642659 0.6482887 0.459882 -0.6700447 0.582708 0.4820057 -0.7196452 0.4997813 0.5570323 -0.71231 0.4270007 0.5352993 -0.6687358 0.5159915 0.6195318 -0.6996831 0.3558425 0.4127323 -0.7714374 0.4842895 0.4952507 -0.7632548 0.4149324 0.5683537 -0.7809771 0.2589384 0.8562642 -0.5154239 0.03390914 0.5977088 -0.661132 0.453485 0.6178005 -0.6569027 0.4322052 0.7087868 -0.6617752 0.2442847 0.6890495 -0.6311042 0.3562559 0.7681328 -0.6108646 0.1918763 0.751572 -0.5862351 0.3024369 0.9146379 -0.3994691 0.06214529 0.9127042 -0.4084811 0.01069086 0.9111633 -0.4062469 0.06888473 0.8596317 -0.5075309 0.05870193 0.773737 -0.6245738 0.1060128 0.7749577 -0.6298139 0.05268067 0.7144808 -0.6837677 0.148253 0.7117496 -0.6979101 0.07958751 0.6283971 -0.7319981 0.2632411 0.6265277 -0.757009 0.1854736 0.5678036 -0.7502288 0.3387564 0.3721441 -0.9245667 0.08176332 0.3632243 -0.8930097 0.2657102 0.359986 -0.8840205 0.2981914 0.3531237 -0.8640293 0.3588274 0.3479586 -0.8459986 0.403994 -0.933011 -0.2500028 0.2588223 -0.2499985 -0.06699985 0.9659254 -0.9330145 -0.2499931 0.2588195 -0.8365199 -0.224133 0.4999989 -0.8365245 -0.2241241 0.4999954 -0.6830044 -0.1830317 0.7071099 -0.6830161 -0.1829972 0.7071076 -0.4829602 -0.1294311 0.8660238 -0.4829756 -0.1293793 0.8660229 -0.2500091 -0.06697356 0.9659245 -0.9659263 -1.88984e-5 0.2588173 -0.9576606 -0.1260794 0.2588245 -0.8660267 -3.23188e-5 0.4999977 -0.8586267 -0.1130482 0.4999804 -0.7071082 1.26101e-6 0.7071055 -0.7010805 -0.09230363 0.707083 -0.5000007 1.65217e-5 0.866025 -0.4957311 -0.06526243 0.8660205 -0.2588261 -3.29865e-5 0.965924 -0.256604 -0.03377938 0.9659262 -0.6893332 -0.689314 0.2228586 -0.7912414 -0.5540313 0.2588176 -0.6830236 -0.6830044 0.2588123 -0.6369657 -0.6369563 0.4342366 -0.7094129 -0.4967319 0.4999907 -0.6123675 -0.6123769 0.5000006 -0.5527834 -0.5527659 0.6236027 -0.5792211 -0.4055736 0.707116 -0.5000044 -0.4999948 0.7071075 -0.440963 -0.4409652 0.7817298 -0.4095944 -0.2867998 0.8660129 -0.8754309 -0.4082233 0.2587946 -0.7848944 -0.3660009 0.4999843 -0.6408584 -0.2988393 0.7071037 -0.4531567 -0.2113135 0.866023 -0.2345437 -0.1093681 0.9659337 -0.2120376 -0.1484677 0.9659179 -0.3535525 -0.3535543 0.8660255 -0.3070412 -0.307034 0.9008086 -0.183016 -0.1830065 0.9659264 -0.1576075 -0.1576063 0.9748438 -0.2588203 3.47043e-6 0.9659255 -0.5000057 2.88599e-5 0.8660222 -0.7071065 9.64152e-6 0.707107 -0.8660251 3.17639e-5 0.5000007 -0.9659252 2.38782e-5 0.2588217 -0.6893113 -0.6893305 0.2228754 -0.1576068 -0.1576008 0.9748447 -0.183009 -0.1830091 0.9659272 -0.3070483 -0.3070479 0.9008014 -0.3535416 -0.353568 0.8660243 -0.4409377 -0.4409675 0.7817428 -0.4999778 -0.5000208 0.7071078 -0.552765 -0.5527768 0.6236095 -0.612362 -0.6123833 0.4999995 -0.6369482 -0.6369905 0.4342121 -0.6830144 -0.6830119 0.2588168 -0.9330117 0.2500015 0.2588214 -0.9576644 0.1260817 0.2588098 -0.8365234 0.2241211 0.4999985 -0.8586489 0.1130412 0.4999438 -0.6830163 0.1829951 0.7071079 -0.7010703 0.09230434 0.707093 -0.4829668 0.1294031 0.8660243 -0.4957114 0.06525748 0.8660322 -0.2500156 0.06696003 0.9659237 -0.2566215 0.0337817 0.9659215 0.05055379 -0.9646127 0.2587794 -0.3461694 -0.9017849 0.2587485 -0.5260893 -0.8100962 0.2587936 -0.4716752 -0.7263158 0.4999879 -0.3851215 -0.5930311 0.7071037 -0.2723299 -0.4193551 0.8660125 -0.140955 -0.2170511 0.9659299 -0.3103665 -0.8085232 0.4999629 -0.2534064 -0.660162 0.7070865 -0.1791802 -0.4667914 0.8660256 -0.0927543 -0.2416419 0.9659224 -0.1511003 -0.9540342 0.2588196 -0.1354799 -0.855386 0.4999599 -0.1106207 -0.6984019 0.7071053 -0.07822209 -0.4938516 0.8660208 -0.04048693 -0.2556156 0.9659304 0.04532057 -0.8648464 0.4999867 0.03701025 -0.7061185 0.7071259 0.02617043 -0.4993332 0.8660148 0.01355069 -0.2584793 0.9659218 0.2499685 -0.9330212 0.2588192 0.2241347 -0.8365182 0.500001 0.1830216 -0.6830055 0.7071115 0.1293793 -0.4829759 0.8660227 0.06699359 -0.2499971 0.9659262 -0.2500018 0.06702905 0.9659225 -0.9330157 0.2499909 0.2588174 -0.8365126 0.2241584 0.4999997 -0.683016 0.1829918 0.707109 -0.4829651 0.1294025 0.8660253 0.2523464 -0.9417058 0.2225116 0.2500274 -0.9330705 0.2585844 0.2331863 -0.870273 0.4338769 0.2241823 -0.8366129 0.499821 0.2023422 -0.7551926 0.6234918 0.1830213 -0.6830086 0.7071085 0.1613622 -0.6022461 0.7818325 0.05757689 -0.2149389 0.9749288 0.06692057 -0.2497578 0.9659931 0.1293805 -0.4828039 0.8661184 0.1123269 -0.4191014 0.9009644 -0.2345679 0.1093787 0.9659266 -0.875444 0.4082199 0.2587558 -0.7912418 0.5540325 0.2588139 -0.6830286 0.6829977 0.2588167 -0.6893336 0.6893121 0.2228634 -0.636963 0.6369632 0.4342306 -0.7094046 0.4967251 0.5000094 -0.6123751 0.6123704 0.4999992 -0.5527765 0.5527663 0.6236085 -0.5792593 0.4056026 0.707068 -0.5000042 0.4999969 0.7071061 -0.4409572 0.4409677 0.7817316 -0.4095816 0.2867921 0.8660215 -0.3535531 0.3535491 0.8660273 -0.3070439 0.3070199 0.9008124 -0.2120158 0.1484541 0.9659248 -0.1830191 0.183004 0.9659262 -0.1576102 0.1576119 0.9748424 -0.4531422 0.2113068 0.8660323 -0.6408718 0.2988446 0.7070893 -0.784909 0.3659989 0.4999629 0.8686748 -0.442624 0.2224595 0.4426161 -0.8686776 0.2224644 0.4090148 -0.8027479 0.4339389 0.9417086 -0.2523316 0.2225167 0.9330665 -0.2500386 0.258588 0.8027824 -0.4090356 0.4338553 0.3549392 -0.696619 0.6234903 0.870263 -0.2332172 0.4338802 0.8366078 -0.2241896 0.4998265 0.6966285 -0.3549444 0.6234768 0.2830694 -0.5555501 0.7818158 0.7551888 -0.2023603 0.6234903 0.6830139 -0.1829975 0.7071095 0.5555334 -0.2830616 0.7818305 0.1969903 -0.38661 0.9009593 0.6135731 -0.7576693 0.2224084 0.567005 -0.7001857 0.4338726 0.492029 -0.6076087 0.6234736 0.3923833 -0.4845433 0.7818268 0.2730567 -0.3371981 0.9009647 0.7576684 -0.6135572 0.2224551 0.7001999 -0.5670199 0.4338302 0.607612 -0.4920307 0.6234689 0.4845291 -0.3923699 0.7818424 0.3371958 -0.2730542 0.9009664 0.3866064 -0.196988 0.9009613 0.1010261 -0.1982824 0.9749246 0.6022399 -0.1613937 0.7818308 0.4827972 -0.1293777 0.8661226 0.4190981 -0.1123161 0.9009672 0.2497783 -0.06692892 0.9659872 0.1400504 -0.1729413 0.9749243 0.1729371 -0.140046 0.9749256 0.1982848 -0.1010277 0.9749239 0.2149317 -0.05761253 0.9749284 -0.1576126 0.1576083 0.9748426 -0.1830043 0.183021 0.9659258 -0.3070291 0.3070444 0.9008091 -0.3535453 0.3535692 0.8660223 -0.4409453 0.4409701 0.7817369 -0.4999747 0.500024 0.7071078 -0.552761 0.5527896 0.6236017 -0.6123775 0.6123654 0.5000025 -0.6369466 0.6369888 0.434217 -0.6830009 0.683025 0.2588179 -0.6893184 0.689327 0.2228643 0.8365208 -0.2241358 0.4999961 0.933017 -0.2499836 0.2588192 0.6830101 -0.1830065 0.707111 0.482969 -0.1293982 0.8660238 0.2500146 -0.06696259 0.9659238 -0.1409612 0.2170627 0.9659264 0.2522859 0.9416368 0.2228721 0.05056279 0.9646273 0.2587231 0.2500097 0.9330089 0.2588238 -0.3461591 0.9017708 0.2588115 -0.526082 0.8100925 0.2588203 0.2331438 0.8701077 0.434231 0.04531836 0.8648326 0.5000109 0.2241109 0.8365304 0.4999914 -0.4716688 0.7263081 0.5000052 0.2023202 0.7551038 0.6236062 0.03701037 0.7061531 0.7070913 0.1830128 0.6830105 0.7071089 -0.385124 0.5930364 0.707098 0.1614108 0.6023646 0.7817312 0.02617084 0.4993197 0.8660225 0.129383 0.4829757 0.8660222 -0.2723383 0.4193688 0.8660032 0.1123711 0.4194126 0.900814 0.01355004 0.2584392 0.9659326 0.06696492 0.2500171 0.9659231 0.05768352 0.2152868 0.9748457 -0.1511035 0.9540398 0.2587971 -0.135481 0.8553655 0.4999949 -0.1106215 0.6984037 0.7071034 -0.07822549 0.4938681 0.8660112 -0.0404886 0.2556199 0.9659292 -0.3103653 0.8085175 0.4999729 -0.2534073 0.6601601 0.707088 -0.1791789 0.4667842 0.8660298 -0.09275555 0.2416448 0.9659215 0.9622998 0.0841934 0.258632 0.9622506 -0.08419018 0.2588163 0.8627588 -0.07548087 0.4999499 0.7044245 -0.06163007 0.7070983 0.4980935 -0.04357963 0.8660276 0.2578453 -0.02256006 0.9659229 0.862753 0.07548105 0.4999601 0.7044323 0.06163084 0.7070905 0.4981327 0.04358297 0.866005 0.2578219 0.02255916 0.965929 0.9330167 0.2499876 0.2588168 0.8365167 0.2241515 0.4999958 0.6830177 0.1829922 0.7071073 0.4829652 0.129404 0.8660249 0.2500023 0.0669862 0.9659254 0.2331947 0.8702692 0.43388 0.2523547 0.9417423 0.2223479 0.2023775 0.7551869 0.6234871 0.1613681 0.6022454 0.7818318 0.1122974 0.4191016 0.9009679 0.05757385 0.2149405 0.9749287 0.9330142 0.2499948 0.2588189 0.2499987 0.06698459 0.9659264 0.8365214 0.2241213 0.5000017 0.6830109 0.1830047 0.7071106 0.4829618 0.1294057 0.8660266 0.9417008 0.252357 0.222521 0.8686789 0.4426141 0.2224631 0.8702677 0.2332042 0.4338779 0.8027682 0.4090293 0.4338874 0.7551919 0.2023559 0.6234882 0.6966113 0.3549365 0.6235005 0.602244 0.1613585 0.7818348 0.5555536 0.2830724 0.7818123 0.4190975 0.1123057 0.9009689 0.3866088 0.1969903 0.9009598 0.2149398 0.05760735 0.9749268 0.1982658 0.1010177 0.9749287 0.7576667 0.6135621 0.2224475 0.7001848 0.5670041 0.4338752 0.6076133 0.4920343 0.6234648 0.4845477 0.3923861 0.7818226 0.3371993 0.2730579 0.900964 0.1729406 0.1400485 0.9749247 0.6135663 0.7576724 0.2224161 0.5670043 0.7001844 0.4338756 0.4920132 0.6075921 0.6235021 0.3923688 0.4845273 0.781844 0.2730564 0.3371986 0.9009647 0.1400481 0.1729411 0.9749246 0.4426192 0.8686791 0.2224522 0.4090307 0.8027731 0.4338772 0.3549366 0.6966137 0.6234978 0.2830645 0.5555398 0.7818248 0.1969929 0.3866162 0.9009561 0.1010202 0.1982719 0.9749273 0.2588163 9.58145e-6 0.9659266 0.2565912 0.03377735 0.9659296 0.4999983 2.97446e-5 0.8660265 0.4957064 0.06525743 0.866035 0.7071069 8.11368e-6 0.7071068 0.7010474 0.09229689 0.7071166 0.8660234 1.9392e-5 0.5000035 0.8585943 0.1130347 0.5000391 0.9659264 7.1153e-7 0.2588174 0.9576499 0.1260698 0.2588691 0.2152903 0.05768787 0.9748448 0.9416288 0.252299 0.2228912 0.93302 0.2499752 0.2588167 0.8701151 0.2331269 0.4342253 0.8365231 0.2241148 0.5000017 0.7551143 0.202305 0.6235985 0.6830219 0.1829807 0.7071061 0.6023661 0.1614156 0.781729 0.4829592 0.129417 0.8660264 0.4194179 0.1123688 0.9008119 0.24999 0.06700575 0.9659272 -0.1512842 -0.2099952 -0.9659271 -0.09661829 -0.2400829 -0.9659323 -0.2922211 -0.4057192 -0.8660247 -0.1866725 -0.4638563 -0.86602 -0.4133062 -0.5737373 -0.7071093 -0.2639868 -0.6559728 -0.7071144 -0.5061626 -0.7027095 -0.4999988 -0.3233147 -0.8033952 -0.500024 -0.5645591 -0.783761 -0.2588281 -0.3606077 -0.8960826 -0.2588403 -0.3733228 -0.9277015 -2.82135e-5 -0.14048 -0.9900835 -3.47309e-5 -0.1356894 -0.9563474 -0.2588209 0.1005423 -0.9949328 -2.03848e-5 0.09711927 -0.9610313 -0.258818 0.3357217 -0.9419612 -2.95192e-5 0.3242854 -0.9098665 -0.258809 0.5513877 -0.8342491 -3.95197e-5 0.5326013 -0.8058224 -0.258817 0.735009 -0.6780574 -3.47495e-5 0.709954 -0.6549442 -0.2588696 0.8759174 -0.4824612 -2.15918e-5 0.8460566 -0.4660251 -0.2588608 0.9330106 -0.2500119 -0.2588151 -0.1216576 -0.857434 -0.5000064 0.08706927 -0.8616266 -0.5000185 0.2907404 -0.8157613 -0.5000037 0.4775099 -0.7224616 -0.5000336 0.6365394 -0.5872103 -0.5000017 0.7585545 -0.4178126 -0.5000277 0.8368234 -0.2242596 -0.4994341 -0.09932631 -0.7000772 -0.7071253 0.07109636 -0.7035016 -0.7071287 0.2373902 -0.6660742 -0.7071006 0.389877 -0.5898814 -0.7071322 0.5197142 -0.4794428 -0.7071292 0.6193597 -0.3411462 -0.7071158 0.6827032 -0.1828937 -0.7074365 -0.07023841 -0.495027 -0.8660341 0.05027103 -0.497478 -0.8660188 0.1678605 -0.4709847 -0.8660233 0.2756824 -0.4171088 -0.8660368 0.3674964 -0.3390175 -0.8660333 0.437954 -0.2412276 -0.8660287 0.482957 -0.1294264 -0.8660262 -0.03635603 -0.2562221 -0.9659341 0.02601629 -0.2574835 -0.9659324 0.08688265 -0.2437782 -0.9659314 0.1427007 -0.2159068 -0.9659301 0.190222 -0.1754727 -0.9659323 0.2267053 -0.1248736 -0.9659251 0.2499971 -0.06699079 -0.9659263 0.8759157 -0.4824643 3.3401e-5 0.735005 -0.6780617 -1.13994e-6 0.5513927 -0.8342458 3.10764e-5 0.3357234 -0.9419606 1.76206e-5 0.1005426 -0.9949328 -1.04308e-6 -0.1404765 -0.990084 2.69786e-5 -0.3733227 -0.9277017 -2.04146e-6 0.9330169 -0.249983 -0.2588207 0.8365181 -0.2241371 -0.5000001 0.6830124 -0.1829813 -0.7071152 0.4829626 -0.1293898 -0.8660286 0.2499991 -0.06698304 -0.9659264 0.9659251 -2.8876e-6 0.2588217 0.8660241 8.49505e-6 0.5000024 0.7071063 -1.87254e-5 0.7071074 0.499998 -3.11983e-5 0.8660266 0.2588084 -3.68413e-5 0.9659287 0.9522303 -0.255153 0.1677928 0.9622807 -0.08424758 0.2586858 0.9622939 0.08423119 0.2586418 0.8627642 -0.07548695 0.4999396 0.8838213 -0.2367926 0.4034716 0.9330183 -0.2499837 0.2588147 0.8627735 0.07548606 0.4999239 0.7044376 -0.06163299 0.707085 0.7618631 -0.2041397 0.6147289 0.8365252 -0.2241148 0.4999983 0.7044336 0.06163227 0.7070889 0.4981248 -0.04358297 0.8660095 0.5937801 -0.1590988 0.7887414 0.6830124 -0.1830112 0.7071075 0.4981023 0.04358136 0.8660224 0.1620832 -0.04343038 0.985821 0.2500085 -0.06697708 0.9659244 0.2578192 -0.02255856 0.9659298 0.3897269 -0.1044065 0.9149931 0.4829693 -0.1293989 0.8660235 0.2578364 0.02256101 0.9659252 0.1620805 -0.04342693 0.9858215 0.2565977 -0.03377741 0.965928 0.2499421 -0.06698381 0.9659411 0.3897249 -0.1044275 0.9149915 0.4956948 -0.06525492 0.8660418 0.4829631 -0.1294013 0.8660265 0.5937829 -0.1591133 0.7887363 0.7010492 -0.09229832 0.7071146 0.6830133 -0.1830005 0.7071095 0.7618663 -0.2041248 0.6147298 0.8585784 -0.1130416 0.5000649 0.8365217 -0.2241317 0.4999964 0.8838176 -0.2367979 0.4034765 0.9576615 -0.1260803 0.2588209 0.9330146 -0.249992 0.2588202 0.9522337 -0.2551416 0.1677909 -0.3169192 -0.9124581 -0.2588098 0.01116687 0.02542483 -0.9996144 -0.08492618 -0.2445074 -0.9659212 7.19214e-6 0.02378326 -0.9997172 -0.01149952 -0.258534 -0.9659337 0.02239102 -0.2217556 -0.9748452 0.02599978 -0.2575106 -0.9659256 0.04363662 -0.4320437 -0.9007965 -0.02217322 -0.4995253 -0.8660156 0.05020695 -0.4974849 -0.8660185 0.06265568 -0.6204533 -0.7817365 -0.03132998 -0.7063985 -0.7071207 0.07104378 -0.7035328 -0.7071029 0.07853245 -0.7777798 -0.6236115 -0.03836733 -0.8651984 -0.4999598 -0.11935 -0.2296849 -0.9659196 -0.2306245 -0.4436281 -0.8660291 -0.1640415 -0.4722943 -0.8660418 -0.3260595 -0.6274186 -0.7071288 -0.2319976 -0.6679545 -0.7071167 -0.3993593 -0.7684643 -0.4999749 -0.2841446 -0.8180945 -0.4999833 -0.4454168 -0.8571169 -0.2587557 -0.04863333 -0.2542049 -0.965927 -0.09407478 -0.4910937 -0.8660122 -0.133025 -0.6944804 -0.7071078 -0.1629717 -0.8505623 -0.4999841 -0.1817683 -0.9486648 -0.2588346 -0.04279071 -0.9650179 -0.2586684 0.08700031 -0.8616397 -0.500008 0.09051364 -0.8962413 -0.4342337 0.09702044 -0.9610386 -0.2588282 0.09794408 -0.9699114 -0.2228873 -0.5645658 -0.7837578 0.2588229 -0.3606192 -0.8960593 0.2589046 -0.5061759 -0.7026955 0.500005 -0.323319 -0.8034071 0.500002 -0.4132973 -0.5737401 0.7071122 -0.2639885 -0.6559745 0.7071121 -0.2922307 -0.4057141 0.8660238 -0.1866703 -0.4638512 0.8660233 -0.1512553 -0.2100167 0.965927 -0.09661614 -0.2400772 0.9659339 -0.03635692 -0.2562219 0.9659341 0.02601599 -0.2574796 0.9659335 0.08689647 -0.2438178 0.9659202 0.1427002 -0.2159067 0.9659302 0.1902492 -0.1754988 0.9659221 0.2267104 -0.1248768 0.9659235 0.2499822 -0.06701344 0.9659286 -0.07024031 -0.4950348 0.8660295 0.05027163 -0.4974803 0.8660174 0.1678672 -0.4710033 0.8660118 0.275669 -0.4170916 0.8660492 0.367492 -0.3390125 0.8660371 0.4379552 -0.2412273 0.8660281 0.4829552 -0.1294274 0.8660271 -0.09932965 -0.700094 0.7071083 0.07109868 -0.7035089 0.7071211 0.2373828 -0.6660516 0.7071242 0.3898905 -0.5899028 0.7071068 0.5197079 -0.4794362 0.7071384 0.6193644 -0.3411468 0.7071115 0.6829466 -0.1830189 0.707169 -0.1216599 -0.8574395 0.4999965 0.0870698 -0.8616356 0.500003 0.2907394 -0.8157589 0.5000081 0.4775179 -0.7224767 0.5000041 0.63654 -0.5872108 0.5000005 0.7585527 -0.4178155 0.5000284 0.8368173 -0.2242489 0.4994491 -0.1356929 -0.9563494 0.2588116 0.09711909 -0.9610349 0.2588049 0.3242803 -0.9098626 0.2588286 0.532592 -0.805815 0.2588593 0.7099582 -0.654935 0.2588813 0.8460698 -0.4660215 0.2588238 0.9330113 -0.2500051 0.2588194 0.2587823 -0.002830266 -0.9659315 0.4999843 -0.005461394 -0.8660172 0.7070469 -0.007720112 -0.7071246 0.8659678 -0.009459793 -0.5000103 0.9658668 -0.01055121 -0.2588245 0.9999404 -0.01092296 2.6226e-6 0.9713492 0.2376568 1.58325e-6 0.9382532 0.2295728 -0.2587999 0.8819365 0.4713683 -2.81967e-5 0.8518744 0.455303 -0.2588617 0.7373037 0.6755614 -3.66606e-5 0.7121809 0.6525402 -0.2588241 0.5465084 0.8374536 -2.71127e-5 0.5279008 0.8088933 -0.2588673 0.3214991 0.9469099 -2.92063e-6 0.3105391 0.9146279 -0.2588847 0.07635623 0.9970807 -2.75336e-5 0.0737735 0.9631109 -0.2587952 -0.1676393 0.9512915 -0.258731 0.8412239 0.2058222 -0.4999797 0.7637861 0.408222 -0.4999858 0.6385157 0.5850341 -0.5000328 0.4733042 0.7252593 -0.4999822 0.2784308 0.8200521 -0.4999911 0.06613039 0.8635047 -0.4999866 -0.1503098 0.8530969 -0.4996325 0.6868581 0.1680524 -0.7070958 0.6236307 0.3333164 -0.7070962 0.521362 0.4776907 -0.7071021 0.3864409 0.592171 -0.7071046 0.2273396 0.6695564 -0.7071145 0.05399984 0.7050337 -0.7071149 -0.1227207 0.6960358 -0.7074418 0.4856535 0.118825 -0.8660378 0.4409807 0.2356858 -0.8660185 0.3686307 0.3377614 -0.866042 0.2732707 0.4187351 -0.8660162 0.1607456 0.4734383 -0.8660353 0.03817975 0.4985347 -0.8660286 -0.08675992 0.4924117 -0.8660275 0.2514091 0.06151229 -0.9659244 0.2282462 0.1219933 -0.9659303 0.1908134 0.1748336 -0.9659314 0.1414425 0.2167394 -0.9659286 0.08320111 0.2450548 -0.9659327 0.01975888 0.2580335 -0.9659339 -0.0448991 0.2548874 -0.9659278 -0.1369363 -0.9652842 -0.2224292 -0.1405261 -0.990077 -1.43424e-5 -0.1265818 -0.8920153 -0.433919 -0.1098687 -0.7740731 -0.62349 -0.08760637 -0.6173121 -0.7818255 -0.0610007 -0.4295518 -0.9009795 -0.3733872 -0.9276756 -1.84514e-5 -0.3639709 -0.9044341 -0.2225406 -0.3364127 -0.8357979 -0.4338991 -0.2919158 -0.7252717 -0.6235112 -0.2327339 -0.5784083 -0.7818432 -0.161998 -0.4024726 -0.9009841 -0.08306849 -0.2064626 -0.974922 -0.03127193 -0.2203044 -0.9749298 -0.9997973 0.02013522 -3.34829e-5 -0.9417123 0.2523137 -0.2225213 -0.9747133 0.01965433 -0.2225933 -0.8702765 0.2331645 -0.4338818 -0.9007858 0.01814782 -0.4338846 -0.755195 0.2023344 -0.6234914 -0.7816794 0.01574927 -0.6234816 -0.6022449 0.1613572 -0.7818344 -0.6233472 0.01256 -0.7818443 -0.4190964 0.1123034 -0.9009696 -0.4337698 0.008739173 -0.9009814 -0.2149392 0.0575937 -0.9749279 -0.2224787 0.004480659 -0.9749273 -0.9755642 -0.2197147 -1.49459e-5 -0.9510848 -0.2142349 -0.2225785 -0.8789509 -0.1979442 -0.4338936 -0.7627333 -0.1717708 -0.6234844 -0.6082507 -0.1369776 -0.7818365 -0.4232783 -0.0953291 -0.9009706 -0.217076 -0.04888886 -0.9749297 -0.8946374 -0.446793 -4.05312e-6 -0.872215 -0.4355947 -0.2224822 -0.8060459 -0.4025426 -0.4338776 -0.6994699 -0.3493126 -0.6234764 -0.5578009 -0.278571 -0.781829 -0.3881528 -0.1938405 -0.9009791 -0.1990885 -0.09942442 -0.974925 -0.7617207 -0.6479055 3.58932e-6 -0.7426256 -0.6316632 -0.2225059 -0.6862859 -0.5837351 -0.4338953 -0.5955417 -0.5065509 -0.6234872 -0.4749324 -0.4039614 -0.7818276 -0.3304958 -0.2811063 -0.9009727 -0.1694931 -0.1441637 -0.9749303 -0.5845435 -0.8113624 -2.4803e-5 -0.5698947 -0.7909981 -0.2225804 -0.52665 -0.7310197 -0.4338779 -0.4570074 -0.6343466 -0.6234971 -0.3644487 -0.5058643 -0.781843 -0.2536231 -0.3520445 -0.9009661 -0.1300708 -0.1805496 -0.9749274 -0.140531 -0.9900764 7.43568e-6 -0.3733913 -0.927674 3.99053e-5 -0.5845451 -0.8113613 -8.64267e-7 -0.7617238 -0.647902 1.31801e-5 -0.8946411 -0.4467859 3.75062e-5 -0.9755647 -0.2197127 3.73945e-5 -0.9997972 0.02013599 2.30521e-5 -0.04279339 -0.9649993 0.2587378 -0.3169225 -0.9124634 0.2587872 -0.4454212 -0.8571065 0.2587826 -0.3993465 -0.7684443 0.500016 -0.3260632 -0.6274256 0.7071208 -0.2305836 -0.4436859 0.8660104 -0.11935 -0.2296615 0.9659251 -0.1817692 -0.9486656 0.258831 -0.2841461 -0.8180993 0.4999747 -0.1629766 -0.8505831 0.4999471 -0.2320031 -0.6679682 0.7071019 -0.1330642 -0.6944944 0.7070867 -0.1640471 -0.4723128 0.8660307 -0.09409499 -0.4910972 0.8660079 -0.0849213 -0.2444949 0.9659248 -0.04869776 -0.254193 0.9659268 -0.03837108 -0.8651655 0.5000163 -0.03132879 -0.7063803 0.707139 -0.02215963 -0.4995118 0.8660236 -0.01146858 -0.2585368 0.9659334 0.09704625 -0.9610369 0.2588245 0.08699214 -0.8616478 0.4999955 0.07104432 -0.7035325 0.7071031 0.05023425 -0.4974722 0.8660243 0.02600389 -0.2575107 0.9659256 0.01116138 0.02542096 0.9996145 6.35115e-6 0.02378225 0.9997172 0.160316 -0.04308193 0.9861251 0.08062422 -0.02159738 0.9965106 0.08821988 -0.0237559 0.9958178 0.367576 -0.09852826 0.9247596 0.3405598 -0.09126597 0.9357829 0.206516 -0.0553801 0.9768747 -0.258682 -0.9659627 3.68976e-6 -0.2589961 -0.9658784 0 -0.4503028 -0.892876 -2.84969e-6 0.4333139 -0.1161544 0.8937266 0.3910858 -0.1048328 0.9143643 0.6044524 -0.1619873 0.7799983 0.5929245 -0.1588829 0.7894282 0.5263544 -0.1411196 0.8384726 0.941716 -0.2523074 0.2225128 0.9330783 -0.2500077 0.2585753 0.8702723 -0.2331764 0.4338834 0.8366163 -0.2241606 0.4998251 0.7551974 -0.202325 0.6234915 0.6830107 -0.1830135 0.7071086 0.6022475 -0.161336 0.7818367 0.4828094 -0.129351 0.8661198 0.4190955 -0.1123027 0.9009701 0.2497676 -0.06691896 0.9659908 0.2149404 -0.05759394 0.9749276 0.0763573 0.9970806 2.2158e-5 0.3214989 0.94691 2.81148e-5 0.5465074 0.8374544 3.08752e-5 0.7373093 0.6755554 2.38307e-5 0.8819342 0.4713727 1.54525e-5 0.9713494 0.2376562 7.0557e-6 0.9999405 -0.01092153 1.40332e-5 -0.0449357 0.2548804 -0.965928 -0.08676987 0.4924139 -0.8660252 -0.1227434 0.69637 -0.7071089 -0.1503221 0.8528795 -0.5000001 -0.1676868 0.9512594 -0.258818 -0.2152962 0.05768543 -0.9748436 -0.9416284 0.2523242 -0.2228642 -0.9330029 0.2500293 -0.2588262 -0.8701053 0.2331524 -0.4342312 -0.8365103 0.2241635 -0.5000016 -0.7550982 0.2023327 -0.623609 -0.6830089 0.1830164 -0.7071096 -0.6023452 0.1614283 -0.7817425 -0.4194064 0.1123915 -0.9008144 -0.4829571 0.1294231 -0.8660266 -0.2499955 0.06699371 -0.9659266 -0.1620538 0.04341435 0.9858264 -0.3897392 0.104434 0.9149846 -0.2499995 0.06699222 0.9659256 -0.258744 0.005208551 0.965932 -0.2524806 -0.0568543 0.9659302 -0.2315578 -0.1156433 0.9659232 -0.1971501 -0.1676908 0.9659252 -0.1512936 -0.2100052 0.9659235 -0.09663122 -0.2400762 0.9659327 -0.03637081 -0.2562567 0.9659243 -0.5937787 0.1590962 0.7887428 -0.4829623 0.1293779 0.8660305 -0.4999019 0.01006996 0.8660235 -0.4877716 -0.1098476 0.8660326 -0.447303 -0.2233805 0.8660377 -0.3808477 -0.3239397 0.8660358 -0.2922575 -0.405664 0.8660383 -0.1866911 -0.4638413 0.8660241 -0.0702731 -0.4950608 0.8660118 -0.7618652 0.2041299 0.6147296 -0.6830133 0.1829942 0.7071111 -0.7069501 0.0142402 0.7071201 -0.689823 -0.1553581 0.7071125 -0.6326043 -0.3159269 0.7071082 -0.5386087 -0.4581322 0.7071179 -0.4133191 -0.573708 0.7071256 -0.2640213 -0.6559731 0.7071012 -0.09936934 -0.7000803 0.7071163 -0.8838138 0.2368015 0.4034826 -0.8366671 0.2241618 0.4997397 -0.8658358 0.0174396 0.5000243 -0.8448751 -0.1902752 0.4999814 -0.7747794 -0.3869296 0.5000024 -0.6596612 -0.5610957 0.5000188 -0.5062184 -0.7026457 0.5000321 -0.3233571 -0.8033697 0.5000374 -0.1216987 -0.8574209 0.5000191 -0.9522379 0.2551249 0.1677922 -0.9330192 0.2499661 0.2588284 -0.9657149 0.01946091 0.2588746 -0.9423167 -0.21222 0.2588473 -0.8641535 -0.4315561 0.2588399 -0.7357698 -0.6258063 0.2588614 -0.5646265 -0.7837226 0.2587969 -0.3606591 -0.8960674 0.258821 -0.1357468 -0.9563277 0.2588636 0.4981176 -0.2585433 0.827668 0.3012713 -0.5216292 0.7982097 0.2193953 -0.5150575 0.8286021 0.1753981 -0.4111813 0.8945197 0.391182 -0.472752 0.7896088 0.4505175 -0.4818507 0.7515677 0.515555 -0.5561004 0.651886 0.4275304 -0.6112998 0.6659808 0.6150993 -0.549582 0.5653429 0.141486 -0.3315355 0.9327733 0.138247 -0.3241832 0.9358382 0.2613095 -0.3670349 0.8927502 0.100324 -0.2371502 0.9662789 0.7926366 -0.3885178 0.4698739 0.746952 -0.4069603 0.5257815 0.7116613 -0.3345254 0.6177628 0.7016918 -0.3770557 0.6045311 0.6549597 -0.3421527 0.6737651 0.6429459 -0.2718741 0.7160343 0.573117 -0.2668012 0.7748252 0.4986872 -0.337493 0.7983794 0.3940227 -0.3214408 0.8610587 0.3166006 -0.2272821 0.9209272 0.2262915 -0.2057947 0.9520719 0.1778577 -0.1162562 0.9771649 -2.77434e-7 -1 0 0.2622051 -0.1383249 0.955047 0.3556907 -0.1603229 0.9207502 0.4159889 -0.2468268 0.8752313 0.07415246 -0.1760646 0.9815818 0.1430344 -0.181185 0.9729918 0.0643751 -0.1538406 0.9859964 3.53968e-7 -1 0 0.02979916 -0.07270836 0.9969081 0.5647552 -0.6153574 0.5498972 0.3409408 -0.5978106 0.7255218 0.5020999 -0.6168856 0.6060923 0.453597 -0.5515217 0.7000526 0.3823646 -0.5402692 0.7496044 0.325929 -0.4582524 0.8269069 0.2541505 -0.4376985 0.8624543 0.1988998 -0.274649 0.940748 0.3704141 -0.3920514 0.8420743 0.4128623 -0.4395174 0.7977275 0.2400152 -0.5658737 0.7887837 0.244604 -0.5768177 0.779391 0.295143 -0.3014646 0.9066476 0.4739151 -0.4061404 0.7813159 0.5165286 -0.4495627 0.7287604 0.5539647 -0.4872567 0.6750585 0.8936936 -0.4288389 0.1319438 0.6594402 -0.5962253 0.4578799 0.7282177 -0.5624697 0.39157 0.8583822 -0.4050462 0.3148296 0.9027055 -0.3949242 0.1707565 0.8660522 -0.4429907 0.2317605 0.8190889 -0.4385148 0.3698621 0.8016902 -0.4910361 0.340847 0.785886 -0.4262193 0.4480183 0.8317664 -0.4980798 0.2451149 0.7861785 -0.5314729 0.315373 0.7545356 -0.5119671 0.4105676 0.6939505 -0.5291183 0.4883304 0.6715736 -0.5072023 0.5401248 0.6450304 -0.481313 0.5935264 0.6135439 -0.4506635 0.6484339 0.5768511 -0.4146865 0.7037599 0.5392432 -0.3782523 0.7524242 0.02789592 -0.0680207 0.9972938 0.5861098 -0.3443149 0.7334321 0.6335821 -0.3835918 0.6718863 0.6783881 -0.4175775 0.6044987 0.7185977 -0.4455204 0.5339748 0.7526443 -0.4667758 0.4643779 0.7801157 -0.4816771 0.3992576 0.1578296 -0.3710478 0.915103 0.2224879 -0.002431035 0.9749324 0.2161098 0.05287212 0.9749365 0.1962419 0.1048852 0.9749299 0.1640503 0.1503114 0.9749329 0.1216162 0.1863604 0.9749253 0.07153648 0.2107009 0.9749296 0.0169894 0.2218601 0.9749306 0.4338416 -0.00473994 0.9009767 -0.0386154 0.2191362 0.9749299 -0.04487615 0.2546714 0.9659858 0.0331282 0.4325788 0.9009873 0.1395061 0.4108679 0.9009582 0.2371254 0.3633685 0.9009634 0.3198971 0.2931002 0.9009763 0.3826386 0.2045107 0.9009791 0.4214501 0.1031209 0.9009695 0.6234628 -0.006811201 0.7818235 0.6056132 0.148179 0.7818412 0.5498744 0.2938868 0.7818368 0.4597044 0.4212037 0.7818308 0.3407458 0.5221322 0.7818378 0.2004431 0.5903684 0.7818489 0.04760932 0.6216604 0.7818387 0.7817767 -0.008540987 0.6235001 -0.07529455 0.4273002 0.9009692 -0.08673226 0.4922547 0.8661195 -0.1081848 0.6140297 0.7818335 -0.1227378 0.6963746 0.7071053 0.05970048 0.779552 0.6234859 0.251354 0.7403094 0.6235089 0.4272655 0.654721 0.623526 0.5764412 0.5281594 0.6235089 0.6895144 0.368524 0.6235063 0.7594432 0.1858191 0.6234721 0.9009212 -0.009838938 0.4338713 0.8751563 0.2141322 0.4338765 0.7945914 0.4246835 0.4338991 0.6642889 0.6086577 0.433885 0.4923913 0.7545214 0.4338761 0.2896585 0.853137 0.433884 0.06879991 0.8983184 0.4339247 0.9748567 -0.01065099 0.2225784 -0.1356872 0.7699679 0.623489 -0.1503176 0.8529798 0.4998301 -0.1563477 0.887461 0.4335532 -0.1676272 0.9513309 0.258594 0.9469823 0.231679 0.2225971 0.8598136 0.4595541 0.2225548 0.7188227 0.6585947 0.2225915 0.5328119 0.8164526 0.2225233 0.3134396 0.923169 0.2225189 0.07451933 0.9720616 0.2225827 -0.1691753 0.960139 0.2225148 -0.8829394 0.4694871 -2.98023e-6 -0.8528392 0.4534941 -0.2588598 -0.7646321 0.4065771 -0.500033 -0.6243277 0.3319783 -0.7071105 -0.4414885 0.2347515 -0.8660137 -0.3906618 0.9205344 -2.75224e-5 -0.3773405 0.8891672 -0.258836 -0.3383311 0.7971811 -0.5000345 -0.2762312 0.6509011 -0.7071238 -0.1953312 0.4602744 -0.8660215 -0.1011001 0.2382296 -0.9659325 -0.5877377 0.8090515 -3.86238e-5 -0.56774 0.781454 -0.2588456 -0.50899 0.7006441 -0.500027 -0.4155952 0.5720745 -0.7071148 -0.2938705 0.4045221 -0.8660266 -0.1521252 0.2094084 -0.9659224 -0.7546895 0.6560823 -2.72486e-5 -0.7289741 0.6337154 -0.2588469 -0.6535851 0.568194 -0.4999821 -0.5336427 0.4639222 -0.7071081 -0.377349 0.3280498 -0.8660202 -0.1953112 0.1697925 -0.9659318 -0.2285006 0.1215003 -0.9659323 -0.004342973 0.01937061 0.999803 -0.04456102 0.1614712 0.9858709 0.3546684 0.919858 0.167546 0.5618594 0.5536065 0.614682 0.4378458 0.4314054 0.7887842 0.7022652 0.6919238 0.1675268 0.651841 0.642214 0.403317 0.5406259 0.8244121 0.1675366 0.1527816 0.9739605 0.1675071 -0.05598676 0.9842748 0.1675373 -0.2622294 0.9503545 0.1675177 -0.2433753 0.8820306 0.4034733 -0.2098168 0.7603589 0.6146799 -0.163482 0.5925285 0.7887861 -0.1072868 0.3887957 0.9150559 -0.009509086 0.1672433 0.9858698 0.0259577 0.1654568 0.9858754 0.06026691 0.1563078 0.985868 0.1193218 0.1175612 0.985871 0.0657348 0.05083769 0.9965413 0.09185707 0.1400671 0.985872 0.2872869 0.283066 0.9150629 -0.02288186 0.4026619 0.9150628 0.06250208 0.3984524 0.915057 0.145023 0.3763399 0.9150611 0.2211489 0.3372597 0.9150679 -0.03480792 0.6136872 0.7887817 0.09525036 0.6072561 0.788776 0.2211211 0.5735082 0.7887927 0.3370943 0.5139916 0.788784 -0.04479676 0.7874858 0.6147028 0.1222255 0.7792316 0.6147025 0.2838019 0.735953 0.6146786 0.4325253 0.6595724 0.6147245 -0.05197197 0.9135594 0.4033713 0.1417992 0.9040052 0.4033206 0.3291996 0.8537839 0.403337 0.5017868 0.7651847 0.4033644 -0.7022638 -0.6919251 0.1675269 -0.5002528 -0.3772163 0.779394 -0.4908755 -0.3699663 0.7887751 -0.4378508 -0.4314029 0.7887827 0.2587157 -0.9659535 0 0.1634942 -0.5925294 0.7887831 0.1072824 -0.3887924 0.915058 0.04455846 -0.1614655 0.9858719 -0.02596271 -0.1655051 0.9858672 0.009508967 -0.1672295 0.9858722 0.004570901 -0.02779459 0.9996033 -0.159168 -0.1204361 0.979878 -0.1334466 -0.1014999 0.9858447 -0.1193141 -0.1175538 0.9858729 -0.1318538 -0.1002057 0.9861915 -0.06587183 -0.05090421 0.9965288 -0.06592017 -0.05086755 0.9965275 -0.09187287 -0.1400894 0.9858674 -0.0602582 -0.1562888 0.9858717 -0.005286455 -0.02348506 0.9997103 -0.2884126 -0.2162618 0.9327642 -0.2054097 -0.1550533 0.9663153 -0.2873056 -0.2830607 0.9150586 -0.4313136 -0.3239309 0.8420436 -0.3946765 -0.2963505 0.8697167 -0.444077 -0.333581 0.8315765 -0.3575446 -0.2683169 0.8945212 -0.322541 -0.2421213 0.9150654 -0.5618888 -0.5535793 0.6146796 -0.6518208 -0.6422333 0.403319 -0.5406298 -0.8244173 0.1674978 -0.3546714 -0.9198648 0.1675021 -0.1527773 -0.9739589 0.1675212 0.05598998 -0.9842777 0.1675191 0.2622327 -0.9503538 0.167516 0.2433794 -0.8820981 0.4033232 0.2098045 -0.7603616 0.6146807 0.02285653 -0.4026775 0.9150565 -0.06246387 -0.3984653 0.915054 -0.1450977 -0.3763064 0.9150629 -0.2211706 -0.3372699 0.9150588 0.03491288 -0.6136799 0.7887827 -0.09524965 -0.6072493 0.7887812 -0.2210415 -0.57354 0.7887918 -0.3370763 -0.5140044 0.7887834 0.04479879 -0.7874894 0.6146979 -0.1222351 -0.7792645 0.6146588 -0.2837688 -0.7359652 0.6146792 -0.4325469 -0.6595965 0.6146836 0.05197775 -0.9135546 0.4033812 -0.1418008 -0.9040278 0.4032697 -0.3291981 -0.8537836 0.4033389 -0.5017967 -0.7651973 0.4033279 -0.1676766 0.9512593 0.2588251 -0.1503104 0.8528817 0.4999998 -0.1227535 0.6963694 0.7071078 -0.08678185 0.4924127 0.8660247 -0.04490649 0.2548972 0.9659249 -0.8829364 0.4694927 -2.15322e-6 -0.7546906 0.656081 1.98931e-6 -0.5877466 0.8090451 3.56138e-6 -0.3906627 0.9205339 6.64592e-6 -0.9094341 -0.06608372 0.4105638 -0.9398297 -0.02441245 0.34077 -0.8852508 -0.0278986 0.4642767 -0.9867451 0.14832 0.06584322 -0.5941818 -0.347244 0.7255133 -0.7432744 -0.2831854 0.6060935 -0.7967782 -0.2505536 0.5498796 -0.7245479 -0.2238185 0.6518709 -0.9119015 -0.123027 0.3915356 -0.8655345 -0.1112716 0.4883328 -0.8075002 -0.1684105 0.5653154 -0.8692054 -0.1866354 0.4578747 -0.6686437 -0.2508434 0.6999952 -0.675924 -0.315627 0.6659627 -0.6310854 -0.192046 0.7515648 -0.6796478 -0.208418 0.7033071 -0.723379 -0.1450037 0.6750531 -0.7992619 -0.09434884 0.5935308 -0.8489398 -0.0598998 0.5250841 -0.6012907 -0.2766873 0.7495957 -0.6721525 -0.1310405 0.7287245 -0.5168356 -0.1543114 0.8420624 -0.5772692 -0.1742171 0.7977523 -0.4098313 -0.1871538 0.8927552 -0.5114818 -0.233816 0.8268715 -0.5217576 -0.3011229 0.7981817 -0.5019595 -0.08138406 0.8610538 -0.6135109 -0.1147822 0.7812998 -0.7566552 -0.083543 0.6484547 -0.4836227 -0.005787193 0.8752574 -0.3878188 -0.03853017 0.92093 -0.4063016 -0.1135208 0.9066599 -0.3096066 -0.1383938 0.9407396 -0.2144605 -0.08539557 0.9729925 -0.3882063 0.03899115 0.9207473 -0.2478482 0.06639432 0.9665212 -0.2962368 0.01131278 0.9550476 -0.1973541 0.05284529 0.9789069 -0.298888 -0.06508243 0.9520664 -0.7068927 -0.07072204 0.7037763 -0.7570205 -0.04586619 0.6517794 -0.7405176 -0.01541286 0.6718602 -0.6927185 0.0860418 0.7160573 -0.738305 0.0311647 0.6737467 -0.7835938 0.06614369 0.6177425 -0.7962274 0.02431577 0.6045086 -0.8807291 0.05986005 0.4698225 -0.5926409 0.158761 0.7896655 -0.555351 0.148742 0.8182061 -0.6300132 0.1183565 0.7675123 -0.5542033 0.09208041 0.8272726 -0.6297268 0.05552291 0.7748301 -0.560656 0.02515 0.8276668 -0.6797519 -0.005131065 0.7334242 -0.6005984 -0.04296547 0.7983956 -0.6561493 -0.05793982 0.7524036 -0.9459262 0.07840406 0.3147641 -0.9792415 0.1093601 0.1706647 -0.9883954 0.07545006 0.1318407 -0.9715371 0.04938542 0.2316831 -0.9465906 -0.06720048 0.3153575 -0.9693973 -0.01546233 0.2450101 -0.9286491 0.0298019 0.3697605 -0.8504093 0.02103555 0.5257009 -0.9112527 0.002083003 0.4118427 -0.8270591 -1.28082e-4 0.562115 -0.7963362 -0.02245652 0.6044371 -0.0780003 0.02077877 0.9967368 -0.1609848 0.04300975 0.9860194 0.2587165 -0.9659533 0 -0.5571337 -0.2555308 0.7901305 -0.3905916 0.1046145 0.9146004 -0.3672546 0.09839951 0.9249009 -0.3408098 0.09132391 0.9356862 -0.5213282 0.1396027 0.8418599 -0.4740565 0.06602752 0.8780153 -0.1620616 0.0434283 0.9858247 -0.2284867 0.1214936 0.9659364 -0.2499924 0.06700235 0.9659268 -0.3897119 0.1044445 0.9149952 -0.4414617 0.2347351 0.8660318 -0.4829567 0.1294263 0.8660265 -0.5937803 0.1591002 0.7887408 -0.6243093 0.3319679 0.7071318 -0.6830717 0.1830646 0.7070363 -0.761856 0.2041523 0.6147336 -0.7646321 0.4065756 0.5000341 -0.101115 0.2382633 0.9659226 -0.1953154 0.4602434 0.8660416 -0.2762345 0.6509096 0.7071148 -0.3383318 0.7972055 0.4999951 -0.3773284 0.8891721 0.2588362 -0.1521275 0.2094117 0.9659213 -0.2938572 0.4045016 0.8660407 -0.4155971 0.5720775 0.7071113 -0.5089928 0.7006514 0.500014 -0.5677326 0.7814508 0.2588716 -0.1953309 0.1698116 0.9659244 -0.377338 0.3280371 0.8660299 -0.5336345 0.4639152 0.7071188 -0.6535786 0.5681891 0.4999961 -0.728972 0.6337252 0.2588288 -0.8528127 0.453507 0.2589246 -0.8367902 0.2242531 0.4994924 -0.883808 0.2368298 0.4034786 -0.9330248 0.2500174 0.2587589 -0.952228 0.2551723 0.1677769 0.500029 -0.8660087 0 -0.03868806 -0.219509 -0.9748431 -0.1691925 -0.9601348 -0.2225201 -0.1692157 -0.9600509 -0.222864 -0.1676584 -0.9512646 -0.2588174 -0.1563602 -0.8872972 -0.433884 -0.1563658 -0.887136 -0.4342115 -0.1503309 -0.8528759 -0.5000035 -0.1357045 -0.7699639 -0.6234902 -0.1356928 -0.7698709 -0.6236076 -0.1227582 -0.6963668 -0.7071095 -0.1082044 -0.6140314 -0.7818294 -0.1082313 -0.6141499 -0.7817326 -0.08681368 -0.4924083 -0.866024 -0.07526648 -0.4273002 -0.9009715 -0.07538133 -0.427628 -0.9008063 -0.03860783 -0.219138 -0.9749298 -0.0449019 -0.2548961 -0.9659255 0.01698946 -0.2218575 -0.9749311 0.0331279 -0.4325998 -0.9009773 0.04761093 -0.6216825 -0.7818211 0.06880211 -0.898326 -0.4339087 0.07635718 -0.9970806 -1.17905e-5 0.07448267 -0.972072 -0.2225501 0.3214991 -0.9469099 -2.4043e-5 0.3134402 -0.9231702 -0.2225131 0.5465149 -0.8374494 -3.6817e-5 0.532809 -0.8164418 -0.22257 0.7373086 -0.6755562 -2.4125e-5 0.7188204 -0.6586288 -0.2224985 0.8819389 -0.4713639 -1.78255e-5 0.8598117 -0.4595543 -0.2225618 0.9713479 -0.2376624 -6.49318e-6 0.9469891 -0.2316908 -0.2225558 0.9999404 0.01092016 -1.35377e-5 0.9748558 0.01065146 -0.222582 0.941715 0.2523068 -0.2225179 0.9330772 0.2500044 -0.2585827 0.9009202 0.009839475 -0.4338736 0.8751368 -0.2141219 -0.4339211 0.7946079 -0.4246951 -0.4338579 0.6642903 -0.6086599 -0.4338797 0.4923909 -0.7545208 -0.4338777 0.2896608 -0.8531399 -0.4338768 0.05969613 -0.7795299 -0.6235139 0.2513538 -0.7403083 -0.6235101 0.4272835 -0.6547451 -0.6234884 0.5764434 -0.5281621 -0.6235045 0.6895152 -0.3685246 -0.623505 0.7594177 -0.1858004 -0.6235087 0.7817752 0.008540213 -0.6235019 0.870276 0.2331771 -0.4338757 0.8366167 0.2241571 -0.4998263 0.7556193 0.2023864 -0.62296 0.6830068 0.1830129 -0.7071124 0.6234619 0.006810367 -0.7818241 0.605615 -0.1481786 -0.7818399 0.5498738 -0.2938867 -0.7818372 0.4597045 -0.4212048 -0.7818301 0.3407461 -0.5221314 -0.7818382 0.2004441 -0.59037 -0.7818475 0.1395053 -0.4108686 -0.9009581 0.2371258 -0.3633689 -0.9009631 0.3198968 -0.2930996 -0.9009765 0.3826391 -0.2045108 -0.9009788 0.4214494 -0.1031198 -0.9009699 0.4338398 0.00473994 -0.9009776 0.6020042 0.1613542 -0.7820203 0.4828081 0.1293518 -0.8661205 0.4190984 0.1123045 -0.9009686 0.2497635 0.06692457 -0.9659914 0.07153546 -0.2107004 -0.9749298 0.1216176 -0.1863625 -0.9749248 0.1640488 -0.1503115 -0.974933 0.1962413 -0.1048855 -0.97493 0.2161095 -0.05287247 -0.9749366 0.2224867 0.002430438 -0.9749327 0.2149385 0.05758881 -0.9749282 -0.390663 -0.9205338 -1.34707e-5 -0.3773449 -0.8891595 -0.2588557 -0.338331 -0.7971989 -0.5000061 -0.2762359 -0.6509096 -0.7071142 -0.1953139 -0.4602406 -0.8660433 -0.882937 -0.4694916 -3.21791e-5 -0.9330124 -0.2499988 -0.2588219 -0.852811 -0.4535254 -0.2588983 -0.8365182 -0.2241324 -0.500002 -0.764641 -0.4065836 -0.500014 -0.6829996 -0.1830347 -0.7071138 -0.6243265 -0.3319784 -0.7071115 -0.4829533 -0.1294291 -0.8660278 -0.4414702 -0.23474 -0.8660262 -0.2500043 -0.06698423 -0.9659249 -0.2284913 -0.1214947 -0.9659352 -0.7546874 -0.6560846 1.91852e-7 -0.7289724 -0.6337245 -0.2588293 -0.6535774 -0.5681869 -0.5000004 -0.5336343 -0.4639127 -0.7071206 -0.3773409 -0.3280398 -0.8660277 -0.1953299 -0.1698105 -0.9659247 -0.5877344 -0.809054 -1.09617e-5 -0.5677228 -0.7814697 -0.2588359 -0.5089794 -0.7006364 -0.5000486 -0.4155842 -0.5720543 -0.7071377 -0.2938618 -0.4045068 -0.8660366 -0.1521019 -0.2093734 -0.9659336 -0.1010999 -0.238228 -0.9659329 0.07632327 -0.9970831 6.87689e-6 0.3214945 -0.9469115 0 0.5465156 -0.837449 2.53469e-5 0.7377775 -0.6750441 -9.14186e-6 0.8819141 -0.4714101 2.44156e-5 0.9713848 -0.2375113 3.03984e-6 0.9999307 0.01177352 -8.12113e-6 0.9330099 0.2500054 -0.2588242 0.8365203 0.2241344 -0.4999975 0.6830003 0.1830411 -0.7071115 0.4829556 0.129427 -0.8660269 0.249998 0.06699198 -0.9659261 -0.3169209 0.912461 -0.2587979 -0.1817698 0.9486684 -0.2588204 0.01115596 -0.02543151 -0.9996144 -0.1193494 0.2296602 -0.9659254 6.35441e-6 -0.02378362 -0.9997172 -0.0114693 0.2585346 -0.965934 -0.04869747 0.2541912 -0.9659272 -0.0222159 0.4995034 -0.8660271 -0.0940876 0.4910567 -0.8660318 -0.03133511 0.7064105 -0.7071084 -0.1330654 0.6944975 -0.7070834 -0.03836834 0.865189 -0.4999761 -0.1629775 0.8505865 -0.4999409 -0.0427854 0.9650278 -0.2586326 0.09705168 0.961039 -0.258815 0.08699673 0.8616409 -0.5000067 0.07104295 0.7035293 -0.7071064 0.0502336 0.4974764 -0.8660218 0.02600359 0.2575106 -0.9659256 -0.08492231 0.2444989 -0.9659237 -0.1640473 0.4723117 -0.8660314 -0.2320147 0.6679969 -0.7070711 -0.2841439 0.8180924 -0.499987 -0.4454209 0.8571047 -0.2587893 -0.3993599 0.7684674 -0.4999696 -0.3260639 0.6274274 -0.7071189 -0.2305803 0.4436808 -0.8660139 -0.1512551 0.2100155 -0.9659273 -0.2922322 0.4057139 -0.8660234 -0.4132961 0.5737391 -0.7071138 -0.5061781 0.7027025 -0.4999929 -0.5645644 0.7837598 -0.25882 -0.933018 -0.24998 -0.2588195 -0.8365224 -0.2241076 -0.5000063 -0.6830099 -0.1830099 -0.7071102 -0.4829622 -0.1293994 -0.8660274 -0.2499995 -0.06698006 -0.9659265 -0.8829517 -0.4694641 3.7469e-5 -0.7546837 -0.6560889 2.55555e-5 -0.5882787 -0.8086583 3.61875e-5 -0.3910468 -0.9203708 1.28075e-5 -0.03868806 -0.2195123 0.9748424 -0.1692056 -0.9600543 0.2228569 -0.03868669 -0.2194788 0.9748499 -0.04490607 -0.254896 0.9659253 -0.04492145 -0.2548885 0.9659265 -0.0753774 -0.4276393 0.9008013 -0.07535737 -0.4276286 0.9008081 -0.08676826 -0.4924167 0.8660237 -0.08677488 -0.4924151 0.866024 -0.1082462 -0.6141437 0.7817355 -0.1082359 -0.6141538 0.7817289 -0.1227498 -0.6963704 0.7071073 -0.1227192 -0.6963766 0.7071065 -0.135708 -0.7698749 0.6235994 -0.1356477 -0.7698824 0.6236031 -0.1503277 -0.8528792 0.4999989 -0.1503064 -0.8528829 0.4999987 -0.1563497 -0.8871317 0.4342259 -0.1563282 -0.8871329 0.4342314 -0.1676574 -0.9512643 0.2588191 -0.1676267 -0.9512702 0.2588173 -0.1691628 -0.9600568 0.2228789 0.01975703 -0.2580304 0.9659348 0.08319991 -0.24505 0.9659339 0.1414424 -0.2167379 0.965929 0.1908149 -0.1748369 0.9659305 0.2282477 -0.1219943 0.9659298 0.2514108 -0.06151348 0.9659237 0.258782 0.002829432 0.9659317 0.2499968 0.06698256 0.965927 0.03818184 -0.4985496 0.8660199 0.1607437 -0.4734356 0.8660371 0.2732458 -0.4186982 0.8660419 0.3686356 -0.3377677 0.8660374 0.4409788 -0.235686 0.8660196 0.4856555 -0.1188266 0.8660364 0.4999854 0.0054605 0.8660167 0.4829664 0.1293896 0.8660265 0.05400043 -0.70504 0.7071086 0.2273388 -0.6695543 0.7071168 0.3864381 -0.5921683 0.7071084 0.521364 -0.4776948 0.7070978 0.6236257 -0.3333141 0.7071017 0.6868283 -0.1680437 0.7071267 0.7070486 0.007720589 0.7071229 0.6830148 0.1829813 0.7071129 0.06613004 -0.8634994 0.4999955 0.2784259 -0.8200396 0.5000143 0.473293 -0.7252333 0.5000306 0.6385141 -0.5850341 0.5000351 0.7637824 -0.4082206 0.4999924 0.8412242 -0.2058215 0.4999793 0.865969 0.00946033 0.5000082 0.8368493 0.224187 0.4994232 0.07374775 -0.9631016 0.2588372 0.3105394 -0.9146287 0.2588817 0.5278939 -0.8089101 0.2588297 0.7121748 -0.6525254 0.2588779 0.8518757 -0.4553039 0.2588555 0.9382439 -0.2295664 0.2588393 0.9658667 0.01055133 0.258825 0.9328666 0.2499671 0.2593767 0.2267104 0.124875 -0.9659238 0.4379605 0.2412293 -0.866025 0.6193612 0.3411462 -0.7071147 0.7585505 0.4178149 -0.5000321 0.846071 0.4660209 -0.2588214 0.8759183 0.4824596 -3.2505e-5 0.7350039 0.6780629 2.27243e-6 0.7099512 0.6549252 -0.2589253 0.551391 0.834247 -2.56449e-5 0.5325908 0.8058143 -0.258864 0.3357186 0.9419624 -1.73729e-5 0.3242735 0.9098513 -0.258877 0.1005348 0.9949336 -3.38536e-5 0.09712135 0.9610242 -0.2588435 -0.1404864 0.9900826 -2.58349e-5 -0.1356912 0.9563483 -0.2588165 -0.3733326 0.9276975 -4.09745e-5 -0.360614 0.8960741 -0.2588604 0.6365387 0.5872086 -0.5000046 0.4775178 0.722475 -0.5000067 0.2907401 0.8157597 -0.5000065 0.08707028 0.8616355 -0.5000032 -0.1216604 0.8574397 -0.499996 -0.3233184 0.8034064 -0.5000035 0.5197322 0.4794631 -0.7071023 0.38989 0.5898994 -0.7071101 0.2373844 0.6660541 -0.7071213 0.07109975 0.7035104 -0.7071196 -0.09932947 0.7000945 -0.7071078 -0.2639895 0.6559799 -0.7071067 0.3675227 0.339042 -0.8660125 0.2756948 0.4171266 -0.8660241 0.167869 0.4710068 -0.8660097 0.05026644 0.4974344 -0.8660441 -0.07023805 0.4950287 -0.8660331 -0.1866689 0.4638504 -0.866024 0.1902479 0.1754967 -0.9659228 0.1426999 0.2159055 -0.9659305 0.08689641 0.2438182 -0.9659202 0.02601611 0.2574772 -0.9659342 -0.03635555 0.2562222 -0.965934 -0.0966162 0.240078 -0.9659337 -0.03643012 0.2562388 -0.9659268 -0.07026726 0.4950178 -0.8660369 -0.1866886 0.463839 -0.8660258 -0.09936892 0.7000818 -0.7071148 -0.2640193 0.6559678 -0.7071068 -0.1216995 0.8574254 -0.500011 -0.3233583 0.8033752 -0.5000277 -0.1357482 0.9563248 -0.2588731 -0.3606582 0.8960723 -0.258805 -0.1405237 0.9900773 -2.43112e-5 -0.373386 0.9276762 -4.08571e-5 -0.5845424 0.8113631 1.94088e-6 -0.5646257 0.7837219 -0.2588011 -0.7617247 0.6479009 -1.65366e-5 -0.7357699 0.6258059 -0.2588626 -0.8946379 0.446792 -3.34922e-5 -0.8641549 0.4315571 -0.2588337 -0.9755659 0.219707 -3.79384e-5 -0.9423283 0.2122217 -0.2588038 -0.9997971 -0.02014762 -3.76143e-5 -0.9657292 -0.01945996 -0.2588212 -0.5062147 0.7026425 -0.5000402 -0.6596634 0.5610963 -0.5000153 -0.7747799 0.3869299 -0.5000015 -0.8448529 0.1902662 -0.5000224 -0.8658422 -0.01743966 -0.5000133 -0.4133135 0.5737017 -0.7071338 -0.5386074 0.4581317 -0.7071192 -0.6326031 0.3159268 -0.7071093 -0.6898211 0.1553586 -0.7071143 -0.7069393 -0.01424062 -0.7071308 -0.2922599 0.4056672 -0.8660359 -0.3808501 0.3239408 -0.8660345 -0.4473026 0.2233815 -0.8660376 -0.4877712 0.1098479 -0.8660328 -0.4998891 -0.0100702 -0.8660308 -0.09663724 0.2400962 -0.9659271 -0.151283 0.2099924 -0.9659279 -0.1971505 0.1676918 -0.9659251 -0.2315572 0.1156447 -0.9659232 -0.2524808 0.05685514 -0.9659301 -0.2587291 -0.005209207 -0.965936 -0.1011049 -0.2382411 0.9659291 -0.1953243 -0.4602597 0.8660308 -0.2762361 -0.6509081 0.7071155 -0.3383315 -0.7971975 0.500008 -0.2499994 -0.06699085 0.9659258 -0.2285045 -0.1215011 0.9659312 -0.4829614 -0.1294112 0.8660259 -0.4414614 -0.2347351 0.866032 -0.6830139 -0.1830003 0.7071089 -0.6243187 -0.3319745 0.7071203 -0.8365128 -0.2241593 0.4999991 -0.7646473 -0.406588 0.500001 -0.9330025 -0.250039 0.2588183 -0.8528404 -0.4534977 0.2588497 -0.1953117 -0.1697933 0.9659314 -0.3773234 -0.3280206 0.8660426 -0.5336444 -0.4639257 0.7071043 -0.6535649 -0.5681793 0.5000252 -0.7289683 -0.6337392 0.2588046 -0.1521263 -0.2094075 0.9659224 -0.2938732 -0.4045232 0.8660252 -0.4155967 -0.5720756 0.707113 -0.5089895 -0.7006431 0.5000289 -0.5677158 -0.7814813 0.2588159 -0.3773351 -0.889151 0.2588987 0.9330098 0.250013 0.2588172 0.836519 0.2241424 0.4999963 0.6830068 0.1830188 0.707111 0.4829567 0.1294251 0.8660267 0.249998 0.06699138 0.9659261 0.8756124 0.4830143 1.5296e-5 0.7348963 0.6781796 2.7962e-5 0.5513868 0.8342497 3.71933e-5 0.3353227 0.9421033 2.19643e-5 0.1005132 0.9949358 1.54004e-5 -0.1398583 0.9901716 2.16141e-5 -0.372631 0.9279796 3.06964e-5 -0.1404584 0.9900866 4.82798e-6 -0.3733616 0.9276859 1.29193e-5 -0.5845406 0.8113645 1.00657e-5 -0.7614139 0.6482661 1.95131e-5 -0.894398 0.4472723 3.67239e-5 -0.9755988 0.2195609 9.12696e-6 -0.9997856 -0.02071011 8.17329e-6 -0.9330171 -0.2499748 0.2588277 -0.2499981 -0.06695586 0.9659286 -0.8365173 -0.2241426 0.4999991 -0.6830119 -0.1829856 0.7071146 -0.4829644 -0.1293928 0.8660271 0.8460575 0.4660249 0.2588582 0.7585543 0.4178126 0.5000281 0.6193586 0.3411449 0.7071175 0.4379557 0.241227 0.8660278 0.2267078 0.1248749 0.9659243 0.1902251 0.175475 0.9659311 0.1426998 0.2159028 0.9659311 0.08688431 0.2437807 0.9659307 0.02601772 0.2574823 0.9659327 -0.03635615 0.2562226 0.9659339 -0.09661883 0.2400833 0.9659321 -0.1512854 0.2099958 0.9659268 0.3674987 0.3390187 0.8660317 0.2756795 0.4171032 0.8660402 0.1678603 0.4709812 0.8660253 0.05027085 0.4974773 0.8660191 -0.07023715 0.4950234 0.8660362 -0.1866708 0.4638527 0.8660225 -0.2922237 0.4057222 0.8660225 0.519714 0.4794439 0.7071287 0.3898772 0.5898805 0.7071328 0.2373923 0.6660746 0.7070994 0.07109755 0.7035046 0.7071255 -0.09932667 0.7000793 0.7071232 -0.263987 0.6559708 0.7071163 -0.4133056 0.5737397 0.7071077 0.6365402 0.5872093 0.5000019 0.4775226 0.7224842 0.4999887 0.2907401 0.8157589 0.5000079 0.0870698 0.8616279 0.5000163 -0.1216592 0.8574375 0.5 -0.3233128 0.8033912 0.5000317 -0.5061628 0.7027134 0.4999931 0.7099425 0.6549407 0.25891 0.5325967 0.8057968 0.2589063 0.3242713 0.9098584 0.2588551 0.09711945 0.9610313 0.258818 -0.1356903 0.9563484 0.2588164 -0.3606047 0.8960694 0.2588897 -0.564558 0.7837624 0.2588258 0.09702676 0.9610406 0.2588183 -0.1357499 0.9563291 0.2588564 0.08699196 0.8616445 0.5000013 -0.1216962 0.8574167 0.5000268 0.07105523 0.7035243 0.7071101 -0.09936481 0.7000606 0.7071364 0.05020684 0.4974759 0.8660238 -0.07027113 0.4950487 0.8660191 0.02601754 0.2575108 0.9659251 -0.03637057 0.2562533 0.9659252 -0.09663301 0.2400827 0.9659309 -0.1512812 0.2099881 0.9659292 -0.1971429 0.1676853 0.9659278 -0.231545 0.1156373 0.9659271 -0.2524713 0.0568549 0.9659326 -0.2587586 -0.00521028 0.965928 -0.1866907 0.4638431 0.8660233 -0.2922556 0.4056625 0.8660396 -0.3808611 0.3239521 0.8660254 -0.4473014 0.2233808 0.8660385 -0.4877536 0.1098446 0.8660431 -0.4998924 -0.01006966 0.866029 -0.264016 0.6559621 0.7071134 -0.4133273 0.5737182 0.7071124 -0.5386101 0.4581323 0.7071167 -0.6325979 0.3159257 0.7071145 -0.6898182 0.1553581 0.7071173 -0.7069544 -0.0142402 0.7071158 -0.3233612 0.8033993 0.4999873 -0.5062174 0.7026461 0.5000324 -0.6596586 0.5610954 0.5000227 -0.7747666 0.3869255 0.5000254 -0.8448721 0.1902743 0.4999868 -0.8658428 -0.01744002 0.500012 -0.3606609 0.8960725 0.2588013 -0.5646323 0.783724 0.2587803 -0.7357722 0.6258233 0.2588135 -0.8641609 0.4315608 0.2588074 -0.9423183 0.2122202 0.2588418 -0.9657151 -0.01945841 0.2588741 0.01116305 -0.02542531 0.9996144 -0.08491045 0.244462 0.9659341 6.72089e-6 -0.02382636 0.9997162 -0.4454266 0.8571135 0.2587501 -0.1817766 0.9486845 0.2587569 -0.01146262 0.2585604 0.9659271 -0.02216076 0.4995225 0.8660175 -0.03132909 0.7064005 0.7071188 -0.0383678 0.8651514 0.500041 -0.04279845 0.9649924 0.2587625 -0.1629739 0.8505848 0.4999452 -0.1330673 0.6945101 0.7070707 -0.09409445 0.4910915 0.8660113 -0.04870682 0.2542374 0.9659147 -0.3169186 0.9124571 0.2588139 -0.2841448 0.8180937 0.4999845 -0.2319981 0.6679555 0.7071155 -0.1640566 0.4723389 0.8660147 -0.1193524 0.2296893 0.9659181 -0.2306244 0.4436274 0.8660296 -0.326076 0.6274534 0.7070903 -0.3993476 0.7684467 0.5000112 0.2152957 0.05769431 -0.9748432 0.2578368 0.02256023 -0.965925 0.250002 0.06698739 -0.9659253 0.4194184 0.112371 -0.9008113 0.4981463 0.04358762 -0.8659968 0.4829622 0.129418 -0.8660246 0.6023551 0.1613715 -0.7817466 0.7044312 0.06163191 -0.7070915 0.683023 0.1829811 -0.707105 0.7551136 0.2023059 -0.6235991 0.8627471 0.07548242 -0.4999697 0.2578268 -0.02250045 -0.9659292 0.4981406 -0.04352468 -0.8660033 0.704433 -0.06163012 -0.7070898 0.8627284 -0.07548004 -0.5000028 0.9623009 -0.08419024 -0.2586291 0.9622935 0.0842306 -0.2586435 0.2500023 -0.06698226 -0.9659256 0.4829658 -0.1294028 -0.8660248 0.6830164 -0.1829916 -0.7071087 0.8365153 -0.2241509 -0.4999986 0.9330164 -0.2499871 -0.2588183 0.8365249 0.2241145 -0.4999989 0.8701147 0.2331278 -0.4342257 0.933016 0.2499931 -0.2588139 0.9416235 0.2523176 -0.2228927 0.933014 -0.2499949 -0.2588194 0.8365222 -0.2241213 -0.5000002 0.6830098 -0.1830043 -0.7071118 0.4829644 -0.1294058 -0.8660252 0.249998 -0.06698358 -0.9659267 0.8702739 0.2331838 -0.4338765 0.9417375 0.2523704 -0.2223505 0.7551935 0.2023465 -0.6234892 0.6022402 0.1614003 -0.7818292 0.4190949 0.1123317 -0.9009668 0.2149392 0.05759292 -0.9749279 0.2565973 -0.03377771 -0.965928 0.9576495 -0.1260694 -0.2588706 0.858594 -0.1130348 -0.5000395 0.7010474 -0.09229731 -0.7071166 0.495706 -0.06525778 -0.8660352 0.2588084 -3.83789e-5 -0.9659287 0.499998 -2.9685e-5 -0.8660266 0.7071059 -8.04663e-6 -0.7071078 0.866023 -1.96528e-5 -0.5000042 0.9659261 -8.12113e-7 -0.2588182 0.1982769 0.101024 -0.9749259 0.3865872 0.1969788 -0.9009715 0.555549 0.2830696 -0.7818165 0.6966112 0.3549355 -0.6235011 0.8027698 0.4090302 -0.4338838 0.8686703 0.4426113 -0.2225027 0.1729344 0.140044 -0.9749264 0.3371933 0.2730537 -0.9009675 0.4845232 0.3923658 -0.781848 0.6076024 0.4920225 -0.6234849 0.700191 0.5670107 -0.4338566 0.7576674 0.6135553 -0.2224638 0.1400494 0.1729421 -0.9749242 0.2730545 0.3371956 -0.9009664 0.3923782 0.4845376 -0.7818328 0.4920309 0.6076104 -0.6234704 0.5670057 0.7001872 -0.4338693 0.6135717 0.757669 -0.2224131 0.1010177 0.1982672 -0.9749286 0.1969964 0.3866204 -0.9009535 0.2830607 0.555532 -0.7818317 0.3549365 0.6966127 -0.6234989 0.4090375 0.8027845 -0.4338495 0.4426088 0.8686677 -0.2225175 0.05758637 0.2149407 -0.9749279 0.1122961 0.4191016 -0.9009681 0.1613743 0.6022419 -0.7818332 0.2023422 0.7551962 -0.6234875 0.2332263 0.8702608 -0.4338796 0.2523442 0.9417056 -0.2225154 0.2588155 1.45324e-5 -0.9659268 0.4999977 3.11658e-5 -0.8660268 0.7071058 1.87662e-5 -0.7071079 0.8660238 -8.28877e-6 -0.500003 0.9659259 3.43844e-6 -0.258819 0.2522906 0.9416358 -0.2228714 0.2499853 0.9330148 -0.258826 0.2331337 0.8701138 -0.4342244 0.2241086 0.8365308 -0.4999918 0.2023235 0.7551033 -0.6236059 0.1830139 0.6830098 -0.7071093 0.1614106 0.6023647 -0.7817311 0.1293826 0.4829761 -0.8660221 0.1123704 0.4194135 -0.9008137 0.05767697 0.2152675 -0.9748504 0.06700259 0.2499896 -0.9659275 0.9576694 0.1260914 -0.2587862 0.9330536 0.2499886 -0.2586829 0.8586038 0.1130411 -0.5000214 0.8363514 0.2241007 -0.5002953 0.7010347 0.09229594 -0.7071294 0.683011 0.1830117 -0.7071087 0.4957273 0.06526106 -0.8660228 0.4829689 0.1293779 -0.8660269 0.2566155 0.03378063 -0.9659231 0.2499971 0.06695902 -0.9659286 -0.1510982 0.9540449 -0.2587813 0.01355099 0.2584907 -0.9659187 -0.1576161 0.1576106 -0.9748417 -0.1829957 0.1830325 -0.9659253 0.02616965 0.4993231 -0.8660206 -0.1409697 0.2170754 -0.9659223 -0.3070203 0.3070387 -0.9008141 -0.2723266 0.419352 -0.8660152 0.03701013 0.7061344 -0.70711 -0.3535409 0.3535791 -0.86602 -0.4409376 0.4409668 -0.7817431 -0.3851149 0.5930233 -0.7071138 0.04532247 0.864853 -0.4999752 -0.4999768 0.5000236 -0.7071067 -0.5527606 0.5527861 -0.6236051 -0.4716707 0.7263105 -0.4999998 0.05055367 0.9646142 -0.2587739 -0.04048812 0.2556173 -0.9659299 -0.07822269 0.4938552 -0.8660187 -0.1106219 0.6984094 -0.7070978 -0.13548 0.8553785 -0.4999731 -0.09275156 0.2416371 -0.9659237 -0.1791176 0.466821 -0.8660226 -0.2533994 0.6601373 -0.7071121 -0.3103662 0.8085229 -0.4999635 -0.3461552 0.9017614 -0.2588495 -0.5260792 0.8100916 -0.2588291 -0.6123577 0.6123855 -0.5000021 -0.6369581 0.6369755 -0.4342195 -0.6829897 0.6830374 -0.2588148 -0.6893128 0.6893343 -0.2228589 0.2500167 0.06696134 -0.9659234 0.4829707 0.1293911 -0.8660238 0.6830165 0.1829949 -0.7071077 0.8365162 0.2241483 -0.4999983 0.9330179 0.2499751 -0.2588245 -0.1576113 0.1576134 -0.974842 -0.1830163 0.1830075 -0.9659261 -0.3070481 0.3070458 -0.9008021 -0.3535442 0.3535576 -0.8660274 -0.4409589 0.4409674 -0.7817308 -0.5000048 0.4999962 -0.7071062 -0.5527798 0.5527678 -0.6236043 -0.6123676 0.6123785 -0.4999985 -0.6369849 0.6369509 -0.4342163 -0.6830336 0.6829942 -0.2588127 -0.6893283 0.6893131 -0.2228763 0.2500109 -0.06696909 -0.9659244 0.2578434 -0.02256065 -0.9659233 0.4829667 -0.1294034 -0.8660242 0.4981099 -0.04358047 -0.8660181 0.6830173 -0.1829962 -0.7071067 0.7044138 -0.06162965 -0.707109 0.8365209 -0.2241365 -0.4999955 0.8627446 -0.07548075 -0.4999743 0.9330089 -0.2500132 -0.2588204 0.9622507 -0.08419048 -0.2588155 0.257848 0.02256143 -0.9659221 0.4981138 0.04350757 -0.8660196 0.7044029 0.06162887 -0.7071198 0.8627494 0.07547986 -0.4999663 0.9622816 0.08418649 -0.2587025 -0.7912454 0.5540407 -0.2587852 -0.2500008 0.06702739 -0.9659228 -0.2120382 0.1484686 -0.9659177 -0.4095932 0.286799 -0.8660138 -0.5792484 0.4055951 -0.7070814 -0.7094119 0.4967311 -0.4999929 -0.8754419 0.4082244 -0.2587558 -0.7848965 0.3660014 -0.4999804 -0.6408933 0.2988528 -0.7070664 -0.4531568 0.2113122 -0.8660231 -0.2345549 0.1093724 -0.9659305 -0.933013 0.2500023 -0.2588161 -0.8365209 0.2241336 -0.499997 -0.683005 0.183032 -0.7071093 -0.4829607 0.1294313 -0.8660234 0.9330133 -0.2499966 -0.2588206 0.249998 -0.06700593 -0.9659251 0.8365094 -0.2241692 -0.5000002 0.6830049 -0.1830376 -0.7071079 0.4829601 -0.1294307 -0.8660239 -0.2500087 0.06697273 -0.9659246 -0.4829762 0.1293809 -0.8660224 -0.6830137 0.1829952 -0.7071104 -0.8365237 0.2241225 -0.4999975 -0.9330133 0.2499946 -0.2588219 0.06699353 -0.2499989 -0.9659258 0.1174911 -0.2305922 -0.9659312 0.1294282 -0.4829599 -0.8660243 0.227008 -0.4455159 -0.8660156 0.183004 -0.6830125 -0.7071092 0.3210299 -0.6300614 -0.7070802 0.224162 -0.8365128 -0.4999977 0.3931674 -0.7716254 -0.5000136 0.249998 -0.9330124 -0.2588225 0.4385196 -0.8606486 -0.2588143 0.1628803 -0.2011401 -0.9659258 0.3146718 -0.3885849 -0.8660159 0.4449933 -0.5495219 -0.7071115 0.5450045 -0.6730243 -0.5000085 0.6078932 -0.7506747 -0.2587535 0.2011439 -0.1628821 -0.9659247 0.3885737 -0.3146621 -0.8660244 0.5495151 -0.4449884 -0.70712 0.6730247 -0.545005 -0.5000075 0.7506715 -0.6079072 -0.2587296 0.2306244 -0.1175066 -0.9659217 0.445498 -0.2269979 -0.8660275 0.6300321 -0.3210156 -0.7071129 0.7716361 -0.3931727 -0.4999931 0.8606564 -0.438519 -0.258789 -0.2566035 0.03377854 -0.9659264 -0.4957288 0.0652619 -0.8660219 -0.7010805 0.09230333 -0.707083 -0.8586261 0.1130478 -0.4999814 -0.9576605 0.1260793 -0.2588252 -0.258824 1.81628e-5 -0.9659245 -0.5000076 3.28887e-5 -0.8660212 -0.7071081 -1.19212e-6 -0.7071055 -0.8660261 3.24185e-5 -0.4999988 -0.9659259 1.88901e-5 -0.2588188 0.2499653 -0.933022 -0.2588192 0.0669834 -0.2500014 -0.9659258 0.2241322 -0.836519 -0.5000008 0.1830236 -0.6830055 -0.707111 0.1294098 -0.4829652 -0.8660242 -0.2588198 -7.88597e-7 -0.9659257 -0.5000052 -2.95304e-5 -0.8660224 -0.7071087 -9.60781e-6 -0.7071049 -0.866025 -3.18067e-5 -0.5000008 -0.9659267 -2.39626e-5 -0.2588163 -0.1511064 -0.9540566 -0.2587331 -0.3461586 -0.9017732 -0.258804 -0.1409623 -0.2170636 -0.965926 -0.1576188 -0.1576202 -0.9748396 -0.1830008 -0.1830223 -0.9659262 -0.3070405 -0.3070496 -0.9008034 -0.272337 -0.4193656 -0.8660053 -0.353545 -0.3535659 -0.8660238 -0.4409425 -0.4409677 -0.78174 -0.3851252 -0.5930376 -0.7070962 -0.4999817 -0.5000237 -0.7071031 -0.5527657 -0.5527768 -0.6236088 -0.4716717 -0.7263121 -0.4999967 -0.6123511 -0.6123992 -0.4999934 -0.6369651 -0.6369617 -0.4342296 -0.5260769 -0.8100916 -0.2588338 -0.6830182 -0.6830068 -0.2588205 -0.0927571 -0.2416499 -0.9659201 -0.1791794 -0.4667899 -0.8660266 -0.2533971 -0.6601338 -0.7071161 -0.3103678 -0.8085248 -0.4999596 -0.6893092 -0.6893389 -0.222856 -0.1354808 -0.8553658 -0.4999944 -0.1106198 -0.6983994 -0.7071079 -0.07822656 -0.4938732 -0.8660081 -0.0404883 -0.2556235 -0.9659283 0.05055803 -0.9646307 -0.258711 0.04532319 -0.8648594 -0.4999642 0.03701031 -0.7061352 -0.7071092 0.02617096 -0.4993408 -0.8660103 0.0135501 -0.2584691 -0.9659245 -0.2566213 -0.0337814 -0.9659216 -0.4957138 -0.06525826 -0.8660308 -0.7010735 -0.09230583 -0.7070896 -0.8586496 -0.1130413 -0.4999427 -0.9576513 -0.1260748 -0.2588616 -0.2500174 -0.06696003 -0.9659233 -0.4829663 -0.1294026 -0.8660245 -0.6830151 -0.1829947 -0.7071092 -0.8365247 -0.2241217 -0.499996 -0.933012 -0.2500022 -0.2588194 -0.6893161 -0.6893197 -0.2228938 -0.1576037 -0.1575925 -0.9748466 -0.1830158 -0.1830067 -0.9659264 -0.3070436 -0.3070276 -0.9008099 -0.3535532 -0.353551 -0.8660265 -0.4409592 -0.4409697 -0.7817294 -0.5000037 -0.4999958 -0.7071071 -0.5527828 -0.5527617 -0.623607 -0.6123769 -0.6123684 -0.4999996 -0.6369757 -0.6369568 -0.4342213 -0.6830041 -0.6830209 -0.2588202 -0.2500007 -0.06703114 -0.9659226 -0.9330138 -0.249992 -0.2588226 -0.8365158 -0.2241595 -0.4999939 -0.6830061 -0.1830402 -0.7071061 -0.482966 -0.1294019 -0.8660249 -0.2120123 -0.1484511 -0.965926 -0.4095796 -0.2867895 -0.8660233 -0.5792589 -0.4056021 -0.7070688 -0.7094002 -0.496721 -0.5000197 -0.2345677 -0.1093785 -0.9659267 -0.4531453 -0.2113085 -0.86603 -0.6408765 -0.2988464 -0.7070844 -0.7849095 -0.3659986 -0.4999622 -0.8754432 -0.4082188 -0.2587602 -0.7912434 -0.5540407 -0.2587915 0.0874176 -0.1992037 0.9760513 0.102477 -0.383875 0.9176811 0.07111793 -0.113217 0.9910218 0.04338431 -0.2182534 0.9749274 0.09739661 -0.4902358 0.866131 0.08456975 -0.4255643 0.9009679 0.1137154 -0.5540788 0.8246609 0.05038571 -0.2536233 0.96599 0.1377844 -0.6935511 0.7071085 0.1215093 -0.6115342 0.7818322 0.1205977 -0.7033731 0.7005158 0.1229609 -0.8261123 0.5499266 0.152347 -0.7668403 0.6234952 0.1882297 -0.947471 0.2585889 0.1755529 -0.8837022 0.43388 0.1207226 -0.9176676 0.3785661 0.168789 -0.8495182 0.4998292 0.1138915 -0.9745823 0.19292 0.1900086 -0.9562278 0.2225428 0.08239728 -0.2354802 0.96838 0.03394705 -0.301244 0.9529427 -0.0483579 -0.4619903 0.8855656 -0.03394126 -0.3012457 0.9529423 -0.04474556 -0.2944773 0.9546104 -0.08240705 -0.2355156 0.9683706 -0.0633248 -0.243658 0.9677917 -0.07112711 -0.1132116 0.9910218 -0.02467387 -0.03036981 0.9992341 -0.05041414 -0.6143487 0.7874225 -0.05077165 -0.7465218 0.6634211 -0.09896898 -0.4452649 0.8899126 -0.1298276 -0.6255293 0.7693231 -0.043361 -0.2182363 0.9749321 -0.05038189 -0.2536183 0.9659914 -0.08456605 -0.4255548 0.9009727 -0.09743082 -0.4902604 0.8661131 -0.1214786 -0.6115455 0.7818281 -0.1378124 -0.6935467 0.7071074 -0.04946082 -0.8541776 0.5176238 -0.15451 -0.7757612 0.611818 -0.1523701 -0.7668408 0.6234892 -0.1717504 -0.8887709 0.4249566 -0.04671639 -0.9337673 0.3548189 -0.1687796 -0.8495247 0.4998213 -0.1755939 -0.8836964 0.4338749 -0.1882388 -0.947476 0.2585645 -0.04215133 -0.9826933 0.1803807 -0.1807425 -0.9591349 0.2176984 -0.1899837 -0.9562353 0.2225319 0.4042707 -0.877258 0.2588125 0.5979647 -0.7585942 0.2587919 0.2182316 -0.04335743 0.9749334 0.2350723 -0.1083296 0.9659223 0.2536126 -0.05038577 0.9659928 0.1083296 -0.2350731 0.965922 0.4255522 -0.08457595 0.900973 0.4541053 -0.2092731 0.8660215 0.490248 -0.09740614 0.8661229 0.2092587 -0.454086 0.8660352 0.6115437 -0.1214766 0.7818299 0.642211 -0.2959668 0.7070847 0.6935449 -0.1378238 0.7071069 0.2959454 -0.6421943 0.7071089 0.7668402 -0.1523677 0.6234902 0.7865333 -0.3624709 0.4999803 0.8495201 -0.1687884 0.4998262 0.3624669 -0.7865304 0.4999877 0.8836992 -0.1755794 0.4338754 0.8772585 -0.4042726 0.2588072 0.9474725 -0.1882348 0.2585799 0.7585944 -0.5979619 0.2587978 0.6801198 -0.5361158 0.5000169 0.5553318 -0.4377483 0.7070948 0.3926821 -0.3095387 0.8660177 0.2032688 -0.1602262 0.9659242 0.9562298 -0.1900088 0.222534 0.5361314 -0.680141 0.4999714 0.4377458 -0.5553265 0.7071005 0.3095339 -0.3926751 0.8660225 0.1602146 -0.2032543 0.9659291 -0.8772584 -0.4042789 0.2587982 -0.1083263 -0.2350696 0.9659233 -0.2182576 -0.04337418 0.9749268 -0.2350627 -0.1083228 0.9659253 -0.2092603 -0.4540895 0.8660328 -0.2536258 -0.05038422 0.9659894 -0.4255623 -0.08456611 0.9009692 -0.4540987 -0.2092685 0.866026 -0.2959564 -0.6422014 0.7070977 -0.49026 -0.0974254 0.866114 -0.6115368 -0.1215087 0.7818303 -0.6422184 -0.2959796 0.7070726 -0.3624607 -0.7865282 0.4999956 -0.6935505 -0.1378093 0.7071042 -0.7668374 -0.1523727 0.6234926 -0.786529 -0.3624621 0.4999935 -0.404269 -0.8772575 0.2588168 -0.1602166 -0.2032562 0.9659284 -0.3095335 -0.3926735 0.8660235 -0.4377555 -0.5553375 0.7070859 -0.5361159 -0.6801244 0.5000107 -0.5979593 -0.7585883 0.2588215 -0.7585906 -0.5979672 0.2587968 -0.6801389 -0.5361292 0.4999767 -0.5553317 -0.4377499 0.7070939 -0.392686 -0.3095414 0.866015 -0.2032653 -0.1602233 0.9659254 -0.8495216 -0.1687903 0.499823 -0.8836985 -0.1755732 0.4338791 -0.9474729 -0.188238 0.2585762 -0.9562391 -0.189984 0.2225147 0.2182582 0.04335701 0.9749275 0.1368329 0.07897889 0.9874407 0.3838775 0.1024764 0.9176802 0.6115409 0.1214808 0.7818314 0.4255689 0.08455389 0.9009671 0.5540802 0.1137149 0.82466 0.7668443 0.152344 0.6234911 0.7033759 0.1206087 0.7005112 0.9562354 0.1900011 0.2225162 0.8836992 0.1755737 0.4338774 0.9176697 0.1206949 0.3785699 0.9745834 0.1138822 0.1929199 0.1992031 0.08740675 0.9760524 0.2643511 0.07082772 0.9618223 0.4619886 -0.0483585 0.8855665 0.3096696 -8.4471e-6 0.9508443 0.2944813 -0.04473829 0.9546095 0.2643857 -0.07084113 0.9618118 0.2436619 -0.06332069 0.967791 0.1368179 -0.07897973 0.9874427 0.03037464 -0.02466505 0.9992342 0.6143426 -0.05036962 0.7874302 0.7465203 -0.05075842 0.6634238 0.4452732 -0.09895724 0.8899097 0.6255257 -0.129839 0.7693241 0.8261151 0.122956 0.5499233 0.8541666 -0.04949915 0.5176383 0.7757638 -0.154502 0.6118166 0.888768 -0.1717614 0.4249583 0.9337698 -0.04661595 0.3548251 0.9826949 -0.04212099 0.1803793 0.9591323 -0.1807538 0.2177003 -0.1132022 0.07112568 0.991023 -0.03036201 0.02466601 0.9992346 -0.2436497 0.06331747 0.9677942 -0.3012505 0.03393614 0.9529411 -0.2944764 0.04474657 0.9546107 -0.4620075 0.04837197 0.885556 -0.9745818 -0.1138983 0.1929188 -0.1132009 -0.07112449 0.9910232 -0.3839097 -0.1024873 0.9176654 -0.554082 -0.113697 0.8246612 -0.7033736 -0.1206024 0.7005147 -0.8261108 -0.122992 0.5499218 -0.9176686 -0.1206899 0.3785743 -0.1992059 -0.08742004 0.9760506 -0.235512 -0.08240431 0.9683718 -0.3012718 -0.03394776 0.9529339 -0.9826959 0.04209953 0.1803788 -0.9336863 0.04688239 0.3550099 -0.8541815 0.04943889 0.5176193 -0.7465201 0.05075836 0.6634241 -0.6143469 0.05040305 0.7874246 -0.2354881 0.08240741 0.9683772 -0.959131 0.1807612 0.2176997 -0.8887691 0.1717498 0.4249606 -0.7757623 0.1544993 0.6118194 -0.6255307 0.1298361 0.7693205 -0.4452784 0.09894549 0.8899084 -0.9562384 0.1899791 0.2225223 -0.8836967 0.1755909 0.4338756 -0.7668461 0.1523371 0.6234906 -0.6115314 0.121525 0.7818319 -0.4255653 0.08455544 0.9009687 -0.2182418 0.04336297 0.9749309 0.8854205 0.4080166 0.2226048 0.7656592 0.6035388 0.2225015 0.04342365 0.2185845 0.9748514 0.09313505 0.2021009 0.9749262 0.0504145 0.2538343 0.9659331 0.1816188 0.3940874 0.9009494 0.08461576 0.4258869 0.900811 0.09743559 0.4904198 0.8660225 0.2609664 0.5662697 0.7818154 0.1215157 0.6116625 0.7817308 0.1377786 0.6935524 0.7071083 0.3272257 0.7100654 0.6234825 0.1523345 0.7667492 0.6236104 0.1687521 0.849424 0.5000017 0.3770911 0.8182695 0.4338635 0.1755235 0.8835329 0.4342362 0.1882315 0.947407 0.2588226 0.4080413 0.88542 0.2225617 0.1899849 0.9561598 0.2228548 0.6035376 0.7656588 0.2225059 0.557772 0.7075891 0.4338296 0.4840145 0.6140381 0.6234478 0.3859745 0.4896528 0.7818338 0.2685949 0.3407427 0.9009724 0.1377643 0.1747776 0.9749225 0.7075812 0.5577548 0.4338646 0.614028 0.4840124 0.6234593 0.4896611 0.3859801 0.7818258 0.3407545 0.2686027 0.9009656 0.1747854 0.1377702 0.9749203 0.8182913 0.3770888 0.4338243 0.7100787 0.327228 0.6234662 0.5662543 0.2609525 0.7818312 0.3940522 0.1815911 0.9009704 0.2020828 0.09312605 0.9749309 -0.4080356 0.8854306 0.2225298 -0.6035441 0.7656616 0.2224789 -0.0931459 0.2021159 0.9749221 -0.04344189 0.2186233 0.974842 -0.05044525 0.2538506 0.9659271 -0.181594 0.3940554 0.9009684 -0.0846197 0.4259132 0.9007984 -0.09744459 0.4904162 0.8660234 -0.2609537 0.5662549 0.7818303 -0.1215439 0.6116489 0.7817372 -0.1377769 0.693551 0.7071101 -0.3272314 0.7100687 0.6234758 -0.1523582 0.7667527 0.6236003 -0.1687781 0.8494198 0.5 -0.3770901 0.8182689 0.4338653 -0.2021154 0.09314256 0.9749225 -0.3940469 0.181589 0.9009732 -0.566255 0.2609528 0.7818305 -0.7100669 0.3272235 0.6234821 -0.8182724 0.3770846 0.4338634 -0.885431 0.4080584 0.222487 -0.7656601 0.6035435 0.2224856 -0.707596 0.5577586 0.4338358 -0.6140191 0.4840079 0.6234717 -0.4896576 0.3859786 0.7818287 -0.3407486 0.2685988 0.900969 -0.1747774 0.1377635 0.9749226 -0.1377608 0.1747733 0.9749237 -0.2686022 0.3407539 0.9009661 -0.3859784 0.4896573 0.7818289 -0.4839972 0.6140077 0.6234912 -0.5577713 0.707598 0.4338161 -0.189962 0.9561547 0.2228966 -0.1882437 0.9474051 0.2588202 -0.1755527 0.8835372 0.4342158 0.1098549 0.5081876 0.8542115 -0.07112103 0.1132206 0.9910212 -0.08740794 0.1991917 0.9760546 -0.1046216 0.4134361 0.9045026 -0.1164972 0.6064689 0.7865265 -0.1223466 0.7683808 0.6281896 -0.1219946 0.890854 0.4376034 -0.1153253 0.9676119 0.2245603 -0.08241355 0.2355231 0.9683682 -0.03394198 0.3012358 0.9529454 0.04882222 0.4885986 0.8711417 0.03394168 0.3012557 0.9529392 0.04475104 0.2944885 0.9546067 0.08240741 0.2355229 0.9683687 0.06953442 0.2783596 0.9579567 0.07112914 0.1132097 0.9910219 0.02467685 0.03038328 0.9992337 0.04771572 0.9105365 0.4106659 0.04299384 0.9767481 0.2100349 0.1668559 0.8556191 0.4899745 0.1798331 0.9505394 0.2532491 0.0507245 0.6608775 0.7487776 0.1430535 0.7048777 0.6947541 0.05033963 0.8036477 0.5929725 -0.5001025 -0.8659663 1.33152e-6 -0.4999926 -0.8660298 0 -0.7071059 -0.7071077 0 -0.7071072 -0.7071064 0 -0.8660318 -0.499989 0 -0.8659631 -0.5001081 0 -0.9660483 -0.2583616 0 -0.9659176 -0.2588497 0 -1 3.01351e-7 0 -1 8.61004e-7 0 -0.9659531 0.2587172 0 -0.9659532 0.2587171 0 -0.8659631 0.5001081 0 -0.8660318 0.499989 0 -0.7071072 0.7071064 0 -0.7071059 0.7071077 0 -0.4999845 0.8660345 0 -0.4999756 0.8660395 4.14428e-5 -0.2584393 0.9660276 0 -0.4503009 0.8928769 4.159e-5 -0.2592588 0.9658079 0 -4.88054e-7 1 0 5.64611e-7 1 0 0.2584388 0.9660276 0 0.2587947 0.9659324 0 0.4999836 0.8660349 0 0.4999845 0.8660345 0 0.7071062 0.7071074 0 0.707107 0.7071066 0 0.8660336 0.4999858 0 0.8660342 0.4999849 0 0.9660271 0.258441 0 0.9660274 0.2584399 0 1 1.35411e-6 0 1 -1.67469e-7 0 0.9660275 -0.2584394 0 0.9660272 -0.2584404 0 0.8660342 -0.4999849 0 0.8660336 -0.4999858 0 0.707107 -0.7071066 0 0.7071062 -0.7071074 0 0.4999903 -0.8660311 0</float_array>
          <technique_common>
            <accessor source="#obj2-mesh-normals-array" count="4180" stride="3">
              <param name="X" type="float"/>
              <param name="Y" type="float"/>
              <param name="Z" type="float"/>
            </accessor>
          </technique_common>
        </source>
        <vertices id="obj2-mesh-vertices">
          <input semantic="POSITION" source="#obj2-mesh-positions"/>
        </vertices>
        <triangles material="mat2-material" count="8002">
          <input semantic="VERTEX" source="#obj2-mesh-vertices" offset="0"/>
          <input semantic="NORMAL" source="#obj2-mesh-normals" offset="1"/>
          <p>0 0 1 1 2 2 3 3 4 4 5 5 3 3 5 5 6 6 0 0 2 2 5 5 5 5 2 2 7 7 5 5 7 7 6 6 8 8 9 9 10 10 10 10 9 9 11 11 11 11 12 12 10 10 10 10 12 12 13 13 10 10 13 13 14 14 14 14 13 13 15 15 16 0 17 16 18 17 19 18 20 19 21 20 21 20 20 19 22 21 16 0 18 17 21 20 21 20 18 17 23 22 21 20 23 22 19 18 24 23 25 23 26 23 27 23 28 23 29 23 30 24 31 25 32 23 33 26 34 23 35 23 36 23 37 23 38 23 39 27 40 28 41 23 42 29 43 30 44 31 45 32 46 33 44 31 46 33 47 34 44 31 44 31 47 34 48 35 44 31 48 35 42 29 49 36 50 23 51 37 51 37 50 23 52 23 49 36 53 38 50 23 50 23 53 38 54 39 50 23 54 39 55 40 56 41 57 42 58 43 58 43 57 42 45 32 58 43 45 32 59 44 59 44 45 32 44 31 60 45 61 46 62 47 62 47 61 46 63 48 60 45 64 49 61 46 61 46 64 49 65 50 61 46 65 50 56 41 56 41 65 50 66 51 56 41 66 51 57 42 67 23 68 52 69 23 69 23 68 52 70 53 69 23 70 53 50 23 50 23 70 53 71 54 50 23 71 54 52 23 67 23 69 23 72 55 72 55 69 23 73 23 72 55 73 23 74 56 75 23 76 23 77 23 78 23 79 23 80 57 77 23 76 23 38 23 38 23 76 23 81 23 38 23 81 23 36 23 82 23 83 23 77 23 78 23 80 57 84 23 83 23 85 23 77 23 77 23 85 23 86 23 77 23 86 23 75 23 79 23 87 23 80 57 80 57 87 23 88 23 80 57 88 23 89 23 90 58 91 59 92 23 92 23 91 59 93 60 92 23 93 60 94 61 94 61 95 62 92 23 92 23 95 62 96 63 92 23 96 63 73 23 73 23 96 63 97 64 73 23 97 64 74 56 92 23 98 23 90 58 90 58 98 23 84 23 90 58 84 23 99 65 99 65 84 23 80 57 89 23 82 23 80 57 80 57 82 23 77 23 80 57 77 23 100 66 100 66 77 23 101 23 100 66 101 23 102 67 41 23 40 28 101 23 40 28 103 68 101 23 101 23 103 68 104 69 101 23 104 69 105 70 105 70 106 71 101 23 101 23 106 71 107 72 101 23 107 72 102 67 108 73 44 31 41 23 41 23 44 31 43 30 41 23 43 30 39 27 108 73 109 74 44 31 44 31 109 74 110 75 44 31 110 75 111 76 112 77 113 78 114 79 115 80 116 81 117 23 116 81 118 82 117 23 117 23 118 82 119 83 117 23 119 83 120 84 113 78 121 85 114 79 114 79 121 85 122 86 114 79 122 86 115 80 111 76 123 87 44 31 44 31 123 87 124 88 44 31 124 88 125 89 125 89 124 88 126 90 125 89 126 90 127 91 127 91 126 90 128 92 127 91 128 92 129 93 129 93 128 92 130 94 129 93 130 94 114 79 114 79 130 94 131 95 114 79 131 95 112 77 132 96 133 97 101 23 101 23 133 97 134 98 134 98 135 99 101 23 101 23 135 99 136 100 101 23 136 100 41 23 41 23 136 100 137 101 41 23 137 101 108 73 138 102 139 103 38 23 38 23 139 103 140 104 38 23 140 104 77 23 77 23 140 104 141 105 77 23 141 105 101 23 101 23 141 105 142 106 101 23 142 106 132 96 143 107 144 108 145 23 145 23 144 108 146 109 146 109 147 110 145 23 145 23 147 110 148 111 145 23 148 111 149 112 34 23 150 113 151 23 151 23 150 113 152 114 151 23 152 114 143 107 120 84 153 23 117 23 117 23 153 23 154 115 117 23 154 115 35 23 35 23 154 115 155 116 35 23 155 116 33 26 156 117 157 118 32 23 157 118 158 119 32 23 32 23 158 119 159 120 32 23 159 120 160 121 160 121 161 122 32 23 32 23 161 122 162 123 32 23 162 123 30 24 163 23 164 23 165 23 165 23 164 23 166 23 165 23 166 23 167 23 168 23 169 124 170 23 170 23 169 124 156 117 170 23 156 117 171 23 167 23 172 23 165 23 165 23 172 23 173 23 165 23 173 23 174 23 175 23 176 23 156 117 156 117 176 23 177 23 156 117 177 23 171 23 178 23 179 23 163 23 163 23 179 23 180 23 163 23 180 23 164 23 181 23 182 125 183 23 183 23 182 125 184 23 185 23 186 23 187 23 168 23 188 23 169 124 169 124 188 23 189 23 169 124 189 23 182 125 182 125 189 23 190 23 182 125 190 23 184 23 187 23 191 23 185 23 185 23 191 23 192 23 185 23 192 23 193 23 194 23 195 126 182 125 196 127 197 128 194 23 194 23 197 128 198 129 194 23 198 129 195 126 199 130 200 131 194 23 194 23 200 131 201 132 194 23 201 132 196 127 199 130 194 23 202 133 202 133 194 23 203 23 202 133 203 23 204 134 205 23 206 23 204 134 206 23 207 23 204 134 204 134 207 23 208 23 204 134 208 23 209 135 209 135 208 23 210 23 211 23 203 23 212 23 212 23 203 23 213 23 212 23 213 23 214 23 211 23 215 23 203 23 203 23 215 23 216 23 203 23 216 23 217 23 217 23 218 23 203 23 203 23 218 23 219 23 203 23 219 23 204 134 204 134 219 23 220 23 204 134 220 23 205 23 221 23 222 136 223 137 222 136 221 23 224 138 224 138 221 23 225 23 224 138 225 23 226 23 210 23 227 23 209 135 209 135 227 23 228 23 209 135 228 23 229 139 229 139 228 23 221 23 229 139 221 23 230 140 230 140 221 23 223 137 231 23 232 23 233 23 233 23 232 23 234 23 233 23 234 23 235 23 235 23 236 23 233 23 233 23 236 23 237 23 233 23 237 23 213 23 213 23 237 23 238 23 213 23 238 23 214 23 226 23 231 23 224 138 224 138 231 23 233 23 224 138 233 23 239 141 239 141 233 23 240 142 38 23 241 143 242 144 242 144 243 145 38 23 38 23 243 145 145 23 38 23 145 23 138 102 138 102 145 23 149 112 244 23 245 23 246 146 241 143 38 23 247 147 247 147 38 23 37 23 247 147 37 23 246 146 246 146 37 23 248 23 246 146 248 23 244 23 249 23 250 23 251 23 251 23 250 23 252 23 251 23 252 23 92 23 92 23 252 23 253 23 92 23 253 23 98 23 245 23 254 23 246 146 246 146 254 23 255 23 246 146 255 23 251 23 251 23 255 23 256 23 251 23 256 23 249 23 257 148 258 149 251 23 251 23 258 149 259 150 251 23 259 150 246 146 260 23 261 23 262 23 263 23 264 23 262 23 262 23 264 23 265 23 262 23 265 23 260 23 266 23 267 151 268 23 268 23 267 151 269 23 266 23 270 23 267 151 267 151 270 23 271 23 267 151 271 23 272 23 272 23 271 23 273 23 272 23 273 23 274 23 275 23 276 152 277 23 277 23 276 152 262 23 277 23 262 23 278 23 278 23 262 23 261 23 275 23 279 23 276 152 276 152 279 23 280 23 276 152 280 23 281 23 282 23 283 23 284 153 274 23 285 23 272 23 272 23 285 23 286 23 272 23 286 23 287 23 284 153 283 23 267 151 267 151 283 23 288 23 267 151 288 23 269 23 284 153 289 154 282 23 282 23 289 154 290 155 282 23 290 155 281 23 281 23 290 155 291 156 281 23 291 156 276 152 292 157 293 158 294 23 294 23 293 158 295 159 294 23 295 159 296 160 297 161 298 162 294 23 294 23 298 162 299 163 294 23 299 163 292 157 300 23 301 23 302 164 301 23 303 23 302 164 302 164 303 23 304 23 302 164 304 23 305 165 305 165 304 23 306 23 28 23 307 23 29 23 29 23 307 23 308 23 29 23 308 23 309 23 309 23 308 23 310 23 309 23 310 23 311 23 311 23 312 23 309 23 309 23 312 23 313 23 309 23 313 23 314 23 297 161 294 23 315 166 315 166 294 23 309 23 315 166 309 23 302 164 302 164 309 23 314 23 302 164 314 23 300 23 306 23 316 23 305 165 305 165 316 23 317 23 305 165 317 23 318 167 318 167 317 23 319 23 318 167 319 23 320 23 27 23 29 23 321 23 321 23 29 23 322 23 321 23 322 23 323 23 320 23 324 23 318 167 318 167 324 23 325 23 318 167 325 23 326 23 327 23 328 23 322 23 322 23 328 23 329 23 322 23 329 23 323 23 326 23 327 23 318 167 318 167 327 23 322 23 318 167 322 23 330 168 330 168 322 23 331 23 332 169 333 170 331 23 333 170 334 171 331 23 331 23 334 171 335 172 331 23 335 172 330 168 336 173 337 174 331 23 331 23 337 174 338 175 331 23 338 175 332 169 339 23 340 23 331 23 331 23 340 23 341 23 331 23 341 23 342 23 343 23 344 23 336 173 336 173 344 23 345 23 336 173 345 23 346 176 346 176 345 23 347 23 346 176 347 23 348 177 348 177 347 23 349 178 342 23 350 23 331 23 331 23 350 23 351 23 331 23 351 23 336 173 336 173 351 23 352 23 336 173 352 23 343 23 353 23 354 23 355 179 355 179 354 23 356 23 355 179 356 23 357 23 358 23 359 23 360 23 360 23 359 23 361 23 360 23 361 23 362 23 362 23 363 23 360 23 360 23 363 23 364 23 360 23 364 23 365 23 365 23 364 23 366 23 365 23 366 23 367 23 349 178 347 23 368 180 368 180 347 23 369 23 368 180 369 23 370 181 370 181 369 23 371 23 370 181 371 23 355 179 355 179 371 23 372 23 355 179 372 23 353 23 355 179 373 23 374 182 374 182 373 23 50 23 374 182 50 23 61 46 61 46 50 23 55 40 61 46 55 40 63 48 375 23 376 23 377 183 375 23 377 183 378 23 379 23 380 23 381 23 115 80 117 23 114 79 114 79 117 23 382 23 114 79 382 23 383 184 383 184 382 23 381 23 383 184 381 23 377 183 377 183 381 23 384 23 377 183 384 23 378 23 385 23 386 23 31 25 31 25 386 23 387 23 31 25 387 23 32 23 32 23 387 23 388 23 32 23 388 23 389 23 380 23 390 23 381 23 381 23 390 23 391 23 381 23 391 23 392 23 376 23 393 23 377 183 377 183 393 23 394 23 377 183 394 23 395 185 395 185 394 23 396 23 395 185 396 23 397 186 397 186 396 23 398 23 397 186 398 23 399 187 399 187 398 23 400 188 400 188 398 23 401 23 400 188 401 23 31 25 31 25 401 23 402 23 31 25 402 23 385 23 389 23 403 23 32 23 32 23 403 23 404 23 32 23 404 23 379 23 392 23 405 23 381 23 381 23 405 23 406 23 381 23 406 23 384 23 407 23 408 23 32 23 408 23 409 23 32 23 32 23 409 23 165 23 32 23 165 23 156 117 156 117 165 23 174 23 156 117 174 23 175 23 379 23 381 23 32 23 32 23 381 23 410 23 32 23 410 23 407 23 411 23 412 23 413 23 413 23 412 23 414 23 413 23 414 23 382 23 382 23 414 23 415 23 382 23 415 23 416 23 416 23 417 23 382 23 382 23 417 23 418 23 382 23 418 23 381 23 381 23 418 23 419 23 381 23 419 23 410 23 420 23 421 23 422 23 420 23 423 23 421 23 421 23 423 23 424 23 421 23 424 23 425 23 426 23 427 23 163 23 427 23 428 23 163 23 163 23 428 23 429 23 163 23 429 23 422 23 422 23 429 23 430 23 422 23 430 23 420 23 409 23 431 23 165 23 165 23 431 23 432 23 165 23 432 23 163 23 163 23 432 23 433 23 163 23 433 23 426 23 434 23 435 23 373 23 373 23 435 23 436 23 373 23 436 23 437 23 357 23 358 23 355 179 355 179 358 23 360 23 355 179 360 23 373 23 373 23 360 23 438 23 373 23 438 23 434 23 439 23 440 23 441 23 439 23 441 23 365 23 365 23 441 23 442 23 365 23 442 23 443 23 443 23 444 23 365 23 365 23 444 23 445 23 365 23 445 23 360 23 360 23 445 23 446 23 360 23 446 23 438 23 447 23 448 23 449 23 449 23 450 23 447 23 447 23 450 23 451 23 447 23 451 23 439 23 439 23 451 23 452 23 439 23 452 23 440 23 436 23 453 23 437 23 437 23 453 23 454 23 437 23 454 23 455 23 455 23 454 23 456 23 456 23 457 23 455 23 455 23 457 23 458 23 455 23 458 23 459 23 460 23 461 23 117 23 460 23 117 23 462 23 463 23 464 23 35 23 35 23 464 23 465 23 465 23 466 23 35 23 35 23 466 23 467 23 35 23 467 23 117 23 117 23 467 23 468 23 117 23 468 23 462 23 382 23 469 23 470 23 470 23 471 23 382 23 382 23 471 23 472 23 382 23 472 23 413 23 413 23 472 23 473 23 413 23 473 23 474 23 461 23 475 23 117 23 117 23 475 23 476 23 117 23 476 23 382 23 382 23 476 23 477 23 382 23 477 23 469 23 474 23 478 23 413 23 413 23 478 23 479 23 413 23 479 23 480 23 480 23 481 23 413 23 413 23 481 23 482 23 413 23 482 23 35 23 35 23 482 23 483 23 35 23 483 23 463 23 373 23 484 23 485 23 486 23 487 23 437 23 487 23 488 23 437 23 437 23 488 23 489 23 437 23 489 23 373 23 373 23 489 23 490 23 373 23 490 23 484 23 491 23 492 23 50 23 50 23 492 23 493 23 50 23 493 23 494 23 485 23 495 23 373 23 373 23 495 23 496 23 373 23 496 23 50 23 50 23 496 23 497 23 50 23 497 23 491 23 494 23 498 23 50 23 50 23 498 23 499 23 50 23 499 23 69 23 69 23 499 23 500 23 69 23 500 23 501 23 501 23 502 23 69 23 69 23 502 23 503 23 69 23 503 23 504 23 505 23 506 23 437 23 437 23 506 23 507 23 437 23 507 23 486 23 34 23 151 23 35 23 35 23 151 23 421 23 35 23 421 23 413 23 413 23 421 23 425 23 413 23 425 23 411 23 143 107 145 23 151 23 151 23 145 23 508 23 151 23 508 23 421 23 421 23 508 23 509 23 421 23 509 23 422 23 422 23 509 23 185 23 422 23 185 23 163 23 163 23 185 23 193 23 163 23 193 23 178 23 181 23 186 23 182 125 182 125 186 23 185 23 182 125 185 23 194 23 194 23 185 23 509 23 194 23 509 23 203 23 203 23 509 23 508 23 203 23 508 23 213 23 213 23 508 23 145 23 213 23 145 23 233 23 233 23 145 23 243 145 233 23 243 145 240 142 504 23 505 23 69 23 69 23 505 23 437 23 69 23 437 23 73 23 73 23 437 23 455 23 73 23 455 23 92 23 92 23 455 23 510 23 92 23 510 23 251 23 251 23 510 23 262 23 251 23 262 23 257 148 257 148 262 23 276 152 459 23 24 23 455 23 455 23 24 23 26 23 455 23 26 23 510 23 510 23 26 23 511 23 510 23 511 23 262 23 262 23 511 23 272 23 262 23 272 23 263 23 263 23 272 23 287 23 25 23 448 23 26 23 26 23 448 23 447 23 26 23 447 23 511 23 511 23 447 23 512 23 511 23 512 23 272 23 272 23 512 23 513 23 272 23 513 23 267 151 267 151 513 23 514 189 367 23 339 23 365 23 365 23 339 23 331 23 365 23 331 23 439 23 439 23 331 23 322 23 439 23 322 23 447 23 447 23 322 23 29 23 447 23 29 23 512 23 512 23 29 23 309 23 512 23 309 23 513 23 513 23 309 23 294 23 513 23 294 23 514 189 514 189 294 23 296 160 515 190 516 191 517 192 518 193 519 194 520 195 521 196 522 197 523 198 523 198 522 197 524 199 524 199 522 197 525 200 524 199 525 200 526 201 526 201 525 200 527 202 526 201 527 202 528 203 529 204 530 205 531 206 531 206 530 205 528 203 531 206 528 203 532 207 532 207 528 203 527 202 529 204 533 208 530 205 530 205 533 208 534 209 530 205 534 209 535 210 535 210 534 209 536 211 535 210 536 211 537 212 536 211 538 213 537 212 537 212 538 213 539 214 537 212 539 214 540 215 539 214 541 216 540 215 540 215 541 216 542 217 540 215 542 217 543 218 542 217 544 219 543 218 543 218 544 219 545 220 543 218 545 220 546 221 546 221 545 220 547 222 546 221 547 222 548 223 548 223 547 222 549 224 548 223 549 224 550 225 550 225 549 224 551 226 551 226 549 224 552 227 551 226 552 227 553 228 553 228 552 227 554 229 553 228 554 229 555 230 555 230 554 229 556 231 555 230 556 231 557 232 556 231 558 233 557 232 557 232 558 233 559 234 557 232 559 234 560 235 560 235 559 234 561 236 560 235 561 236 562 237 561 236 563 238 562 237 562 237 563 238 564 239 562 237 564 239 565 240 565 240 564 239 566 241 565 240 566 241 519 194 519 194 566 241 567 242 519 194 567 242 520 195 568 243 569 244 570 245 568 243 570 245 571 246 520 195 572 247 518 193 518 193 572 247 573 248 518 193 573 248 574 249 574 249 573 248 575 250 574 249 575 250 576 251 576 251 575 250 577 252 576 251 577 252 578 253 578 253 577 252 579 254 578 253 579 254 580 255 580 255 579 254 581 256 580 255 581 256 582 257 582 257 581 256 583 258 582 257 583 258 584 259 584 259 583 258 571 246 584 259 571 246 585 260 585 260 571 246 570 245 569 244 568 243 586 261 586 261 568 243 587 262 586 261 587 262 588 263 588 263 587 262 589 264 588 263 589 264 590 265 590 265 589 264 591 266 590 265 591 266 592 267 591 266 593 268 592 267 592 267 593 268 594 269 592 267 594 269 595 270 594 269 596 271 595 270 595 270 596 271 597 272 595 270 597 272 598 273 597 272 599 274 598 273 598 273 599 274 600 275 598 273 600 275 601 276 601 276 600 275 602 277 601 276 602 277 603 278 604 279 605 280 606 281 606 281 605 280 603 278 606 281 603 278 607 282 607 282 603 278 602 277 604 279 608 283 605 280 605 280 608 283 609 284 605 280 609 284 610 285 610 285 609 284 611 286 610 285 611 286 612 287 612 287 611 286 613 288 517 192 516 191 614 289 515 190 517 192 615 290 615 290 517 192 616 291 615 290 616 291 617 292 617 292 616 291 618 293 617 292 618 293 619 294 619 294 618 293 620 295 619 294 620 295 621 296 621 296 620 295 622 297 621 296 622 297 613 288 613 288 622 297 623 298 613 288 623 298 612 287 516 191 624 299 614 289 614 289 624 299 625 300 614 289 625 300 626 301 626 301 625 300 627 302 626 301 627 302 628 303 627 302 629 304 628 303 628 303 629 304 630 305 628 303 630 305 631 306 631 306 630 305 632 307 631 306 632 307 633 308 523 198 634 309 521 196 521 196 634 309 635 310 521 196 635 310 636 311 632 307 637 312 633 308 633 308 637 312 638 313 633 308 638 313 639 314 639 314 638 313 640 315 639 314 640 315 641 316 641 316 640 315 642 317 641 316 642 317 643 318 643 318 642 317 644 319 643 318 644 319 645 320 645 320 644 319 646 321 645 320 646 321 647 322 647 322 646 321 636 311 647 322 636 311 648 323 648 323 636 311 635 310 649 324 650 325 651 326 651 326 650 325 652 327 649 324 653 328 650 325 650 325 653 328 654 329 650 325 654 329 655 330 655 330 654 329 656 331 655 330 656 331 657 332 658 333 659 334 660 335 661 336 662 337 660 335 663 0 664 0 665 0 666 0 667 0 668 338 669 339 670 340 671 341 672 342 673 343 674 344 675 345 676 346 677 347 677 347 676 346 672 342 677 347 672 342 678 348 678 348 672 342 679 349 680 350 681 351 674 344 674 344 681 351 682 352 674 344 682 352 672 342 672 342 682 352 683 353 672 342 683 353 679 349 674 344 684 354 680 350 680 350 684 354 685 355 680 350 685 355 671 341 671 341 685 355 686 356 671 341 686 356 669 339 687 357 671 341 688 358 688 358 671 341 670 340 688 358 670 340 689 359 689 359 670 340 690 360 689 359 690 360 691 361 692 362 693 363 694 364 694 364 693 363 695 365 694 364 695 365 696 366 687 357 697 367 671 341 671 341 697 367 694 364 671 341 694 364 698 368 698 368 694 364 696 366 699 369 700 370 701 371 692 362 694 364 702 372 702 372 694 364 703 373 702 372 703 373 704 374 704 374 703 373 705 375 704 374 705 375 706 376 706 376 705 375 707 377 706 376 707 377 708 378 699 369 701 371 709 379 710 380 711 381 712 382 712 382 711 381 713 383 712 382 713 383 714 384 714 384 713 383 715 385 715 385 713 383 716 386 715 385 716 386 717 387 718 388 719 389 720 390 720 390 719 389 721 391 720 390 721 391 722 392 700 370 723 393 724 394 724 394 723 393 725 395 724 394 725 395 726 396 707 377 727 397 708 378 708 378 727 397 728 398 708 378 728 398 720 390 720 390 728 398 729 399 720 390 729 399 718 388 730 400 731 401 701 371 701 371 731 401 732 402 701 371 732 402 709 379 726 396 733 403 724 394 724 394 733 403 734 404 724 394 734 404 710 380 710 380 734 404 735 405 710 380 735 405 711 381 736 406 737 407 738 408 738 408 737 407 739 409 738 408 739 409 701 371 701 371 739 409 740 410 701 371 740 410 730 400 675 345 741 411 676 346 676 346 741 411 742 412 676 346 742 412 738 408 738 408 742 412 743 413 738 408 743 413 736 406 744 414 745 415 746 416 747 417 748 418 749 419 749 419 748 418 750 420 749 419 750 420 751 421 752 422 753 423 754 424 754 424 753 423 755 425 754 424 755 425 756 426 751 421 757 427 749 419 749 419 757 427 758 428 749 419 758 428 759 429 759 429 758 428 760 430 759 429 760 430 761 431 746 416 745 415 754 424 754 424 745 415 762 432 754 424 762 432 752 422 763 433 764 434 765 435 766 436 767 437 768 438 765 435 769 439 770 440 764 434 771 441 765 435 765 435 771 441 772 442 765 435 772 442 769 439 767 437 773 443 768 438 768 438 773 443 774 444 768 438 774 444 746 416 746 416 774 444 775 445 746 416 775 445 744 414 776 0 777 0 778 446 778 446 777 0 779 447 780 448 781 0 782 449 781 0 783 450 782 449 782 449 783 450 784 451 782 449 784 451 785 452 785 452 784 451 786 0 785 452 786 0 787 0 779 447 788 453 672 342 788 453 789 454 672 342 672 342 789 454 790 455 672 342 790 455 780 448 791 456 792 457 793 458 793 458 792 457 794 459 793 458 794 459 795 460 796 461 797 462 798 463 798 463 797 462 799 464 798 463 799 464 800 465 795 460 801 466 793 458 793 458 801 466 802 467 793 458 802 467 778 446 778 446 802 467 803 0 778 446 803 0 776 0 787 0 804 0 785 452 785 452 804 0 805 468 785 452 805 468 798 463 798 463 805 468 806 469 798 463 806 469 796 461 807 470 808 0 809 471 810 472 811 473 812 474 813 475 814 476 815 477 815 477 814 476 816 478 815 477 816 478 817 479 818 480 819 481 809 471 809 471 819 481 820 482 809 471 820 482 807 470 667 0 821 0 668 338 668 338 821 0 822 483 668 338 822 483 815 477 815 477 822 483 823 484 815 477 823 484 813 475 824 485 825 486 826 487 811 473 827 0 812 474 812 474 827 0 828 0 812 474 828 0 829 488 830 489 831 490 832 491 833 0 834 492 835 493 835 493 834 492 836 494 824 485 826 487 829 488 831 490 837 495 832 491 832 491 837 495 826 487 832 491 826 487 838 496 838 496 826 487 825 486 833 0 835 493 832 491 832 491 835 493 839 497 832 491 839 497 830 489 840 498 841 499 842 500 843 501 661 336 844 502 844 502 661 336 845 503 840 498 842 500 846 504 847 0 848 505 849 506 849 506 848 505 662 337 849 506 662 337 850 507 850 507 662 337 851 508 845 503 661 336 842 500 842 500 661 336 852 509 842 500 852 509 846 504 843 501 853 510 661 336 661 336 853 510 854 511 661 336 854 511 662 337 662 337 854 511 855 512 662 337 855 512 851 508 856 513 857 514 858 515 859 516 860 517 861 518 861 518 860 517 862 519 861 518 862 519 863 0 858 515 864 520 856 513 856 513 864 520 865 521 856 513 865 521 859 516 847 0 866 0 848 505 848 505 866 0 867 522 848 505 867 522 856 513 856 513 867 522 868 523 856 513 868 523 857 514 863 0 869 524 861 518 861 518 869 524 870 525 861 518 870 525 871 526 871 526 870 525 872 0 871 526 872 0 841 499 841 499 872 0 873 0 841 499 873 0 842 500 874 0 875 0 876 527 877 0 878 528 879 529 879 529 878 528 880 530 881 531 882 532 883 533 875 0 884 0 876 527 876 527 884 0 885 0 876 527 885 0 886 0 883 533 887 534 881 531 881 531 887 534 888 535 881 531 888 535 889 536 889 536 888 535 890 537 886 0 891 538 876 527 876 527 891 538 892 539 876 527 892 539 881 531 881 531 892 539 893 540 881 531 893 540 882 532 890 537 894 541 889 536 889 536 894 541 895 542 889 536 895 542 896 543 896 543 895 542 897 544 896 543 897 544 898 545 898 545 897 544 899 546 898 545 899 546 900 547 901 548 902 549 903 0 900 547 904 550 898 545 898 545 904 550 905 551 898 545 905 551 901 548 901 548 905 551 906 552 901 548 906 552 902 549 848 505 907 553 908 554 663 0 665 0 909 0 910 555 911 0 912 556 910 555 912 556 913 557 913 557 912 556 914 558 913 557 914 558 915 559 915 559 916 560 913 557 913 557 916 560 917 561 913 557 917 561 856 513 856 513 917 561 918 562 856 513 918 562 848 505 848 505 918 562 919 563 848 505 919 563 907 553 920 0 921 564 922 565 922 565 921 564 923 566 922 565 923 566 910 555 910 555 923 566 924 567 910 555 924 567 911 0 920 0 922 565 925 0 925 0 922 565 926 568 925 0 926 568 927 0 928 0 929 0 930 569 929 0 931 570 930 569 930 569 931 570 932 571 930 569 932 571 926 568 926 568 932 571 933 572 926 568 933 572 927 0 934 573 935 574 936 575 937 0 938 0 939 576 940 577 941 578 942 579 942 579 941 578 943 580 941 578 944 581 943 580 943 580 944 581 945 582 943 580 945 582 936 575 936 575 945 582 946 583 936 575 946 583 934 573 749 419 947 584 942 579 942 579 947 584 948 585 942 579 948 585 940 577 759 429 949 586 950 587 949 586 759 429 951 0 951 0 759 429 952 588 951 0 952 588 953 0 950 587 954 589 759 429 759 429 954 589 955 590 759 429 955 590 749 419 749 419 955 590 956 0 749 419 956 0 947 584 957 0 958 591 959 0 959 0 958 591 939 576 959 0 939 576 960 0 960 0 939 576 938 0 957 0 961 592 958 591 958 591 961 592 962 593 958 591 962 593 952 588 952 588 962 593 963 594 952 588 963 594 953 0 964 595 965 596 966 597 967 598 968 599 966 597 966 597 968 599 969 600 966 597 969 600 964 595 780 448 782 449 672 342 672 342 782 449 970 601 672 342 970 601 971 602 971 602 972 603 672 342 672 342 972 603 967 598 672 342 967 598 673 343 673 343 967 598 966 597 973 604 974 605 785 452 785 452 974 605 975 606 785 452 975 606 782 449 782 449 975 606 976 607 782 449 976 607 970 601 977 608 978 609 798 463 798 463 978 609 979 610 798 463 979 610 785 452 785 452 979 610 980 611 785 452 980 611 973 604 800 465 791 456 798 463 798 463 791 456 793 458 798 463 793 458 977 608 977 608 793 458 765 435 977 608 765 435 981 612 982 613 765 435 768 438 768 438 765 435 770 440 768 438 770 440 766 436 982 613 983 614 765 435 765 435 983 614 984 615 765 435 984 615 985 616 985 616 986 617 765 435 765 435 986 617 987 618 765 435 987 618 981 612 988 619 989 620 942 579 756 426 747 417 754 424 754 424 747 417 749 419 754 424 749 419 990 621 990 621 749 419 942 579 989 620 991 622 942 579 942 579 991 622 992 623 942 579 992 623 990 621 993 624 994 625 942 579 942 579 994 625 995 626 942 579 995 626 988 619 996 627 997 628 943 580 943 580 997 628 998 421 943 580 998 421 999 629 1000 630 1001 0 942 579 942 579 1001 0 1002 0 1002 0 1003 631 942 579 942 579 1003 631 1004 632 942 579 1004 632 993 624 993 624 1004 632 1005 633 993 624 1005 633 1006 634 1007 635 1008 636 1009 637 1009 637 1008 636 1010 638 1009 637 1010 638 1011 0 1011 0 1012 639 1009 637 1009 637 1012 639 1013 640 1009 637 1013 640 1014 641 999 629 1015 642 943 580 943 580 1015 642 1016 643 943 580 1016 643 942 579 942 579 1016 643 1017 644 942 579 1017 644 1000 630 1006 634 1018 645 993 624 993 624 1018 645 1019 646 993 624 1019 646 1020 647 1020 647 1019 646 1021 648 1009 637 1022 649 1007 635 1007 635 1022 649 1023 650 1007 635 1023 650 1021 648 1021 648 1023 650 1024 651 1021 648 1024 651 1020 647 700 370 724 394 701 371 701 371 724 394 1025 652 701 371 1025 652 936 575 936 575 1025 652 1009 637 936 575 1009 637 943 580 943 580 1009 637 1014 641 943 580 1014 641 996 627 1026 653 913 557 1027 654 1027 654 913 557 1028 655 1029 656 1030 657 1031 658 1031 658 1030 657 1032 659 1031 658 1032 659 1033 660 1026 653 1034 661 913 557 913 557 1034 661 1035 662 913 557 1035 662 1036 663 717 387 722 392 715 385 715 385 722 392 721 391 715 385 721 391 1037 664 1037 664 721 391 1038 665 1037 664 1038 665 1039 666 1039 666 1038 665 1040 667 1039 666 1040 667 1041 668 1041 668 1040 667 1042 669 1041 668 1042 669 1031 658 1031 658 1042 669 1043 670 1031 658 1043 670 1029 656 859 516 861 518 856 513 856 513 861 518 1031 658 856 513 1031 658 913 557 913 557 1031 658 1033 660 913 557 1033 660 1028 655 659 334 1044 671 660 335 660 335 1044 671 1045 672 660 335 1045 672 661 336 1046 673 1047 674 660 335 660 335 1047 674 1048 675 1048 675 1049 676 660 335 660 335 1049 676 1050 677 660 335 1050 677 658 333 1051 678 1052 679 901 548 901 548 1052 679 1053 680 901 548 1053 680 1054 681 1054 681 1055 682 901 548 901 548 1055 682 1056 683 901 548 1056 683 898 545 1057 684 1058 685 901 548 901 548 1058 685 1059 686 901 548 1059 686 1051 678 1060 0 809 471 1061 687 1061 687 809 471 1062 688 808 0 810 472 809 471 809 471 810 472 812 474 809 471 812 474 1062 688 1062 688 812 474 1063 689 829 488 826 487 812 474 812 474 826 487 1064 690 812 474 1064 690 1065 691 1065 691 1066 692 812 474 812 474 1066 692 1067 693 812 474 1067 693 1063 689 1068 694 1069 695 668 338 1068 694 668 338 1070 696 1069 695 1071 697 668 338 668 338 1071 697 1072 698 668 338 1072 698 1073 699 1074 700 1075 701 1076 702 1076 702 1075 701 1077 703 1076 702 1077 703 1073 699 1073 699 1077 703 835 493 1073 699 835 493 668 338 668 338 835 493 836 494 668 338 836 494 666 0 1078 704 1079 705 1074 700 1074 700 1079 705 1080 706 1074 700 1080 706 1075 701 922 565 1081 707 1082 708 1081 707 922 565 1083 709 1083 709 922 565 910 555 1083 709 910 555 1084 710 913 557 1085 711 1086 0 1087 712 1088 0 910 555 910 555 1088 0 1089 0 910 555 1089 0 1090 0 1091 713 1092 714 1036 663 1036 663 1092 714 1093 715 1036 663 1093 715 1094 716 1086 0 1095 717 913 557 913 557 1095 717 1096 718 913 557 1096 718 910 555 910 555 1096 718 1097 719 910 555 1097 719 1087 712 1094 716 1098 720 1036 663 1036 663 1098 720 1099 721 1036 663 1099 721 913 557 913 557 1099 721 1100 722 913 557 1100 722 1085 711 1101 723 1102 724 1084 710 1084 710 1102 724 1103 725 1084 710 1103 725 1104 726 1104 726 1103 725 1105 727 1104 726 1105 727 1106 728 1106 728 1105 727 1107 729 1106 728 1107 729 1091 713 1091 713 1107 729 1108 730 1091 713 1108 730 1092 714 1090 0 1109 731 910 555 910 555 1109 731 1110 732 910 555 1110 732 1084 710 1084 710 1110 732 1111 733 1084 710 1111 733 1101 723 1061 687 1058 685 1060 0 1060 0 1058 685 1057 684 1060 0 1057 684 809 471 809 471 1057 684 815 477 809 471 815 477 818 480 818 480 815 477 817 479 778 446 958 591 793 458 793 458 958 591 952 588 793 458 952 588 765 435 765 435 952 588 759 429 765 435 759 429 763 433 763 433 759 429 761 431 903 0 877 0 901 548 901 548 877 0 879 529 901 548 879 529 1057 684 1057 684 879 529 930 569 1057 684 930 569 815 477 815 477 930 569 926 568 815 477 926 568 668 338 668 338 926 568 922 565 668 338 922 565 1070 696 1070 696 922 565 1082 708 880 530 874 0 879 529 879 529 874 0 876 527 879 529 876 527 930 569 930 569 876 527 665 0 930 569 665 0 928 0 928 0 665 0 664 0 1112 734 1113 0 939 576 939 576 1113 0 936 575 939 576 936 575 937 0 937 0 936 575 935 574 1114 735 1115 736 738 408 1113 0 1116 737 936 575 936 575 1116 737 1117 738 936 575 1117 738 1118 739 1119 740 1120 741 939 576 1120 741 1121 742 939 576 939 576 1121 742 1122 743 939 576 1122 743 1112 734 1123 744 1124 745 701 371 701 371 1124 745 1125 746 701 371 1125 746 1126 747 1115 736 1127 748 738 408 738 408 1127 748 1128 749 738 408 1128 749 1129 750 1126 747 1130 0 701 371 701 371 1130 0 1131 0 701 371 1131 0 738 408 738 408 1131 0 1132 0 738 408 1132 0 1114 735 1118 739 1133 751 936 575 936 575 1133 751 1134 752 936 575 1134 752 701 371 701 371 1134 752 1135 753 701 371 1135 753 1123 744 779 447 672 342 778 446 778 446 672 342 676 346 778 446 676 346 958 591 958 591 676 346 738 408 958 591 738 408 939 576 939 576 738 408 1129 750 939 576 1129 750 1119 740 896 543 1136 754 889 536 889 536 1136 754 1046 673 889 536 1046 673 881 531 881 531 1046 673 660 335 881 531 660 335 876 527 876 527 660 335 662 337 876 527 662 337 665 0 665 0 662 337 848 505 665 0 848 505 909 0 909 0 848 505 908 554 1137 755 1138 756 1139 757 1139 757 1138 756 1140 758 1141 759 1142 760 1143 761 1143 761 1142 760 1144 762 1145 763 1146 764 1147 765 1147 765 1146 764 1148 766 1149 767 1150 768 1151 769 1151 769 1150 768 1152 770 1153 771 1154 772 1155 773 1155 773 1154 772 1156 774 1157 775 1158 776 1159 777 1157 775 1159 777 1160 778 1160 778 1159 777 1161 779 1160 778 1161 779 1162 780 1162 780 1163 781 1160 778 1160 778 1163 781 1164 782 1160 778 1164 782 1165 783 911 784 454 785 912 786 912 786 454 785 453 787 912 786 453 787 914 788 914 788 453 787 436 789 914 788 436 789 915 790 915 790 436 789 435 791 915 790 435 791 916 792 916 792 435 791 434 793 916 792 434 793 917 794 917 794 434 793 438 795 917 794 438 795 918 796 918 796 438 795 446 797 918 796 446 797 919 798 919 798 446 797 445 799 919 798 445 799 907 800 907 800 445 799 444 801 907 800 444 801 908 802 908 802 444 801 443 803 908 802 443 803 909 804 909 804 443 803 442 805 909 804 442 805 663 806 663 806 442 805 441 807 663 806 441 807 664 808 664 808 441 807 440 809 664 808 440 809 928 810 928 810 440 809 452 811 928 810 452 811 929 812 929 812 452 811 451 813 929 812 451 813 931 814 931 814 451 813 450 815 931 814 450 815 932 816 932 816 450 815 449 817 932 816 449 817 933 818 933 818 449 817 448 819 933 818 448 819 927 820 927 820 448 819 25 821 927 820 25 821 925 822 925 822 25 821 24 823 925 822 24 823 920 824 920 824 24 823 459 825 920 824 459 825 921 826 921 826 459 825 458 827 921 826 458 827 923 828 923 828 458 827 457 829 923 828 457 829 924 830 924 830 457 829 456 831 924 830 456 831 911 784 911 784 456 831 454 785 1166 832 1167 833 1168 834 1168 834 1167 833 1169 835 1170 836 1171 837 1172 838 1172 838 1171 837 1173 839 1174 840 1175 841 1176 842 1176 842 1175 841 1177 843 1178 844 1179 845 1180 846 1180 846 1179 845 1181 847 1182 848 1183 849 1184 850 1184 850 1183 849 1185 851 1186 852 1187 853 1188 854 1188 854 1187 853 1189 855 1190 856 1191 857 1192 858 1192 858 1191 857 1193 859 1194 860 1195 861 1196 862 1196 862 1195 861 1197 863 1151 769 1152 770 1198 864 1198 864 1152 770 1199 865 1198 864 1199 865 1200 866 1200 866 1199 865 1201 867 1200 866 1201 867 1202 868 1202 868 1201 867 1203 869 1202 868 1203 869 1182 848 1182 848 1203 869 1183 849 1154 772 1153 771 1204 870 1204 870 1153 771 1205 871 1204 870 1205 871 1206 872 1206 872 1205 871 1207 873 1206 872 1207 873 1208 874 1208 874 1207 873 1209 875 1208 874 1209 875 1189 855 1189 855 1209 875 1188 854 1184 850 1185 851 1210 876 1210 876 1185 851 1211 877 1210 876 1211 877 1212 878 1212 878 1211 877 1213 879 1212 878 1213 879 1214 880 1214 880 1213 879 1215 881 1214 880 1215 881 1216 882 1216 882 1215 881 1217 883 1216 882 1217 883 1218 884 1218 884 1217 883 1219 885 1218 884 1219 885 1220 886 1220 886 1219 885 1221 887 1220 886 1221 887 1222 888 1222 888 1221 887 1223 889 1222 888 1223 889 1194 860 1194 860 1223 889 1195 861 1196 862 1197 863 1224 890 1196 862 1224 890 1225 891 1225 891 1224 890 1226 892 1225 891 1226 892 1227 893 1227 893 1226 892 1228 894 1227 893 1228 894 1229 895 1229 895 1228 894 1230 896 1229 895 1230 896 1231 897 1231 897 1230 896 1187 853 1231 897 1187 853 1186 852 1146 764 1145 763 1232 898 1232 898 1145 763 1233 899 1232 898 1233 899 1234 900 1234 900 1233 899 1235 901 1234 900 1235 901 1236 902 1236 902 1235 901 1237 903 1236 902 1237 903 1177 843 1177 843 1237 903 1176 842 1192 858 1193 859 1238 904 1238 904 1193 859 1239 905 1238 904 1239 905 1240 906 1240 906 1239 905 1241 907 1240 906 1241 907 1242 908 1242 908 1241 907 1243 909 1242 908 1243 909 1244 910 1244 910 1243 909 1245 911 1244 910 1245 911 1246 912 1246 912 1245 911 1247 913 1246 912 1247 913 1248 914 1248 914 1247 913 1249 915 1248 914 1249 915 1250 916 1250 916 1249 915 1251 917 1250 916 1251 917 1174 840 1174 840 1251 917 1175 841 1180 846 1181 847 1252 918 1180 846 1252 918 1253 919 1253 919 1252 918 1254 920 1253 919 1254 920 1255 921 1255 921 1254 920 1256 922 1255 921 1256 922 1257 923 1257 923 1256 922 1258 924 1257 923 1258 924 1259 925 1259 925 1258 924 1191 857 1259 925 1191 857 1190 856 1179 845 1178 844 1260 926 1260 926 1178 844 1261 927 1260 926 1261 927 1262 928 1262 928 1261 927 1263 929 1262 928 1263 929 1264 930 1264 930 1263 929 1265 931 1264 930 1265 931 1157 775 1157 775 1265 931 1158 776 1266 932 1267 933 1268 934 1268 934 1267 933 1269 935 1268 934 1269 935 1270 936 1270 936 1269 935 1271 937 1270 936 1271 937 1272 938 1272 938 1271 937 1273 939 1272 938 1273 939 1274 940 1274 940 1273 939 1275 941 1274 940 1275 941 1276 942 1276 942 1275 941 1277 943 1276 942 1277 943 1278 944 1278 944 1277 943 1279 945 1278 944 1279 945 1280 946 1280 946 1279 945 1281 947 1280 946 1281 947 1282 948 1282 948 1281 947 1283 949 1284 950 1285 951 1286 952 1286 952 1285 951 1287 953 1288 954 1289 955 1290 956 1290 956 1289 955 1291 957 1292 958 1293 959 1294 960 1294 960 1293 959 1295 961 308 962 307 963 874 964 874 964 307 963 28 965 874 964 28 965 875 966 875 966 28 965 27 967 875 966 27 967 884 968 884 968 27 967 321 969 884 968 321 969 885 970 885 970 321 969 323 971 885 970 323 971 886 972 886 972 323 971 329 973 886 972 329 973 891 974 891 974 329 973 328 975 891 974 328 975 892 976 892 976 328 975 327 977 892 976 327 977 893 978 893 978 327 977 326 979 893 978 326 979 882 980 882 980 326 979 325 981 882 980 325 981 883 982 883 982 325 981 324 983 883 982 324 983 887 984 887 984 324 983 320 985 887 984 320 985 888 986 874 964 880 987 308 962 308 962 880 987 878 988 308 962 878 988 310 989 310 989 878 988 877 990 310 989 877 990 311 991 311 991 877 990 903 992 311 991 903 992 312 993 312 993 903 992 902 994 312 993 902 994 313 995 313 995 902 994 906 996 313 995 906 996 314 997 314 997 906 996 905 998 314 997 905 998 300 999 300 999 905 998 904 1000 300 999 904 1000 301 1001 301 1001 904 1000 900 1002 301 1001 900 1002 303 1003 303 1003 900 1002 899 1004 303 1003 899 1004 304 1005 899 1004 897 1006 304 1005 304 1005 897 1006 895 1007 304 1005 895 1007 306 1008 306 1008 895 1007 894 1009 306 1008 894 1009 316 1010 316 1010 894 1009 890 1011 316 1010 890 1011 317 1012 317 1012 890 1011 888 986 317 1012 888 986 319 1013 319 1013 888 986 320 985 351 1014 854 1015 352 1016 352 1016 854 1015 853 1017 352 1016 853 1017 343 1018 343 1018 853 1017 843 1019 343 1018 843 1019 344 1020 344 1020 843 1019 844 1021 344 1020 844 1021 345 1022 345 1022 844 1021 845 1023 345 1022 845 1023 347 1024 347 1024 845 1023 842 1025 347 1024 842 1025 369 1026 369 1026 842 1025 873 1027 369 1026 873 1027 371 1028 371 1028 873 1027 872 1029 371 1028 872 1029 372 1030 372 1030 872 1029 870 1031 372 1030 870 1031 353 1032 353 1032 870 1031 869 1033 353 1032 869 1033 354 1034 354 1034 869 1033 863 1035 354 1034 863 1035 356 1036 356 1036 863 1035 862 1037 356 1036 862 1037 357 1038 357 1038 862 1037 860 1039 357 1038 860 1039 358 1040 358 1040 860 1039 859 1041 358 1040 859 1041 359 1042 359 1042 859 1041 865 1043 359 1042 865 1043 361 1044 361 1044 865 1043 864 1045 361 1044 864 1045 362 1046 362 1046 864 1045 858 1047 362 1046 858 1047 363 1048 363 1048 858 1047 857 1049 363 1048 857 1049 364 1050 364 1050 857 1049 868 1051 364 1050 868 1051 366 1052 366 1052 868 1051 867 1053 366 1052 867 1053 367 1054 367 1054 867 1053 866 1055 367 1054 866 1055 339 1056 339 1056 866 1055 847 1057 339 1056 847 1057 340 1058 340 1058 847 1057 849 1059 340 1058 849 1059 341 1060 341 1060 849 1059 850 1061 341 1060 850 1061 342 1062 342 1062 850 1061 851 1063 342 1062 851 1063 350 1064 350 1064 851 1063 855 1065 350 1064 855 1065 351 1014 351 1014 855 1065 854 1015 489 1066 1097 1067 490 1068 490 1068 1097 1067 1096 1069 490 1068 1096 1069 484 1070 484 1070 1096 1069 1095 1071 484 1070 1095 1071 485 1072 485 1072 1095 1071 1086 1073 485 1072 1086 1073 495 1074 495 1074 1086 1073 1085 1075 495 1074 1085 1075 496 1076 496 1076 1085 1075 1100 1077 496 1076 1100 1077 497 1078 497 1078 1100 1077 1099 1079 497 1078 1099 1079 491 1080 491 1080 1099 1079 1098 1081 491 1080 1098 1081 492 1082 492 1082 1098 1081 1094 1083 492 1082 1094 1083 493 1084 493 1084 1094 1083 1093 1085 493 1084 1093 1085 494 1086 494 1086 1093 1085 1092 1087 494 1086 1092 1087 498 1088 498 1088 1092 1087 1108 1089 498 1088 1108 1089 499 1090 499 1090 1108 1089 1107 1091 499 1090 1107 1091 500 1092 500 1092 1107 1091 1105 1093 500 1092 1105 1093 501 1094 501 1094 1105 1093 1103 1095 501 1094 1103 1095 502 1096 502 1096 1103 1095 1102 1097 502 1096 1102 1097 503 1098 503 1098 1102 1097 1101 1099 503 1098 1101 1099 504 1100 504 1100 1101 1099 1111 1101 504 1100 1111 1101 505 1102 505 1102 1111 1101 1110 1103 505 1102 1110 1103 506 1104 506 1104 1110 1103 1109 1105 506 1104 1109 1105 507 1106 507 1106 1109 1105 1090 1107 507 1106 1090 1107 486 1108 486 1108 1090 1107 1089 1109 486 1108 1089 1109 487 1110 487 1110 1089 1109 1088 1111 487 1110 1088 1111 488 1112 488 1112 1088 1111 1087 1113 488 1112 1087 1113 489 1066 489 1066 1087 1113 1097 1067 264 1114 667 1115 265 1116 265 1116 667 1115 666 1117 265 1116 666 1117 260 1118 260 1118 666 1117 836 1119 260 1118 836 1119 261 1120 261 1120 836 1119 834 1121 261 1120 834 1121 278 1122 278 1122 834 1121 833 1123 278 1122 833 1123 277 1124 277 1124 833 1123 832 1125 277 1124 832 1125 275 1126 275 1126 832 1125 838 1127 275 1126 838 1127 279 1128 279 1128 838 1127 825 1129 279 1128 825 1129 280 1130 280 1130 825 1129 824 1131 280 1130 824 1131 281 1132 824 1131 829 1133 281 1132 281 1132 829 1133 828 1134 281 1132 828 1134 282 1135 282 1135 828 1134 827 1136 282 1135 827 1136 283 1137 283 1137 827 1136 811 1138 283 1137 811 1138 288 1139 288 1139 811 1138 810 1140 288 1139 810 1140 269 1141 269 1141 810 1140 808 1142 269 1141 808 1142 268 1143 268 1143 808 1142 807 1144 268 1143 807 1144 266 1145 266 1145 807 1144 820 1146 266 1145 820 1146 270 1147 270 1147 820 1146 819 1148 270 1147 819 1148 271 1149 271 1149 819 1148 818 1150 271 1149 818 1150 273 1151 273 1151 818 1150 817 1152 273 1151 817 1152 274 1153 274 1153 817 1152 816 1154 274 1153 816 1154 285 1155 285 1155 816 1154 814 1156 285 1155 814 1156 286 1157 286 1157 814 1156 813 1158 286 1157 813 1158 287 1159 287 1159 813 1158 823 1160 287 1159 823 1160 263 1161 263 1161 823 1160 822 1162 263 1161 822 1162 264 1114 264 1114 822 1162 821 1163 264 1114 821 1163 667 1115 1296 1164 1297 1165 1298 1166 1298 1166 1297 1165 1299 1167 1298 1166 1299 1167 1300 1168 1300 1168 1299 1167 1301 1169 1300 1168 1301 1169 1302 1170 1302 1170 1301 1169 1303 1171 1302 1170 1303 1171 1304 1172 1304 1172 1303 1171 1305 1173 1304 1172 1305 1173 1306 1174 1306 1174 1305 1173 1307 1175 1306 1174 1307 1175 1308 1176 1308 1176 1307 1175 1309 1177 1308 1176 1309 1177 1310 1178 1310 1178 1309 1177 1311 1179 1310 1178 1311 1179 1312 1180 1312 1180 1311 1179 1313 1181 467 1182 1131 1183 468 1184 468 1184 1131 1183 1130 1185 468 1184 1130 1185 462 1186 462 1186 1130 1185 1126 1187 462 1186 1126 1187 460 1188 460 1188 1126 1187 1125 1189 460 1188 1125 1189 461 1190 461 1190 1125 1189 1124 1191 461 1190 1124 1191 475 1192 475 1192 1124 1191 1123 1193 475 1192 1123 1193 476 1194 476 1194 1123 1193 1135 1195 476 1194 1135 1195 477 1196 477 1196 1135 1195 1134 1197 477 1196 1134 1197 469 1198 469 1198 1134 1197 1133 1199 469 1198 1133 1199 470 1200 470 1200 1133 1199 1118 1201 470 1200 1118 1201 471 1202 471 1202 1118 1201 1117 1203 471 1202 1117 1203 472 1204 472 1204 1117 1203 1116 1205 472 1204 1116 1205 473 1206 473 1206 1116 1205 1113 1207 473 1206 1113 1207 474 1208 474 1208 1113 1207 1112 1209 474 1208 1112 1209 478 1210 478 1210 1112 1209 1122 1211 478 1210 1122 1211 479 1212 479 1212 1122 1211 1121 1213 479 1212 1121 1213 480 1214 480 1214 1121 1213 1120 1215 480 1214 1120 1215 481 1216 481 1216 1120 1215 1119 1217 481 1216 1119 1217 482 1218 482 1218 1119 1217 1129 1219 482 1218 1129 1219 483 1220 483 1220 1129 1219 1128 1221 483 1220 1128 1221 463 1222 463 1222 1128 1221 1127 1223 463 1222 1127 1223 464 1224 464 1224 1127 1223 1115 1225 464 1224 1115 1225 465 1226 465 1226 1115 1225 1114 1227 465 1226 1114 1227 466 1228 466 1228 1114 1227 1132 1229 466 1228 1132 1229 467 1182 467 1182 1132 1229 1131 1183 412 1230 960 1231 414 1232 414 1232 960 1231 938 1233 414 1232 938 1233 415 1234 415 1234 938 1233 937 1235 415 1234 937 1235 416 1236 416 1236 937 1235 935 1237 416 1236 935 1237 417 1238 417 1238 935 1237 934 1239 417 1238 934 1239 418 1240 418 1240 934 1239 946 1241 418 1240 946 1241 419 1242 419 1242 946 1241 945 1243 419 1242 945 1243 410 1244 410 1244 945 1243 944 1245 410 1244 944 1245 407 1246 407 1246 944 1245 941 1247 407 1246 941 1247 408 1248 408 1248 941 1247 940 1249 408 1248 940 1249 409 1250 409 1250 940 1249 948 1251 409 1250 948 1251 431 1252 431 1252 948 1251 947 1253 431 1252 947 1253 432 1254 432 1254 947 1253 956 1255 432 1254 956 1255 433 1256 433 1256 956 1255 955 1257 433 1256 955 1257 426 1258 426 1258 955 1257 954 1259 426 1258 954 1259 427 1260 427 1260 954 1259 950 1261 427 1260 950 1261 428 1262 428 1262 950 1261 949 1263 428 1262 949 1263 429 1264 429 1264 949 1263 951 1265 429 1264 951 1265 430 1266 430 1266 951 1265 953 1267 430 1266 953 1267 420 1268 420 1268 953 1267 963 1269 420 1268 963 1269 423 1270 423 1270 963 1269 962 1271 423 1270 962 1271 424 1272 424 1272 962 1271 961 1273 424 1272 961 1273 425 1274 425 1274 961 1273 957 1275 425 1274 957 1275 411 1276 411 1276 957 1275 959 1277 411 1276 959 1277 412 1230 412 1230 959 1277 960 1231 384 1278 1014 1279 378 1280 378 1280 1014 1279 1013 1281 378 1280 1013 1281 375 1282 375 1282 1013 1281 1012 1283 375 1282 1012 1283 376 1284 376 1284 1012 1283 1011 1285 376 1284 1011 1285 393 1286 393 1286 1011 1285 1010 1287 393 1286 1010 1287 394 1288 394 1288 1010 1287 1008 1289 394 1288 1008 1289 396 1290 396 1290 1008 1289 1007 1291 396 1290 1007 1291 398 1292 398 1292 1007 1291 1021 1293 398 1292 1021 1293 401 1294 401 1294 1021 1293 1019 1295 401 1294 1019 1295 402 1296 402 1296 1019 1295 1018 1297 402 1296 1018 1297 385 1298 385 1298 1018 1297 1006 1299 385 1298 1006 1299 386 1300 386 1300 1006 1299 1005 1301 386 1300 1005 1301 387 1302 387 1302 1005 1301 1004 1303 387 1302 1004 1303 388 1304 388 1304 1004 1303 1003 1305 388 1304 1003 1305 389 1306 389 1306 1003 1305 1002 1307 389 1306 1002 1307 403 1308 403 1308 1002 1307 1001 1309 403 1308 1001 1309 404 1310 404 1310 1001 1309 1000 1311 404 1310 1000 1311 379 1050 379 1050 1000 1311 1017 1312 379 1050 1017 1312 380 1313 380 1313 1017 1312 1016 1314 380 1313 1016 1314 390 1315 390 1315 1016 1314 1015 1316 390 1315 1015 1316 391 1317 391 1317 1015 1316 999 1318 391 1317 999 1318 392 1319 392 1319 999 1318 998 1320 392 1319 998 1320 405 1321 405 1321 998 1320 997 1322 405 1321 997 1322 406 1323 406 1323 997 1322 996 1324 406 1323 996 1324 384 1278 384 1278 996 1324 1014 1279 232 1325 780 1326 234 1327 234 1327 780 1326 790 1328 234 1327 790 1328 235 1329 235 1329 790 1328 789 1330 235 1329 789 1330 236 1331 236 1331 789 1330 788 1332 236 1331 788 1332 237 1333 237 1333 788 1332 779 1334 237 1333 779 1334 238 1335 238 1335 779 1334 777 1336 238 1335 777 1336 214 1337 214 1337 777 1336 776 1338 214 1337 776 1338 212 1339 212 1339 776 1338 803 1340 212 1339 803 1340 211 1341 211 1341 803 1340 802 1342 211 1341 802 1342 215 1343 215 1343 802 1342 801 1344 215 1343 801 1344 216 1345 216 1345 801 1344 795 1346 216 1345 795 1346 217 1347 217 1347 795 1346 794 1348 217 1347 794 1348 218 1349 218 1349 794 1348 792 1350 218 1349 792 1350 219 1351 219 1351 792 1350 791 1352 219 1351 791 1352 220 1353 220 1353 791 1352 800 1354 220 1353 800 1354 205 1355 205 1355 800 1354 799 1356 205 1355 799 1356 206 1357 206 1357 799 1356 797 1358 206 1357 797 1358 207 1359 207 1359 797 1358 796 1360 207 1359 796 1360 208 1361 208 1361 796 1360 806 1362 208 1361 806 1362 210 1363 210 1363 806 1362 805 1364 210 1363 805 1364 227 1365 227 1365 805 1364 804 1366 227 1365 804 1366 228 1367 228 1367 804 1366 787 1368 228 1367 787 1368 221 1369 221 1369 787 1368 786 1370 221 1369 786 1370 225 1371 225 1371 786 1370 784 1372 225 1371 784 1372 226 1373 226 1373 784 1372 783 1374 226 1373 783 1374 231 1375 231 1375 783 1374 781 1376 231 1375 781 1376 232 1325 232 1325 781 1376 780 1326 189 1377 188 1378 745 1379 745 1379 188 1378 168 1380 745 1379 168 1380 762 1381 762 1381 168 1380 170 1382 762 1381 170 1382 752 1383 752 1383 170 1382 171 1384 752 1383 171 1384 753 1385 753 1385 171 1384 177 1386 753 1385 177 1386 755 1387 755 1387 177 1386 176 1388 755 1387 176 1388 756 1389 756 1389 176 1388 175 1390 756 1389 175 1390 747 1391 747 1391 175 1390 174 1392 747 1391 174 1392 748 1393 748 1393 174 1392 173 1394 748 1393 173 1394 750 1395 750 1395 173 1394 172 1396 750 1395 172 1396 751 1397 751 1397 172 1396 167 1398 751 1397 167 1398 757 1399 757 1399 167 1398 166 1400 757 1399 166 1400 758 1401 745 1379 744 1402 189 1377 189 1377 744 1402 775 1403 189 1377 775 1403 190 1404 190 1404 775 1403 774 1405 190 1404 774 1405 184 1406 184 1406 774 1405 773 1407 184 1406 773 1407 183 1408 183 1408 773 1407 767 1409 183 1408 767 1409 181 1410 181 1410 767 1409 766 1411 181 1410 766 1411 186 1412 186 1412 766 1411 770 1413 186 1412 770 1413 187 1414 187 1414 770 1413 769 1415 187 1414 769 1415 191 1416 191 1416 769 1415 772 1417 191 1416 772 1417 192 1418 192 1418 772 1417 771 1419 192 1418 771 1419 193 1420 771 1419 764 1421 193 1420 193 1420 764 1421 763 1422 193 1420 763 1422 178 1423 178 1423 763 1422 761 1424 178 1423 761 1424 179 1425 179 1425 761 1424 760 1426 179 1425 760 1426 180 1427 180 1427 760 1426 758 1401 180 1427 758 1401 164 1428 164 1428 758 1401 166 1400 1314 1429 1315 1430 1316 1431 1317 1432 1318 1433 1319 1434 1317 1432 1319 1434 1320 1435 1314 1429 1316 1431 1319 1434 1319 1434 1316 1431 1321 1436 1319 1434 1321 1436 1320 1435 1322 0 1323 0 1324 0 1325 0 1326 0 1327 0 1327 0 1326 0 1328 0 1327 0 1328 0 1329 0 1330 0 1331 0 1332 0 1322 0 1324 0 1333 0 1333 0 1324 0 1334 0 1333 0 1334 0 1331 0 1331 0 1334 0 1335 0 1331 0 1335 0 1332 0 1336 0 1337 0 1338 0 1339 0 1340 0 1341 0 1341 0 1340 0 1342 0 1341 0 1342 0 1343 0 1343 0 1342 0 1344 0 1343 0 1344 0 1336 0 1336 0 1344 0 1345 0 1336 0 1345 0 1337 0 1325 0 1346 0 1326 0 1326 0 1346 0 1347 0 1326 0 1347 0 1348 0 1348 0 1347 0 1324 0 1348 0 1324 0 1349 0 1349 0 1324 0 1323 0 1332 0 1350 0 1330 0 1330 0 1350 0 1351 0 1330 0 1351 0 1352 0 1352 0 1351 0 1336 0 1352 0 1336 0 1353 0 1353 0 1336 0 1338 0 1354 0 1355 0 1356 0 1356 0 1355 0 1357 0 1356 0 1357 0 1358 0 1359 0 1360 0 1361 0 1361 0 1360 0 1362 0 1329 0 1328 0 1361 0 1361 0 1328 0 1363 0 1361 0 1363 0 1359 0 1357 0 1364 0 1358 0 1358 0 1364 0 1365 0 1358 0 1365 0 1366 0 1366 0 1365 0 1361 0 1366 0 1361 0 1367 0 1367 0 1361 0 1362 0 1368 0 1369 0 1370 0 1370 0 1369 0 1371 0 1354 0 1356 0 1370 0 1370 0 1356 0 1372 0 1370 0 1372 0 1368 0 1339 0 1373 0 1340 0 1340 0 1373 0 1374 0 1340 0 1374 0 1375 0 1375 0 1374 0 1370 0 1375 0 1370 0 1376 0 1376 0 1370 0 1371 0 10 1437 1340 1438 8 1439 8 1439 1340 1438 1375 1440 1377 1441 1378 1442 1375 1440 1375 1440 1378 1442 1379 1443 1375 1440 1379 1443 8 1439 1369 1444 1380 1445 1371 1446 1371 1446 1380 1445 1377 1441 1371 1446 1377 1441 1376 1447 1376 1447 1377 1441 1375 1440 1372 1448 1381 1449 1368 1450 1368 1450 1381 1449 1382 1451 1368 1450 1382 1451 1369 1444 1369 1444 1382 1451 1383 1452 1369 1444 1383 1452 1380 1445 1356 1453 5 1454 1372 1448 1372 1448 5 1454 4 1455 4 1455 1384 1456 1372 1448 1372 1448 1384 1456 1385 1457 1372 1448 1385 1457 1381 1449 1328 1458 1319 1459 1363 1460 1363 1460 1319 1459 1318 1461 1363 1460 1318 1461 1386 1462 1386 1462 1387 1463 1363 1460 1363 1460 1387 1463 1388 1464 1363 1460 1388 1464 1359 1465 1359 1465 1388 1464 1389 1466 1359 1465 1389 1466 1360 1467 1390 1468 1362 1469 1391 1470 1391 1470 1362 1469 1360 1467 1391 1470 1360 1467 1392 1471 1392 1471 1360 1467 1389 1466 1393 1472 1366 1473 1390 1468 1390 1468 1366 1473 1367 1474 1390 1468 1367 1474 1362 1469 0 1475 1358 1476 1 1477 1 1477 1358 1476 1366 1473 1 1477 1366 1473 1394 1478 1394 1478 1366 1473 1393 1472 5 1454 1356 1453 0 1475 0 1475 1356 1453 1358 1476 1331 1479 21 1480 1333 1481 1333 1481 21 1480 22 1482 22 1482 1395 1483 1333 1481 1333 1481 1395 1483 1396 1484 1333 1481 1396 1484 1397 1485 1398 1486 1323 1487 1397 1485 1397 1485 1323 1487 1322 1488 1397 1485 1322 1488 1333 1481 1398 1486 1399 1489 1323 1487 1323 1487 1399 1489 1400 1490 1323 1487 1400 1490 1349 1491 1349 1491 1400 1490 1401 1492 1349 1491 1401 1492 1348 1493 1314 1494 1326 1495 1315 1496 1315 1496 1326 1495 1348 1493 1315 1496 1348 1493 1402 1497 1402 1497 1348 1493 1401 1492 1319 1459 1328 1458 1314 1494 1314 1494 1328 1458 1326 1495 16 1498 1330 1499 17 1500 17 1500 1330 1499 1352 1501 1403 1502 1404 1503 1352 1501 1352 1501 1404 1503 1405 1504 1352 1501 1405 1504 17 1500 1337 1505 1406 1506 1338 1507 1338 1507 1406 1506 1403 1502 1338 1507 1403 1502 1353 1508 1353 1508 1403 1502 1352 1501 1344 1509 1407 1510 1345 1511 1345 1511 1407 1510 1408 1512 1345 1511 1408 1512 1337 1505 1337 1505 1408 1512 1409 1513 1337 1505 1409 1513 1406 1506 1342 1514 14 1515 1344 1509 1344 1509 14 1515 15 1516 15 1516 1410 1517 1344 1509 1344 1509 1410 1517 1411 1518 1344 1509 1411 1518 1407 1510 21 1480 1331 1479 16 1498 16 1498 1331 1479 1330 1499 1342 1514 1340 1438 14 1515 14 1515 1340 1438 10 1437 1171 837 1170 836 1412 1519 1412 1519 1170 836 1413 1520 1412 1519 1413 1520 1165 783 1165 783 1413 1520 1160 778 1172 838 1173 839 1414 1521 1414 1521 1173 839 1415 1522 1414 1521 1415 1522 1156 774 1156 774 1415 1522 1155 773 1147 765 1148 766 1416 1523 1416 1523 1148 766 1417 1524 1416 1523 1417 1524 1166 832 1166 832 1417 1524 1167 833 1150 768 1149 767 1418 1525 1418 1525 1149 767 1419 1526 1418 1525 1419 1526 1169 835 1169 835 1419 1526 1168 834 1420 1527 1421 1528 1422 1529 1423 1530 1424 1531 1425 1532 1426 1533 1427 1534 1428 1535 1429 1536 1430 1537 1431 1538 1432 1539 1433 1540 1434 1541 1422 1529 1421 1528 1435 1542 566 241 564 239 1436 1543 1436 1543 564 239 1437 1544 1437 1544 564 239 563 238 1437 1544 563 238 561 236 1424 1531 1438 1545 1439 1546 1439 1546 1438 1545 1440 1547 1439 1546 1440 1547 1436 1543 1441 1548 1442 1549 1443 1550 1443 1550 1442 1549 1444 1551 1443 1550 1444 1551 1445 1552 1445 1552 1444 1551 1446 1553 1446 1553 1444 1551 1447 1554 1446 1553 1447 1554 1448 1555 1449 1556 1446 1553 1450 1557 1450 1557 1446 1553 1448 1555 1450 1557 1448 1555 1451 1558 1452 1559 1449 1556 1453 1560 1453 1560 1449 1556 1450 1557 1453 1560 1450 1557 1454 1561 1454 1561 1450 1557 1451 1558 1454 1561 1451 1558 1455 1562 1432 1539 1434 1541 1456 1563 1456 1563 1434 1541 1457 1564 1456 1563 1457 1564 1458 1565 1431 1538 1430 1537 1459 1566 1421 1528 1459 1566 1435 1542 1435 1542 1459 1566 1430 1537 1435 1542 1430 1537 1460 1567 1460 1567 1430 1537 1429 1536 1460 1567 1429 1536 1461 1568 1461 1568 1429 1536 1452 1559 1441 1548 1443 1550 1462 1569 1462 1569 1443 1550 1463 1570 1462 1569 1463 1570 1464 1571 1465 1572 1466 1573 1428 1535 1428 1535 1466 1573 1467 1574 1428 1535 1467 1574 1464 1571 1465 1572 1428 1535 1468 1575 1468 1575 1428 1535 1427 1534 1468 1575 1427 1534 1469 1576 1469 1576 1427 1534 552 227 1469 1576 552 227 549 224 1452 1559 1429 1536 1449 1556 1449 1556 1429 1536 1431 1538 1449 1556 1431 1538 1446 1553 1446 1553 1431 1538 1459 1566 1446 1553 1459 1566 1445 1552 1445 1552 1459 1566 1421 1528 1445 1552 1421 1528 1443 1550 1443 1550 1421 1528 1420 1527 1443 1550 1420 1527 1463 1570 1438 1545 1470 1577 1440 1547 1440 1547 1470 1577 1471 1578 1440 1547 1471 1578 1472 1579 566 241 1436 1543 567 242 567 242 1436 1543 1440 1547 567 242 1440 1547 520 195 520 195 1440 1547 1472 1579 520 195 1472 1579 572 247 561 236 559 234 1437 1544 1437 1544 559 234 558 233 1437 1544 558 233 1426 1533 1426 1533 558 233 556 231 1426 1533 556 231 1427 1534 1427 1534 556 231 554 229 1427 1534 554 229 552 227 1457 1564 1473 1580 1458 1565 1458 1565 1473 1580 1474 1581 1458 1565 1474 1581 1425 1532 1425 1532 1474 1581 1475 1582 1425 1532 1475 1582 1423 1530 1464 1571 1463 1570 1428 1535 1428 1535 1463 1570 1420 1527 1428 1535 1420 1527 1426 1533 1426 1533 1420 1527 1422 1529 1426 1533 1422 1529 1437 1544 1437 1544 1422 1529 1435 1542 1437 1544 1435 1542 1436 1543 1436 1543 1435 1542 1460 1567 1436 1543 1460 1567 1439 1546 1439 1546 1460 1567 1461 1568 1439 1546 1461 1568 1424 1531 1424 1531 1461 1568 1452 1559 1424 1531 1452 1559 1425 1532 1425 1532 1452 1559 1453 1560 1425 1532 1453 1560 1458 1565 1458 1565 1453 1560 1454 1561 1458 1565 1454 1561 1456 1563 1456 1563 1454 1561 1455 1562 1456 1563 1455 1562 1432 1539 1468 1575 1469 1576 1476 1583 1477 1584 1478 1585 1479 1586 1480 1587 1481 1588 1482 1589 1483 1590 1484 1591 1485 1592 1485 1592 1486 1593 1487 1594 1487 1594 1486 1593 1488 1595 1488 1595 1486 1593 1489 1596 1488 1595 1489 1596 1490 1597 1491 1598 1492 1599 1493 1600 1483 1590 1485 1592 1494 1601 1495 1602 1496 1603 1497 1604 1497 1604 1496 1603 1492 1599 1492 1599 1491 1598 1497 1604 1497 1604 1491 1598 1498 1605 1497 1604 1498 1605 1495 1602 1495 1602 1498 1605 1481 1588 1495 1602 1481 1588 1499 1606 1499 1606 1481 1588 1480 1587 1499 1606 1480 1587 1500 1607 533 208 1500 1607 534 209 534 209 1500 1607 1480 1587 534 209 1480 1587 536 211 536 211 1480 1587 1482 1589 536 211 1482 1589 538 213 538 213 1482 1589 539 214 1469 1576 549 224 1476 1583 1476 1583 549 224 547 222 1476 1583 547 222 1501 1608 1501 1608 547 222 545 220 1489 1596 1502 1609 1490 1597 1490 1597 1502 1609 1503 1610 1490 1597 1503 1610 1504 1611 1504 1611 1503 1610 1505 1612 1504 1611 1505 1612 1506 1613 1506 1613 1505 1612 1507 1614 1506 1613 1507 1614 1477 1584 1508 1615 1509 1616 1510 1617 1510 1617 1509 1616 1511 1618 1478 1585 1510 1617 1479 1586 1479 1586 1510 1617 1511 1618 1479 1586 1511 1618 1512 1619 1512 1619 1511 1618 1513 1620 1512 1619 1513 1620 1514 1621 1514 1621 1513 1620 1515 1622 1514 1621 1515 1622 1516 1623 1516 1623 1515 1622 1517 1624 1516 1623 1517 1624 1518 1625 1477 1584 1479 1586 1506 1613 1506 1613 1479 1586 1512 1619 1506 1613 1512 1619 1504 1611 1504 1611 1512 1619 1514 1621 1504 1611 1514 1621 1490 1597 1490 1597 1514 1621 1516 1623 1490 1597 1516 1623 1488 1595 1488 1595 1516 1623 1518 1625 1488 1595 1518 1625 1487 1594 532 207 1519 1626 531 206 531 206 1519 1626 1500 1607 531 206 1500 1607 529 204 529 204 1500 1607 533 208 1494 1601 1493 1600 1520 1627 1520 1627 1493 1600 1492 1599 1520 1627 1492 1599 1521 1628 1521 1628 1492 1599 1496 1603 1521 1628 1496 1603 1522 1629 1522 1629 1496 1603 1523 1630 1519 1626 1524 1631 1500 1607 1500 1607 1524 1631 1525 1632 1500 1607 1525 1632 1499 1606 1499 1606 1525 1632 1526 1633 1499 1606 1526 1633 1495 1602 1495 1602 1526 1633 1527 1634 1495 1602 1527 1634 1496 1603 1496 1603 1527 1634 1528 1635 1496 1603 1528 1635 1523 1630 545 220 544 219 1501 1608 1501 1608 544 219 542 217 1501 1608 542 217 1482 1589 1482 1589 542 217 541 216 1482 1589 541 216 539 214 1494 1601 1485 1592 1493 1600 1493 1600 1485 1592 1487 1594 1493 1600 1487 1594 1491 1598 1491 1598 1487 1594 1518 1625 1491 1598 1518 1625 1498 1605 1498 1605 1518 1625 1517 1624 1498 1605 1517 1624 1481 1588 1481 1588 1517 1624 1515 1622 1481 1588 1515 1622 1482 1589 1482 1589 1515 1622 1513 1620 1482 1589 1513 1620 1501 1608 1501 1608 1513 1620 1511 1618 1501 1608 1511 1618 1476 1583 1476 1583 1511 1618 1509 1616 1476 1583 1509 1616 1468 1575 1468 1575 1509 1616 1508 1615 1468 1575 1508 1615 1465 1572 1529 1636 1530 1637 1531 1638 1532 1639 1533 1640 1534 1641 1535 1642 1536 1643 1537 1644 1538 1645 1539 1646 1540 1647 1541 1648 1542 1649 1543 1650 1543 1650 1542 1649 1544 1651 1543 1650 1544 1651 1545 1652 1546 1653 1547 1654 1548 1655 1548 1655 1547 1654 1549 1656 1546 1653 1543 1650 1550 1657 1550 1657 1543 1650 1545 1652 1550 1657 1545 1652 1534 1641 1534 1641 1533 1640 1550 1657 1550 1657 1533 1640 1551 1658 1550 1657 1551 1658 1546 1653 1546 1653 1551 1658 1552 1659 1546 1653 1552 1659 1547 1654 1553 1660 1554 1661 1555 1662 1555 1662 1554 1661 1556 1663 1555 1662 1556 1663 1557 1664 1558 1665 1559 1666 1557 1664 1557 1664 1559 1666 1560 1667 1561 1668 1562 1669 1563 1670 1563 1670 1562 1669 1564 1671 1563 1670 1564 1671 1565 1672 1539 1646 1566 1673 1567 1674 1566 1673 1568 1675 1567 1674 1567 1674 1568 1675 1569 1676 1567 1674 1569 1676 1570 1677 1484 1591 1571 1678 1485 1592 1485 1592 1571 1678 1572 1679 1485 1592 1572 1679 1486 1593 1486 1593 1572 1679 1573 1680 1486 1593 1573 1680 1489 1596 1489 1596 1573 1680 1574 1681 1489 1596 1574 1681 1502 1609 1502 1609 1574 1681 1575 1682 1502 1609 1575 1682 1503 1610 1503 1610 1575 1682 1505 1612 1536 1643 1576 1683 1537 1644 1537 1644 1576 1683 1577 1684 1537 1644 1577 1684 1578 1685 1578 1685 1577 1684 1579 1686 1578 1685 1579 1686 1580 1687 1581 1688 1582 1689 1583 1690 1583 1690 1582 1689 1584 1691 1583 1690 1584 1691 1585 1692 1585 1692 1584 1691 1586 1693 1586 1693 1584 1691 1531 1638 1586 1693 1531 1638 1540 1647 1540 1647 1531 1638 1530 1637 1540 1647 1530 1637 1538 1645 1571 1678 1535 1642 1572 1679 1572 1679 1535 1642 1537 1644 1572 1679 1537 1644 1573 1680 1573 1680 1537 1644 1578 1685 1573 1680 1578 1685 1574 1681 1574 1681 1578 1685 1580 1687 1574 1681 1580 1687 1575 1682 1539 1646 1567 1674 1540 1647 1540 1647 1567 1674 1587 1694 1540 1647 1587 1694 1586 1693 1586 1693 1587 1694 1588 1695 1586 1693 1588 1695 1585 1692 1585 1692 1588 1695 1589 1696 1585 1692 1589 1696 1583 1690 1583 1690 1589 1696 1590 1697 1583 1690 1590 1697 1581 1688 1591 1698 1465 1572 1592 1699 1592 1699 1465 1572 1508 1615 1575 1682 1593 1700 1505 1612 1505 1612 1593 1700 1594 1701 1505 1612 1594 1701 1507 1614 1507 1614 1594 1701 1477 1584 1595 1702 1596 1703 1597 1704 1597 1704 1596 1703 1541 1648 1597 1704 1541 1648 1598 1705 1598 1705 1541 1648 1543 1650 1598 1705 1543 1650 1599 1706 1599 1706 1543 1650 1546 1653 1599 1706 1546 1653 1600 1707 1600 1707 1546 1653 1548 1655 1601 1708 1602 1709 1603 1710 1603 1710 1602 1709 1604 1711 1595 1702 1601 1708 1596 1703 1596 1703 1601 1708 1603 1710 1596 1703 1603 1710 1541 1648 1541 1648 1603 1710 1605 1712 1541 1648 1605 1712 1542 1649 1508 1615 1510 1617 1592 1699 1592 1699 1510 1617 1478 1585 1592 1699 1478 1585 1606 1713 1606 1713 1478 1585 1607 1714 1606 1713 1607 1714 1608 1715 1608 1715 1607 1714 1609 1716 1608 1715 1609 1716 1610 1717 1610 1717 1609 1716 1581 1688 1610 1717 1581 1688 1611 1718 1611 1718 1581 1688 1590 1697 1611 1718 1590 1697 1612 1719 1612 1719 1590 1697 1589 1696 1612 1719 1589 1696 1613 1720 1613 1720 1589 1696 1588 1695 1613 1720 1588 1695 1614 1721 1614 1721 1588 1695 1553 1660 1553 1660 1588 1695 1554 1661 1554 1661 1588 1695 1587 1694 1554 1661 1587 1694 1556 1663 1556 1663 1587 1694 1567 1674 1556 1663 1567 1674 1557 1664 1557 1664 1567 1674 1570 1677 1557 1664 1570 1677 1558 1665 1558 1665 1570 1677 1615 1722 1558 1665 1615 1722 1078 704 1562 1669 1616 1723 1564 1671 1564 1671 1616 1723 1532 1639 1564 1671 1532 1639 1565 1672 1565 1672 1532 1639 1534 1641 1565 1672 1534 1641 1617 1724 1617 1724 1534 1641 1545 1652 1617 1724 1545 1652 1618 1725 1618 1725 1545 1652 1544 1651 1618 1725 1544 1651 1619 1726 1619 1726 1544 1651 1542 1649 1619 1726 1542 1649 1620 1727 1620 1727 1542 1649 1605 1712 1620 1727 1605 1712 1621 1728 1621 1728 1605 1712 1603 1710 1621 1728 1603 1710 1622 1729 1622 1729 1603 1710 1604 1711 1576 1683 1529 1636 1577 1684 1577 1684 1529 1636 1531 1638 1577 1684 1531 1638 1579 1686 1579 1686 1531 1638 1584 1691 1579 1686 1584 1691 1580 1687 1580 1687 1584 1691 1582 1689 1580 1687 1582 1689 1575 1682 1575 1682 1582 1689 1581 1688 1575 1682 1581 1688 1593 1700 1593 1700 1581 1688 1609 1716 1593 1700 1609 1716 1594 1701 1594 1701 1609 1716 1607 1714 1594 1701 1607 1714 1477 1584 1477 1584 1607 1714 1478 1585 1560 1667 1561 1668 1557 1664 1557 1664 1561 1668 1563 1670 1557 1664 1563 1670 1555 1662 1555 1662 1563 1670 1565 1672 1555 1662 1565 1672 1553 1660 1553 1660 1565 1672 1617 1724 1553 1660 1617 1724 1614 1721 1614 1721 1617 1724 1618 1725 1614 1721 1618 1725 1613 1720 1613 1720 1618 1725 1619 1726 1613 1720 1619 1726 1612 1719 1612 1719 1619 1726 1620 1727 1612 1719 1620 1727 1611 1718 1611 1718 1620 1727 1621 1728 1611 1718 1621 1728 1610 1717 1610 1717 1621 1728 1622 1729 1610 1717 1622 1729 1608 1715 1608 1715 1622 1729 1604 1711 1608 1715 1604 1711 1606 1713 1606 1713 1604 1711 1602 1709 1606 1713 1602 1709 1592 1699 1592 1699 1602 1709 1601 1708 1592 1699 1601 1708 1591 1698 1591 1698 1601 1708 1595 1702 1623 1730 1624 1731 1625 1732 1626 1733 1627 1734 1628 1735 1629 1736 1630 1737 1631 1738 1632 1739 1627 1734 1633 1740 1633 1740 1627 1734 1626 1733 1633 1740 1626 1733 1600 1707 1600 1707 1626 1733 1599 1706 1548 1655 1549 1656 1634 1741 1599 1706 1626 1733 1598 1705 1598 1705 1626 1733 1628 1735 1598 1705 1628 1735 1597 1704 1597 1704 1628 1735 1635 1742 1597 1704 1635 1742 1595 1702 1595 1702 1635 1742 1636 1743 1595 1702 1636 1743 1591 1698 656 331 654 329 1637 1744 1637 1744 654 329 1638 1745 1624 1731 1629 1736 1625 1732 1625 1732 1629 1736 1631 1738 1625 1732 1631 1738 1639 1746 1639 1746 1631 1738 1640 1747 1639 1746 1640 1747 1641 1748 1641 1748 1640 1747 1642 1749 1630 1737 1638 1745 1631 1738 1631 1738 1638 1745 654 329 1631 1738 654 329 1640 1747 1640 1747 654 329 653 328 1640 1747 653 328 1642 1749 1642 1749 653 328 1643 1750 1642 1749 1643 1750 1644 1751 1548 1655 1634 1741 1645 1752 1645 1752 1634 1741 1646 1753 1645 1752 1646 1753 1625 1732 1625 1732 1646 1753 1647 1754 1625 1732 1647 1754 1623 1730 1600 1707 1548 1655 1633 1740 1633 1740 1548 1655 1645 1752 1633 1740 1645 1752 1632 1739 1632 1739 1645 1752 1625 1732 1632 1739 1625 1732 1627 1734 1627 1734 1625 1732 1639 1746 1627 1734 1639 1746 1628 1735 1628 1735 1639 1746 1641 1748 1628 1735 1641 1748 1635 1742 1635 1742 1641 1748 1642 1749 1635 1742 1642 1749 1636 1743 1636 1743 1642 1749 1644 1751 1636 1743 1644 1751 1591 1698 1591 1698 1644 1751 1465 1572 1648 1755 1649 1756 1650 1757 1651 1758 1652 1759 1653 1760 1649 1756 1648 1755 1654 1761 1654 1761 1648 1755 1655 1762 1654 1761 1655 1762 1656 1763 1652 1759 1656 1763 1653 1760 1653 1760 1656 1763 1655 1762 1653 1760 1655 1762 1657 1764 1657 1764 1655 1762 1648 1755 1657 1764 1648 1755 1658 1765 1658 1765 1648 1755 1650 1757 1658 1765 1650 1757 1659 1766 1660 1767 1661 1768 1662 1769 1662 1769 1661 1768 1663 1770 1662 1769 1663 1770 1664 1771 1664 1771 1465 1572 1662 1769 1662 1769 1465 1572 1644 1751 1662 1769 1644 1751 1660 1767 649 324 651 326 1665 1772 1666 1773 1659 1766 1667 1774 1667 1774 1659 1766 1668 1775 1667 1774 1668 1775 1669 1776 1669 1776 1668 1775 1670 1777 1666 1773 1671 1778 1659 1766 1659 1766 1671 1778 1672 1779 1659 1766 1672 1779 1658 1765 1658 1765 1672 1779 1673 1780 1658 1765 1673 1780 1657 1764 1657 1764 1673 1780 1674 1781 1657 1764 1674 1781 1653 1760 1653 1760 1674 1781 1675 1782 1653 1760 1675 1782 1651 1758 1651 1758 1675 1782 1676 1783 653 328 649 324 1677 1784 1677 1784 1678 1785 653 328 653 328 1678 1785 1660 1767 653 328 1660 1767 1643 1750 1643 1750 1660 1767 1644 1751 1665 1772 1670 1777 649 324 649 324 1670 1777 1668 1775 649 324 1668 1775 1677 1784 1677 1784 1668 1775 1659 1766 1677 1784 1659 1766 1678 1785 1678 1785 1659 1766 1650 1757 1678 1785 1650 1757 1660 1767 1660 1767 1650 1757 1649 1756 1660 1767 1649 1756 1661 1768 1661 1768 1649 1756 1654 1761 1661 1768 1654 1761 1663 1770 1679 1786 1680 1787 1681 1788 1682 1789 1683 1790 1684 1791 1685 1792 1686 1793 1687 1794 1688 1795 1683 1790 1689 1796 1689 1796 1683 1790 1682 1789 1689 1796 1682 1789 1690 1797 1690 1797 1682 1789 1691 1798 1692 1799 1693 1800 1694 1801 1691 1798 1682 1789 1695 1802 1695 1802 1682 1789 1684 1791 1695 1802 1684 1791 1696 1803 1696 1803 1684 1791 1697 1804 1696 1803 1697 1804 1698 1805 1698 1805 1697 1804 1699 1806 1698 1805 1699 1806 1700 1807 1164 782 1163 781 1701 1808 1701 1808 1163 781 1702 1809 1680 1787 1685 1792 1681 1788 1681 1788 1685 1792 1687 1794 1681 1788 1687 1794 1703 1810 1703 1810 1687 1794 1704 1811 1703 1810 1704 1811 1705 1812 1705 1812 1704 1811 1706 1813 1686 1793 1702 1809 1687 1794 1687 1794 1702 1809 1163 781 1687 1794 1163 781 1704 1811 1704 1811 1163 781 1162 780 1704 1811 1162 780 1706 1813 1706 1813 1162 780 1707 1814 1706 1813 1707 1814 1708 1815 1692 1799 1694 1801 1709 1816 1709 1816 1694 1801 1710 1817 1709 1816 1710 1817 1681 1788 1681 1788 1710 1817 1711 1818 1681 1788 1711 1818 1679 1786 1690 1797 1692 1799 1689 1796 1689 1796 1692 1799 1709 1816 1689 1796 1709 1816 1688 1795 1688 1795 1709 1816 1681 1788 1688 1795 1681 1788 1683 1790 1683 1790 1681 1788 1703 1810 1683 1790 1703 1810 1684 1791 1684 1791 1703 1810 1705 1812 1684 1791 1705 1812 1697 1804 1697 1804 1705 1812 1706 1813 1697 1804 1706 1813 1699 1806 1699 1806 1706 1813 1708 1815 1699 1806 1708 1815 1700 1807 1700 1807 1708 1815 1712 1819 1713 1820 1714 1821 1715 1822 1714 1821 1713 1820 1716 1823 1716 1823 1713 1820 1717 1824 1716 1823 1717 1824 1718 1825 1719 1826 1720 1827 1721 1828 1721 1828 1720 1827 1722 1829 1721 1828 1722 1829 1723 1830 1719 1826 1718 1825 1720 1827 1720 1827 1718 1825 1717 1824 1720 1827 1717 1824 1724 1831 1724 1831 1717 1824 1713 1820 1724 1831 1713 1820 1725 1832 1725 1832 1713 1820 1715 1822 1725 1832 1715 1822 1726 1833 1727 1834 1728 1835 1729 1836 1729 1836 1728 1835 1730 1837 1729 1836 1730 1837 1731 1838 1731 1838 1712 1819 1729 1836 1729 1836 1712 1819 1708 1815 1729 1836 1708 1815 1727 1834 1732 1839 1726 1833 1733 1840 1733 1840 1726 1833 1734 1841 1733 1840 1734 1841 1735 1842 1735 1842 1734 1841 1736 1843 1732 1839 1737 1844 1726 1833 1726 1833 1737 1844 1738 1845 1726 1833 1738 1845 1725 1832 1725 1832 1738 1845 1739 1846 1725 1832 1739 1846 1724 1831 1724 1831 1739 1846 1740 1847 1724 1831 1740 1847 1720 1827 1720 1827 1740 1847 1741 1848 1720 1827 1741 1848 1722 1829 1162 780 1161 779 1742 1849 1742 1849 1743 1850 1162 780 1162 780 1743 1850 1727 1834 1162 780 1727 1834 1707 1814 1707 1814 1727 1834 1708 1815 1159 777 1736 1843 1161 779 1161 779 1736 1843 1734 1841 1161 779 1734 1841 1742 1849 1742 1849 1734 1841 1726 1833 1742 1849 1726 1833 1743 1850 1743 1850 1726 1833 1715 1822 1743 1850 1715 1822 1727 1834 1727 1834 1715 1822 1714 1821 1727 1834 1714 1821 1728 1835 1728 1835 1714 1821 1716 1823 1728 1835 1716 1823 1730 1837 1744 1851 1745 1852 1746 1853 1747 1854 1748 1855 1712 1819 1748 1855 1747 1854 1749 1856 1750 1857 1751 1858 1752 1859 1753 1860 1754 1861 1755 1862 1756 1863 1757 1864 1758 1865 1759 1866 1760 1867 1761 1868 1762 1869 1763 1870 1764 1871 1757 1864 1765 1872 1766 1873 1765 1872 1757 1864 1767 1874 1767 1874 1757 1864 1756 1863 1767 1874 1756 1863 1768 1875 1758 1865 1769 1876 1756 1863 1756 1863 1769 1876 1770 1877 1756 1863 1770 1877 1768 1875 1768 1875 1770 1877 1771 1878 1772 1879 1773 1880 1774 1881 1774 1881 1773 1880 1763 1870 1774 1881 1763 1870 1775 1882 1775 1882 1763 1870 1762 1869 1775 1882 1762 1869 1776 1883 1766 1873 1764 1871 1757 1864 1757 1864 1764 1871 1763 1870 1757 1864 1763 1870 1758 1865 1758 1865 1763 1870 1773 1880 1758 1865 1773 1880 1769 1876 1769 1876 1773 1880 1777 1884 1769 1876 1777 1884 1770 1877 1770 1877 1777 1884 1753 1860 1770 1877 1753 1860 1771 1878 1771 1878 1753 1860 1755 1862 1778 1885 1779 1886 1780 1887 1780 1887 1779 1886 1781 1888 1780 1887 1781 1888 1782 1889 1783 1890 1784 1891 1785 1892 1785 1892 1784 1891 1786 1893 1785 1892 1786 1893 1787 1894 1788 1895 1779 1886 1789 1896 1789 1896 1779 1886 1778 1885 1789 1896 1778 1885 1790 1897 1791 1898 1792 1899 1788 1895 1788 1895 1792 1899 1793 1900 1788 1895 1793 1900 1779 1886 1779 1886 1793 1900 1794 1901 1779 1886 1794 1901 1781 1888 1781 1888 1794 1901 1795 1902 1796 1903 1797 1904 1798 1905 1798 1905 1797 1904 1799 1906 1798 1905 1799 1906 1800 1907 1798 1905 1801 1908 1802 1909 1803 1910 1804 1911 1805 1912 1805 1912 1804 1911 1806 1913 1805 1912 1806 1913 1807 1914 1807 1914 1806 1913 1808 1915 1807 1914 1808 1915 1796 1903 1796 1903 1808 1915 1809 1916 1796 1903 1809 1916 1797 1904 1810 1917 1811 1918 1812 1919 1813 1920 1814 1921 1815 1922 1815 1922 1814 1921 1816 1923 1815 1922 1816 1923 1817 1924 1818 1925 1721 1828 1723 1830 1723 1830 1750 1857 1818 1925 1818 1925 1750 1857 1752 1859 1818 1925 1752 1859 1819 1926 1819 1926 1752 1859 1820 1927 1819 1926 1820 1927 1821 1928 1821 1928 1820 1927 1822 1929 1821 1928 1822 1929 1812 1919 1812 1919 1822 1929 1823 1930 1812 1919 1823 1930 1810 1917 1721 1828 1813 1920 1719 1826 1719 1826 1813 1920 1815 1922 1719 1826 1815 1922 1718 1825 1718 1825 1815 1922 1817 1924 1718 1825 1817 1924 1716 1823 1716 1823 1817 1924 1824 1931 1716 1823 1824 1931 1730 1837 1730 1837 1824 1931 1825 1932 1730 1837 1825 1932 1731 1838 1745 1852 1826 1933 1827 1934 1827 1934 1826 1933 1747 1854 1761 1868 1760 1867 1828 1935 1828 1935 1760 1867 1829 1936 1828 1935 1829 1936 1830 1937 1830 1937 1829 1936 1831 1938 1830 1937 1831 1938 1832 1939 1833 1940 1834 1941 1835 1942 1835 1942 1834 1941 1836 1943 1827 1934 1833 1940 1745 1852 1745 1852 1833 1940 1835 1942 1745 1852 1835 1942 1746 1853 1746 1853 1835 1942 1836 1943 1749 1856 1747 1854 1832 1939 1832 1939 1747 1854 1826 1933 1832 1939 1826 1933 1830 1937 1830 1937 1826 1933 1745 1852 1830 1937 1745 1852 1828 1935 1828 1935 1745 1852 1744 1851 1828 1935 1744 1851 1761 1868 1712 1819 1731 1838 1747 1854 1747 1854 1731 1838 1825 1932 1747 1854 1825 1932 1827 1934 1827 1934 1825 1932 1824 1931 1827 1934 1824 1931 1833 1940 1833 1940 1824 1931 1817 1924 1833 1940 1817 1924 1834 1941 1834 1941 1817 1924 1816 1923 1834 1941 1816 1923 1836 1943 1836 1943 1816 1923 1837 1944 1836 1943 1837 1944 1746 1853 1746 1853 1837 1944 1776 1883 1746 1853 1776 1883 1744 1851 1744 1851 1776 1883 1762 1869 1744 1851 1762 1869 1761 1868 1761 1868 1762 1869 1764 1871 1761 1868 1764 1871 1759 1866 1759 1866 1764 1871 1766 1873 1800 1907 837 495 1838 1945 1800 1907 1838 1945 1798 1905 1798 1905 1838 1945 1839 1946 1798 1905 1839 1946 1801 1908 1795 1902 1840 1947 1781 1888 1781 1888 1840 1947 1841 1948 1781 1888 1841 1948 1782 1889 1782 1889 1841 1948 1842 1949 1782 1889 1842 1949 1783 1890 1783 1890 1842 1949 1843 1950 1783 1890 1843 1950 1784 1891 1844 1951 1803 1910 1845 1952 1845 1952 1803 1910 1805 1912 1845 1952 1805 1912 1791 1898 1791 1898 1805 1912 1807 1914 1791 1898 1807 1914 1792 1899 1792 1899 1807 1914 1796 1903 1792 1899 1796 1903 1793 1900 1793 1900 1796 1903 1798 1905 1793 1900 1798 1905 1794 1901 1794 1901 1798 1905 1802 1909 1794 1901 1802 1909 1795 1902 1751 1858 1844 1951 1752 1859 1752 1859 1844 1951 1845 1952 1752 1859 1845 1952 1820 1927 1820 1927 1845 1952 1791 1898 1820 1927 1791 1898 1822 1929 1822 1929 1791 1898 1788 1895 1822 1929 1788 1895 1823 1930 1823 1930 1788 1895 1789 1896 1823 1930 1789 1896 1810 1917 1810 1917 1789 1896 1790 1897 1810 1917 1790 1897 1811 1918 1721 1828 1818 1925 1813 1920 1813 1920 1818 1925 1819 1926 1813 1920 1819 1926 1814 1921 1814 1921 1819 1926 1821 1928 1814 1921 1821 1928 1816 1923 1816 1923 1821 1928 1812 1919 1816 1923 1812 1919 1837 1944 1837 1944 1812 1919 1811 1918 1837 1944 1811 1918 1776 1883 1776 1883 1811 1918 1790 1897 1776 1883 1790 1897 1775 1882 1775 1882 1790 1897 1778 1885 1775 1882 1778 1885 1774 1881 1774 1881 1778 1885 1780 1887 1774 1881 1780 1887 1772 1879 1772 1879 1780 1887 1782 1889 1772 1879 1782 1889 1773 1880 1773 1880 1782 1889 1783 1890 1773 1880 1783 1890 1777 1884 1777 1884 1783 1890 1785 1892 1777 1884 1785 1892 1753 1860 1753 1860 1785 1892 1787 1894 1753 1860 1787 1894 1754 1861 1846 1953 1847 1954 1848 1955 1849 1956 1850 1957 1851 1958 1852 1959 1853 1960 1854 1961 1848 1955 1847 1954 1855 1962 627 302 625 300 1856 1963 1857 1964 1858 1965 1856 1963 1856 1963 625 300 1859 1966 1859 1966 625 300 624 299 1859 1966 624 299 516 191 1829 1936 1760 1867 1860 1967 1860 1967 1760 1867 1759 1866 1860 1967 1759 1866 1861 1968 1861 1968 1759 1866 1862 1969 1862 1969 1759 1866 1766 1873 1862 1969 1766 1873 1765 1872 1863 1970 1862 1969 1864 1971 1864 1971 1862 1969 1765 1872 1864 1971 1765 1872 1767 1874 1771 1878 1755 1862 1865 1972 1771 1878 1865 1972 1866 1973 1867 1974 1863 1970 1868 1975 1868 1975 1863 1970 1864 1971 1868 1975 1864 1971 1869 1976 1869 1976 1864 1971 1767 1874 1869 1976 1767 1874 1768 1875 1865 1972 1870 1977 1866 1973 1866 1973 1870 1977 1871 1978 1866 1973 1871 1978 1872 1979 1854 1961 1853 1960 1873 1980 1847 1954 1873 1980 1855 1962 1855 1962 1873 1980 1853 1960 1855 1962 1853 1960 1874 1981 1874 1981 1853 1960 1852 1959 1874 1981 1852 1959 1875 1982 1875 1982 1852 1959 1867 1974 1829 1936 1860 1967 1831 1938 1831 1938 1860 1967 1876 1983 1831 1938 1876 1983 1832 1939 1712 1819 1748 1855 1851 1958 1851 1958 1748 1855 1749 1856 1851 1958 1749 1856 1832 1939 1712 1819 1851 1958 1877 1984 1877 1984 1851 1958 1850 1957 1877 1984 1850 1957 1878 1985 1878 1985 1850 1957 621 296 1878 1985 621 296 613 288 1867 1974 1852 1959 1863 1970 1863 1970 1852 1959 1854 1961 1863 1970 1854 1961 1862 1969 1862 1969 1854 1961 1873 1980 1862 1969 1873 1980 1861 1968 1861 1968 1873 1980 1847 1954 1861 1968 1847 1954 1860 1967 1860 1967 1847 1954 1846 1953 1860 1967 1846 1953 1876 1983 1879 1986 1880 1987 1857 1964 1857 1964 1880 1987 1881 1988 1857 1964 1881 1988 1858 1965 1858 1965 1881 1988 1882 1989 1858 1965 1882 1989 1883 1990 627 302 1856 1963 629 304 629 304 1856 1963 1858 1965 629 304 1858 1965 630 305 630 305 1858 1965 1883 1990 630 305 1883 1990 632 307 516 191 515 190 1859 1966 1859 1966 515 190 615 290 1859 1966 615 290 1849 1956 1849 1956 615 290 617 292 1849 1956 617 292 1850 1957 1850 1957 617 292 619 294 1850 1957 619 294 621 296 1871 1978 1884 1991 1872 1979 1872 1979 1884 1991 1885 1992 1872 1979 1885 1992 1886 1993 1886 1993 1885 1992 1887 1994 1886 1993 1887 1994 1879 1986 1832 1939 1876 1983 1851 1958 1851 1958 1876 1983 1846 1953 1851 1958 1846 1953 1849 1956 1849 1956 1846 1953 1848 1955 1849 1956 1848 1955 1859 1966 1859 1966 1848 1955 1855 1962 1859 1966 1855 1962 1856 1963 1856 1963 1855 1962 1874 1981 1856 1963 1874 1981 1857 1964 1857 1964 1874 1981 1875 1982 1857 1964 1875 1982 1879 1986 1879 1986 1875 1982 1867 1974 1879 1986 1867 1974 1886 1993 1886 1993 1867 1974 1868 1975 1886 1993 1868 1975 1872 1979 1872 1979 1868 1975 1869 1976 1872 1979 1869 1976 1866 1973 1866 1973 1869 1976 1768 1875 1866 1973 1768 1875 1771 1878 1888 1995 1889 1996 1890 1997 1891 1998 1892 1999 1893 2000 1877 1984 1878 1985 1894 2001 1895 2002 1896 2003 1897 2004 1898 2005 1899 2006 1900 2007 1893 2000 1892 1999 1901 2008 596 271 594 269 1893 2000 1888 1995 1902 2009 1903 2010 1904 2011 1905 2012 1906 2013 1906 2013 1905 2012 1907 2014 1908 2015 1909 2016 1910 2017 1910 2017 1909 2016 1911 2018 1911 2018 1909 2016 1912 2019 1911 2018 1912 2019 1913 2020 1889 1996 1888 1995 1914 2021 1914 2021 1888 1995 1903 2010 1914 2021 1903 2010 1904 2011 1904 2011 1906 2013 1914 2021 1914 2021 1906 2013 1915 2022 1914 2021 1915 2022 1889 1996 1889 1996 1915 2022 1916 2023 1889 1996 1916 2023 1890 1997 1890 1997 1916 2023 1899 2006 1890 1997 1899 2006 1901 2008 1901 2008 1899 2006 1898 2005 1901 2008 1898 2005 1893 2000 607 282 602 277 1900 2007 1900 2007 602 277 600 275 1900 2007 600 275 1898 2005 1898 2005 600 275 599 274 1898 2005 599 274 1893 2000 1893 2000 599 274 597 272 1893 2000 597 272 596 271 1878 1985 613 288 1894 2001 1894 2001 613 288 611 286 1894 2001 611 286 1917 2024 1917 2024 611 286 609 284 1912 2019 1918 2025 1913 2020 1913 2020 1918 2025 1919 2026 1913 2020 1919 2026 1920 2027 1920 2027 1919 2026 1921 2028 1920 2027 1921 2028 1922 2029 1922 2029 1921 2028 1923 2030 1922 2029 1923 2030 1895 2002 1924 2031 1925 2032 1926 2033 1926 2033 1925 2032 1927 2034 1896 2003 1926 2033 1897 2004 1897 2004 1926 2033 1927 2034 1897 2004 1927 2034 1928 2035 1928 2035 1927 2034 1929 2036 1928 2035 1929 2036 1930 2037 1930 2037 1929 2036 1931 2038 1930 2037 1931 2038 1932 2039 1932 2039 1931 2038 1933 2040 1932 2039 1933 2040 1934 2041 1895 2002 1897 2004 1922 2029 1922 2029 1897 2004 1928 2035 1922 2029 1928 2035 1920 2027 1920 2027 1928 2035 1930 2037 1920 2027 1930 2037 1913 2020 1913 2020 1930 2037 1932 2039 1913 2020 1932 2039 1911 2018 1911 2018 1932 2039 1934 2041 1911 2018 1934 2041 1910 2017 1891 1998 1893 2000 1935 2042 1935 2042 1893 2000 594 269 1935 2042 594 269 593 268 1892 1999 1936 2043 1901 2008 1901 2008 1936 2043 1937 2044 1901 2008 1937 2044 1890 1997 1890 1997 1937 2044 1938 2045 1890 1997 1938 2045 1888 1995 1888 1995 1938 2045 1939 2046 1888 1995 1939 2046 1902 2009 609 284 608 283 1917 2024 1917 2024 608 283 604 279 1917 2024 604 279 1900 2007 1900 2007 604 279 606 281 1900 2007 606 281 607 282 1907 2014 1908 2015 1906 2013 1906 2013 1908 2015 1910 2017 1906 2013 1910 2017 1915 2022 1915 2022 1910 2017 1934 2041 1915 2022 1934 2041 1916 2023 1916 2023 1934 2041 1933 2040 1916 2023 1933 2040 1899 2006 1899 2006 1933 2040 1931 2038 1899 2006 1931 2038 1900 2007 1900 2007 1931 2038 1929 2036 1900 2007 1929 2036 1917 2024 1917 2024 1929 2036 1927 2034 1917 2024 1927 2034 1894 2001 1894 2001 1927 2034 1925 2032 1894 2001 1925 2032 1877 1984 1877 1984 1925 2032 1924 2031 1877 1984 1924 2031 1712 1819 1149 767 1151 769 1940 2047 1022 649 1009 637 1941 2048 1941 2048 1009 637 1025 652 1941 2048 1025 652 724 394 1149 767 1940 2047 1942 2049 1942 2049 1940 2047 1943 2050 1942 2049 1943 2050 1944 2051 1944 2051 1943 2050 1945 2052 1944 2051 1945 2052 1946 2053 1946 2053 1945 2052 1947 2054 1946 2053 1947 2054 1948 2055 1948 2055 1947 2054 1941 2048 1948 2055 1941 2048 1949 2056 1949 2056 1941 2048 724 394 1949 2056 724 394 710 380 1168 834 1419 1526 1950 2057 1950 2057 1419 1526 1951 2058 1950 2057 1951 2058 1952 2059 1952 2059 1951 2058 1953 2060 1952 2059 1953 2060 1954 2061 1954 2061 1953 2060 1955 2062 1954 2061 1955 2062 1956 2063 1956 2063 1955 2062 1957 2064 1956 2063 1957 2064 1958 2065 1958 2065 1957 2064 1959 2066 1958 2065 1959 2066 714 384 714 384 1959 2066 712 382 1419 1526 1149 767 1951 2058 1951 2058 1149 767 1942 2049 1951 2058 1942 2049 1953 2060 1953 2060 1942 2049 1944 2051 1953 2060 1944 2051 1955 2062 1955 2062 1944 2051 1946 2053 1955 2062 1946 2053 1957 2064 1957 2064 1946 2053 1948 2055 1957 2064 1948 2055 1959 2066 1959 2066 1948 2055 1949 2056 1959 2066 1949 2056 712 382 712 382 1949 2056 710 380 1182 848 1960 2067 1202 868 1202 868 1960 2067 1961 2068 1202 868 1961 2068 1200 866 1200 866 1961 2068 1198 864 1960 2067 1962 2069 1961 2068 1961 2068 1962 2069 1963 2070 1961 2068 1963 2070 1964 2071 1963 2070 1965 2072 1964 2071 1964 2071 1965 2072 1966 2073 1964 2071 1966 2073 1967 2074 1966 2073 1968 2075 1967 2074 1967 2074 1968 2075 1969 2076 1967 2074 1969 2076 1970 2077 1940 2047 1971 2078 1943 2050 1943 2050 1971 2078 1972 2079 1943 2050 1972 2079 1945 2052 1945 2052 1972 2079 1973 2080 1945 2052 1973 2080 1947 2054 1947 2054 1973 2080 1974 2081 1947 2054 1974 2081 1941 2048 1941 2048 1974 2081 1975 2082 1941 2048 1975 2082 1022 649 1976 2083 1975 2082 1970 2077 1970 2077 1975 2082 1974 2081 1970 2077 1974 2081 1967 2074 1967 2074 1974 2081 1973 2080 1967 2074 1973 2080 1964 2071 1964 2071 1973 2080 1972 2079 1964 2071 1972 2079 1961 2068 1961 2068 1972 2079 1971 2078 1961 2068 1971 2078 1198 864 1198 864 1971 2078 1940 2047 1198 864 1940 2047 1151 769 1969 2076 1977 2084 1970 2077 1970 2077 1977 2084 1978 2085 1970 2077 1978 2085 1976 2083 1976 2083 1978 2085 1979 2086 1976 2083 1979 2086 1980 2087 1022 649 1975 2082 1023 650 1023 650 1975 2082 1976 2083 1023 650 1976 2083 1024 651 1024 651 1976 2083 1980 2087 1024 651 1980 2087 1020 647 714 384 715 385 1981 2088 714 384 1981 2088 1958 2065 1958 2065 1981 2088 1982 2089 1958 2065 1982 2089 1956 2063 1956 2063 1982 2089 1983 2090 1956 2063 1983 2090 1954 2061 1954 2061 1983 2090 1984 2091 1954 2061 1984 2091 1952 2059 1952 2059 1984 2091 1985 2092 1952 2059 1985 2092 1950 2057 1950 2057 1985 2092 1166 832 1950 2057 1166 832 1168 834 993 624 1020 647 1980 2087 1182 848 1184 850 1986 2093 994 625 993 624 1987 2094 1987 2094 993 624 1980 2087 1987 2094 1980 2087 1988 2095 1988 2095 1980 2087 1979 2086 1988 2095 1979 2086 1989 2096 1989 2096 1979 2086 1978 2085 1989 2096 1978 2085 1990 2097 1990 2097 1978 2085 1977 2084 1990 2097 1977 2084 1991 2098 1991 2098 1977 2084 1969 2076 1991 2098 1969 2076 1992 2099 1992 2099 1969 2076 1968 2075 1992 2099 1968 2075 1993 2100 1993 2100 1968 2075 1966 2073 1993 2100 1966 2073 1994 2101 1994 2101 1966 2073 1965 2072 1994 2101 1965 2072 1995 2102 1995 2102 1965 2072 1963 2070 1995 2102 1963 2070 1996 2103 1996 2103 1963 2070 1962 2069 1996 2103 1962 2069 1986 2093 1986 2093 1962 2069 1960 2067 1986 2093 1960 2067 1182 848 1147 765 1416 1523 1997 2104 1997 2104 1416 1523 1998 2105 1997 2104 1998 2105 1999 2106 1999 2106 1998 2105 2000 2107 1999 2106 2000 2107 2001 2108 2001 2108 2000 2107 2002 2109 2001 2108 2002 2109 2003 2110 2003 2110 2002 2109 2004 2111 2003 2110 2004 2111 2005 2112 2005 2112 2004 2111 2006 2113 2005 2112 2006 2113 1039 666 1039 666 2006 2113 1037 664 1416 1523 1166 832 1998 2105 1998 2105 1166 832 1985 2092 1998 2105 1985 2092 2000 2107 2000 2107 1985 2092 1984 2091 2000 2107 1984 2091 2002 2109 2002 2109 1984 2091 1983 2090 2002 2109 1983 2090 2004 2111 2004 2111 1983 2090 1982 2089 2004 2111 1982 2089 2006 2113 2006 2113 1982 2089 1981 2088 2006 2113 1981 2088 1037 664 1037 664 1981 2088 715 385 1220 886 1222 888 2007 2114 1212 878 1214 880 2008 2115 1184 850 1210 876 1986 2093 1986 2093 1210 876 2009 2116 1986 2093 2009 2116 1996 2103 1220 886 2007 2114 1218 884 1996 2103 2009 2116 1995 2102 1995 2102 2009 2116 2010 2117 1995 2102 2010 2117 1994 2101 1994 2101 2010 2117 1993 2100 1993 2100 2010 2117 2011 2118 1993 2100 2011 2118 1992 2099 1992 2099 2011 2118 1991 2098 1991 2098 2011 2118 2012 2119 1991 2098 2012 2119 1990 2097 1990 2097 2012 2119 1989 2096 1989 2096 2012 2119 2013 2120 1989 2096 2013 2120 1988 2095 995 626 994 625 1987 2094 1988 2095 2013 2120 1987 2094 1987 2094 2013 2120 988 619 1987 2094 988 619 995 626 1210 876 1212 878 2009 2116 2009 2116 1212 878 2008 2115 2009 2116 2008 2115 2010 2117 2010 2117 2008 2115 2014 2121 2010 2117 2014 2121 2011 2118 2011 2118 2014 2121 2015 2122 2011 2118 2015 2122 2012 2119 2012 2119 2015 2122 2016 2123 2012 2119 2016 2123 2013 2120 2013 2120 2016 2123 2017 2124 2013 2120 2017 2124 988 619 988 619 2017 2124 989 620 1214 880 1216 882 2008 2115 2008 2115 1216 882 2018 2125 2008 2115 2018 2125 2014 2121 2014 2121 2018 2125 2019 2126 2014 2121 2019 2126 2015 2122 2015 2122 2019 2126 2020 2127 2015 2122 2020 2127 2016 2123 2016 2123 2020 2127 2021 2128 2016 2123 2021 2128 2017 2124 2017 2124 2021 2128 2022 2129 2017 2124 2022 2129 989 620 989 620 2022 2129 991 622 1216 882 1218 884 2018 2125 2018 2125 1218 884 2007 2114 2018 2125 2007 2114 2019 2126 2019 2126 2007 2114 2023 2130 2019 2126 2023 2130 2020 2127 2020 2127 2023 2130 2024 2131 2020 2127 2024 2131 2021 2128 2021 2128 2024 2131 2025 2132 2021 2128 2025 2132 2022 2129 2022 2129 2025 2132 2026 2133 2022 2129 2026 2133 991 622 991 622 2026 2133 992 623 1222 888 1194 860 2007 2114 2007 2114 1194 860 2027 2134 2007 2114 2027 2134 2023 2130 2023 2130 2027 2134 2028 2135 2023 2130 2028 2135 2024 2131 2024 2131 2028 2135 2029 2136 2024 2131 2029 2136 2025 2132 2025 2132 2029 2136 2030 2137 2025 2132 2030 2137 2026 2133 2026 2133 2030 2137 2031 2138 2026 2133 2031 2138 992 623 992 623 2031 2138 990 621 861 518 871 526 2032 2139 1145 763 1147 765 1997 2104 1145 763 1997 2104 2033 2140 2033 2140 1997 2104 1999 2106 2033 2140 1999 2106 2034 2141 2034 2141 1999 2106 2001 2108 2034 2141 2001 2108 2035 2142 2035 2142 2001 2108 2003 2110 2035 2142 2003 2110 2036 2143 2036 2143 2003 2110 2005 2112 2036 2143 2005 2112 2032 2139 2005 2112 1039 666 1041 668 2005 2112 1041 668 2032 2139 2032 2139 1041 668 1031 658 2032 2139 1031 658 861 518 754 424 990 621 2031 2138 1196 862 2037 2144 1194 860 1194 860 2037 2144 2027 2134 2037 2144 2038 2145 2027 2134 2027 2134 2038 2145 2039 2146 2027 2134 2039 2146 2028 2135 2039 2146 2040 2147 2028 2135 2028 2135 2040 2147 2041 2148 2028 2135 2041 2148 2029 2136 2041 2148 2042 2149 2029 2136 2029 2136 2042 2149 2043 2150 2029 2136 2043 2150 2030 2137 982 613 768 438 2044 2151 2044 2151 768 438 2045 2152 754 424 2031 2138 746 416 2043 2150 2046 2153 2030 2137 2030 2137 2046 2153 2047 2154 2030 2137 2047 2154 2031 2138 2031 2138 2047 2154 2045 2152 2031 2138 2045 2152 746 416 746 416 2045 2152 768 438 841 499 840 498 2048 2155 1235 901 1233 899 2049 2156 2050 2157 2051 2158 2052 2159 1235 901 2049 2156 1237 903 2051 2158 2050 2157 2053 2160 2053 2160 2050 2157 2054 2161 2053 2160 2054 2161 2055 2162 2055 2162 2054 2161 2056 2163 2056 2163 2054 2161 2057 2164 2056 2163 2057 2164 2058 2165 2058 2165 2057 2164 2059 2166 2059 2166 2057 2164 2060 2167 2059 2166 2060 2167 2061 2168 2061 2168 2060 2167 2062 2169 2062 2169 2060 2167 2063 2170 2062 2169 2063 2170 2064 2171 2064 2171 2063 2170 2065 2172 2065 2172 2063 2170 846 504 2065 2172 846 504 852 509 840 498 846 504 2048 2155 2048 2155 846 504 2063 2170 2048 2155 2063 2170 2066 2173 2066 2173 2063 2170 2060 2167 2066 2173 2060 2167 2067 2174 2067 2174 2060 2167 2057 2164 2067 2174 2057 2164 2068 2175 2068 2175 2057 2164 2054 2161 2068 2175 2054 2161 2049 2156 2049 2156 2054 2161 2050 2157 2049 2156 2050 2157 1237 903 1237 903 2050 2157 2052 2159 1237 903 2052 2159 1176 842 871 526 841 499 2032 2139 2032 2139 841 499 2048 2155 2032 2139 2048 2155 2036 2143 2036 2143 2048 2155 2066 2173 2036 2143 2066 2173 2035 2142 2035 2142 2066 2173 2067 2174 2035 2142 2067 2174 2034 2141 2034 2141 2067 2174 2068 2175 2034 2141 2068 2175 2033 2140 2033 2140 2068 2175 2049 2156 2033 2140 2049 2156 1145 763 1145 763 2049 2156 1233 899 2069 2176 1231 897 1186 852 1196 862 1225 891 2037 2144 2037 2144 1225 891 2070 2177 2037 2144 2070 2177 2038 2145 2038 2145 2070 2177 2071 2178 1186 852 2072 2179 2069 2176 2069 2176 2072 2179 2073 2180 2069 2176 2073 2180 2074 2181 2075 2182 2040 2147 2071 2178 2071 2178 2040 2147 2039 2146 2071 2178 2039 2146 2038 2145 2073 2180 2076 2183 2074 2181 2074 2181 2076 2183 2077 2184 2074 2181 2077 2184 2078 2185 2079 2186 2042 2149 2075 2182 2075 2182 2042 2149 2041 2148 2075 2182 2041 2148 2040 2147 2077 2184 2080 2187 2078 2185 2078 2185 2080 2187 2081 2188 2078 2185 2081 2188 2082 2189 2045 2152 2047 2154 2083 2190 2083 2190 2047 2154 2046 2153 2083 2190 2046 2153 2079 2186 2079 2186 2046 2153 2043 2150 2079 2186 2043 2150 2042 2149 1225 891 1227 893 2070 2177 2070 2177 1227 893 2084 2191 2070 2177 2084 2191 2071 2178 2071 2178 2084 2191 2085 2192 2071 2178 2085 2192 2075 2182 2075 2182 2085 2192 2086 2193 2075 2182 2086 2193 2079 2186 2079 2186 2086 2193 2087 2194 2079 2186 2087 2194 2083 2190 2083 2190 2087 2194 2088 2195 1227 893 1229 895 2084 2191 2084 2191 1229 895 2089 2196 2084 2191 2089 2196 2085 2192 2085 2192 2089 2196 2090 2197 2085 2192 2090 2197 2086 2193 2086 2193 2090 2197 2091 2198 2086 2193 2091 2198 2087 2194 2087 2194 2091 2198 2092 2199 2087 2194 2092 2199 2088 2195 2088 2195 2092 2199 2093 2200 1229 895 1231 897 2089 2196 2089 2196 1231 897 2069 2176 2089 2196 2069 2176 2090 2197 2090 2197 2069 2176 2074 2181 2090 2197 2074 2181 2091 2198 2091 2198 2074 2181 2078 2185 2091 2198 2078 2185 2092 2199 2092 2199 2078 2185 2082 2189 2092 2199 2082 2189 2093 2200 2093 2200 2082 2189 2094 2201 982 613 2044 2151 2095 2202 2095 2202 2044 2151 2045 2152 2081 2188 2096 2203 2082 2189 2082 2189 2096 2203 2097 2204 2082 2189 2097 2204 2094 2201 2094 2201 2097 2204 2098 2205 2094 2201 2098 2205 2099 2206 2045 2152 2083 2190 2095 2202 2095 2202 2083 2190 2088 2195 2095 2202 2088 2195 2100 2207 2100 2207 2088 2195 2093 2200 2100 2207 2093 2200 2101 2208 2101 2208 2093 2200 2094 2201 2101 2208 2094 2201 2102 2209 2102 2209 2094 2201 2099 2206 2102 2209 2099 2206 2103 2210 982 613 2095 2202 983 614 983 614 2095 2202 2100 2207 983 614 2100 2207 984 615 984 615 2100 2207 2101 2208 984 615 2101 2208 985 616 985 616 2101 2208 2102 2209 985 616 2102 2209 986 617 986 617 2102 2209 2103 2210 986 617 2103 2210 987 618 1045 672 1044 671 2104 2211 1174 840 1176 842 2052 2159 2065 2172 852 509 661 336 661 336 1045 672 2065 2172 2065 2172 1045 672 2104 2211 2065 2172 2104 2211 2064 2171 2064 2171 2104 2211 2105 2212 2064 2171 2105 2212 2062 2169 2062 2169 2105 2212 2106 2213 2062 2169 2106 2213 2061 2168 2061 2168 2106 2213 2107 2214 2061 2168 2107 2214 2059 2166 2059 2166 2107 2214 2108 2215 2059 2166 2108 2215 2058 2165 2058 2165 2108 2215 2109 2216 2058 2165 2109 2216 2056 2163 2056 2163 2109 2216 2110 2217 2056 2163 2110 2217 2055 2162 2055 2162 2110 2217 2111 2218 2055 2162 2111 2218 2053 2160 2053 2160 2111 2218 2112 2219 2053 2160 2112 2219 2051 2158 2051 2158 2112 2219 2113 2220 2051 2158 2113 2220 2052 2159 2052 2159 2113 2220 2114 2221 2052 2159 2114 2221 1174 840 2115 2222 2076 2183 2116 2223 2116 2223 2076 2183 2073 2180 2116 2223 2073 2180 1188 854 1188 854 2073 2180 2072 2179 1188 854 2072 2179 1186 852 2117 2224 2080 2187 2115 2222 2115 2222 2080 2187 2077 2184 2115 2222 2077 2184 2076 2183 2118 2225 2096 2203 2117 2224 2117 2224 2096 2203 2081 2188 2117 2224 2081 2188 2080 2187 2103 2210 2099 2206 2119 2226 2119 2226 2099 2206 2098 2205 2119 2226 2098 2205 2118 2225 2118 2225 2098 2205 2097 2204 2118 2225 2097 2204 2096 2203 2119 2226 980 611 979 610 979 610 978 609 2119 2226 2119 2226 978 609 977 608 2119 2226 977 608 2103 2210 2103 2210 977 608 981 612 2103 2210 981 612 987 618 659 334 658 333 2120 2227 1192 858 1238 904 2121 2228 2121 2228 1238 904 2122 2229 2121 2228 2122 2229 2123 2230 1242 908 1244 910 2124 2231 1174 840 2114 2221 1250 916 1250 916 2114 2221 2125 2232 1250 916 2125 2232 1248 914 1248 914 2125 2232 1246 912 2123 2230 2122 2229 2126 2233 2126 2233 2122 2229 2127 2234 2126 2233 2127 2234 2128 2235 2114 2221 2113 2220 2125 2232 2125 2232 2113 2220 2112 2219 2125 2232 2112 2219 2129 2236 2128 2235 2127 2234 2130 2237 2130 2237 2127 2234 2131 2238 2130 2237 2131 2238 2132 2239 2112 2219 2111 2218 2129 2236 2129 2236 2111 2218 2110 2217 2129 2236 2110 2217 2133 2240 2132 2239 2131 2238 2134 2241 2134 2241 2131 2238 2135 2242 2134 2241 2135 2242 2136 2243 2110 2217 2109 2216 2133 2240 2133 2240 2109 2216 2108 2215 2133 2240 2108 2215 2137 2244 2136 2243 2135 2242 2138 2245 2138 2245 2135 2242 2139 2246 2138 2245 2139 2246 2140 2247 2140 2247 2139 2246 2141 2248 2141 2248 2139 2246 1048 675 2141 2248 1048 675 1047 674 1238 904 1240 906 2122 2229 2122 2229 1240 906 2142 2249 2122 2229 2142 2249 2127 2234 2127 2234 2142 2249 2143 2250 2127 2234 2143 2250 2131 2238 2131 2238 2143 2250 2144 2251 2131 2238 2144 2251 2135 2242 2135 2242 2144 2251 2145 2252 2135 2242 2145 2252 2139 2246 2139 2246 2145 2252 2146 2253 2139 2246 2146 2253 1048 675 1048 675 2146 2253 1049 676 1240 906 1242 908 2142 2249 2142 2249 1242 908 2124 2231 2142 2249 2124 2231 2143 2250 2143 2250 2124 2231 2147 2254 2143 2250 2147 2254 2144 2251 2144 2251 2147 2254 2148 2255 2144 2251 2148 2255 2145 2252 2145 2252 2148 2255 2149 2256 2145 2252 2149 2256 2146 2253 2146 2253 2149 2256 2150 2257 2146 2253 2150 2257 1049 676 1049 676 2150 2257 1050 677 1244 910 1246 912 2124 2231 2124 2231 1246 912 2125 2232 2124 2231 2125 2232 2147 2254 2147 2254 2125 2232 2129 2236 2147 2254 2129 2236 2148 2255 2148 2255 2129 2236 2133 2240 2148 2255 2133 2240 2149 2256 2149 2256 2133 2240 2137 2244 2149 2256 2137 2244 2150 2257 2150 2257 2137 2244 2120 2227 2150 2257 2120 2227 1050 677 1050 677 2120 2227 658 333 2108 2215 2107 2214 2137 2244 2137 2244 2107 2214 2106 2213 2137 2244 2106 2213 2120 2227 2120 2227 2106 2213 2105 2212 2120 2227 2105 2212 659 334 659 334 2105 2212 2104 2211 659 334 2104 2211 1044 671 1207 873 1205 871 2151 2258 1188 854 1209 875 2116 2223 2116 2223 1209 875 2152 2259 2116 2223 2152 2259 2115 2222 2115 2222 2152 2259 2153 2260 2115 2222 2153 2260 2117 2224 2117 2224 2153 2260 2154 2261 2117 2224 2154 2261 2118 2225 2118 2225 2154 2261 2155 2262 2118 2225 2155 2262 2119 2226 2119 2226 2155 2262 2156 2263 2119 2226 2156 2263 980 611 980 611 2156 2263 973 604 1209 875 1207 873 2152 2259 2152 2259 1207 873 2151 2258 2152 2259 2151 2258 2153 2260 2153 2260 2151 2258 2157 2264 2153 2260 2157 2264 2154 2261 2154 2261 2157 2264 2158 2265 2154 2261 2158 2265 2155 2262 2155 2262 2158 2265 2159 2266 2155 2262 2159 2266 2156 2263 2156 2263 2159 2266 2160 2267 2156 2263 2160 2267 973 604 973 604 2160 2267 974 605 1205 871 1153 771 2151 2258 2151 2258 1153 771 2161 2268 2151 2258 2161 2268 2157 2264 2157 2264 2161 2268 2162 2269 2157 2264 2162 2269 2158 2265 2158 2265 2162 2269 2163 2270 2158 2265 2163 2270 2159 2266 2159 2266 2163 2270 2164 2271 2159 2266 2164 2271 2160 2267 2160 2267 2164 2271 2165 2272 2160 2267 2165 2272 974 605 974 605 2165 2272 975 606 1190 856 1192 858 2121 2228 2123 2230 2166 2273 2121 2228 2121 2228 2166 2273 2167 2274 2121 2228 2167 2274 1190 856 2123 2230 2126 2233 2166 2273 2166 2273 2126 2233 2128 2235 2166 2273 2128 2235 2168 2275 2128 2235 2130 2237 2168 2275 2168 2275 2130 2237 2132 2239 2168 2275 2132 2239 2169 2276 2132 2239 2134 2241 2169 2276 2169 2276 2134 2241 2136 2243 2169 2276 2136 2243 2170 2277 2141 2248 1047 674 1046 673 1136 754 896 543 2171 2278 2171 2278 896 543 898 545 2171 2278 898 545 1056 683 1046 673 1136 754 2141 2248 2141 2248 1136 754 2171 2278 2141 2248 2171 2278 2140 2247 2140 2247 2171 2278 2170 2277 2140 2247 2170 2277 2138 2245 2138 2245 2170 2277 2136 2243 976 607 975 606 2165 2272 1153 771 1155 773 2172 2279 2173 2280 971 602 970 601 1153 771 2172 2279 2161 2268 2161 2268 2172 2279 2174 2281 2161 2268 2174 2281 2162 2269 2162 2269 2174 2281 2175 2282 2162 2269 2175 2282 2163 2270 2163 2270 2175 2282 2176 2283 2163 2270 2176 2283 2164 2271 2164 2271 2176 2283 2173 2280 2164 2271 2173 2280 2165 2272 2165 2272 2173 2280 970 601 2165 2272 970 601 976 607 1180 846 1253 919 2177 2284 2177 2284 1253 919 2178 2285 2177 2284 2178 2285 2179 2286 2179 2286 2178 2285 2180 2287 2179 2286 2180 2287 2181 2288 2181 2288 2180 2287 2182 2289 2181 2288 2182 2289 2183 2290 2183 2290 2182 2289 2184 2291 2183 2290 2184 2291 2185 2292 2185 2292 2184 2291 2186 2293 2185 2292 2186 2293 2187 2294 2187 2294 2186 2293 2188 2295 2187 2294 2188 2295 1051 678 1051 678 2188 2295 1052 679 1253 919 1255 921 2178 2285 2178 2285 1255 921 2189 2296 2178 2285 2189 2296 2180 2287 2180 2287 2189 2296 2190 2297 2180 2287 2190 2297 2182 2289 2182 2289 2190 2297 2191 2298 2182 2289 2191 2298 2184 2291 2184 2291 2191 2298 2192 2299 2184 2291 2192 2299 2186 2293 2186 2293 2192 2299 2193 2300 2186 2293 2193 2300 2188 2295 2188 2295 2193 2300 2194 2301 2188 2295 2194 2301 1052 679 1052 679 2194 2301 1053 680 1255 921 1257 923 2189 2296 2189 2296 1257 923 2195 2302 2189 2296 2195 2302 2190 2297 2190 2297 2195 2302 2196 2303 2190 2297 2196 2303 2191 2298 2191 2298 2196 2303 2197 2304 2191 2298 2197 2304 2192 2299 2192 2299 2197 2304 2198 2305 2192 2299 2198 2305 2193 2300 2193 2300 2198 2305 2199 2306 2193 2300 2199 2306 2194 2301 2194 2301 2199 2306 2200 2307 2194 2301 2200 2307 1053 680 1053 680 2200 2307 1054 681 1257 923 1259 925 2195 2302 2195 2302 1259 925 2201 2308 2195 2302 2201 2308 2196 2303 2196 2303 2201 2308 2202 2309 2196 2303 2202 2309 2197 2304 2197 2304 2202 2309 2203 2310 2197 2304 2203 2310 2198 2305 2198 2305 2203 2310 2204 2311 2198 2305 2204 2311 2199 2306 2199 2306 2204 2311 2205 2312 2199 2306 2205 2312 2200 2307 2200 2307 2205 2312 2206 2313 2200 2307 2206 2313 1054 681 1054 681 2206 2313 1055 682 1259 925 1190 856 2201 2308 2201 2308 1190 856 2167 2274 2201 2308 2167 2274 2202 2309 2202 2309 2167 2274 2166 2273 2202 2309 2166 2273 2203 2310 2203 2310 2166 2273 2168 2275 2203 2310 2168 2275 2204 2311 2204 2311 2168 2275 2169 2276 2204 2311 2169 2276 2205 2312 2205 2312 2169 2276 2170 2277 2205 2312 2170 2277 2206 2313 2206 2313 2170 2277 2171 2278 2206 2313 2171 2278 1055 682 1055 682 2171 2278 1056 683 967 598 972 603 2207 2314 2207 2314 972 603 2208 2315 2207 2314 2208 2315 2209 2316 2209 2316 2208 2315 2210 2317 2209 2316 2210 2317 2211 2318 2211 2318 2210 2317 2212 2319 2211 2318 2212 2319 2213 2320 2213 2320 2212 2319 2214 2321 2213 2320 2214 2321 2215 2322 2215 2322 2214 2321 2216 2323 2215 2322 2216 2323 1173 839 1173 839 2216 2323 1415 1522 972 603 971 602 2208 2315 2208 2315 971 602 2173 2280 2208 2315 2173 2280 2210 2317 2210 2317 2173 2280 2176 2283 2210 2317 2176 2283 2212 2319 2212 2319 2176 2283 2175 2282 2212 2319 2175 2282 2214 2321 2214 2321 2175 2282 2174 2281 2214 2321 2174 2281 2216 2323 2216 2323 2174 2281 2172 2279 2216 2323 2172 2279 1415 1522 1415 1522 2172 2279 1155 773 1063 689 1067 693 2217 2324 1180 846 2177 2284 1178 844 1178 844 2177 2284 2218 2325 2218 2325 2177 2284 2219 2326 2219 2326 2177 2284 2179 2286 2219 2326 2179 2286 2220 2327 2220 2327 2179 2286 2221 2328 2221 2328 2179 2286 2181 2288 2221 2328 2181 2288 2222 2329 2222 2329 2181 2288 2223 2330 2223 2330 2181 2288 2183 2290 2223 2330 2183 2290 2224 2331 2224 2331 2183 2290 2225 2332 2225 2332 2183 2290 2185 2292 2225 2332 2185 2292 2226 2333 2187 2294 2217 2324 2185 2292 2185 2292 2217 2324 2227 2334 2185 2292 2227 2334 2226 2333 2187 2294 1051 678 1059 686 1059 686 1058 685 2187 2294 2187 2294 1058 685 1061 687 2187 2294 1061 687 2217 2324 2217 2324 1061 687 1062 688 2217 2324 1062 688 1063 689 49 36 2228 2335 2229 2336 2228 2335 2230 2337 2231 2338 2230 2337 2232 2339 2233 2340 2232 2339 2234 2341 2235 2342 2234 2341 2236 2343 2237 2344 2236 2343 1282 948 2238 2345 2236 2343 2238 2345 2237 2344 2237 2344 2238 2345 2239 2346 2237 2344 2239 2346 2240 2347 2240 2347 2239 2346 2241 2348 2240 2347 2241 2348 2242 2349 2242 2349 2241 2348 2243 2350 2242 2349 2243 2350 2244 2351 2244 2351 2243 2350 2245 2352 2244 2351 2245 2352 2246 2353 2246 2353 2245 2352 2247 2354 2246 2353 2247 2354 2248 2355 2248 2355 2247 2354 2249 2356 2248 2355 2249 2356 2250 2357 2250 2357 2249 2356 1287 953 2250 2357 1287 953 2251 2358 2234 2341 2237 2344 2235 2342 2235 2342 2237 2344 2240 2347 2235 2342 2240 2347 2252 2359 2252 2359 2240 2347 2242 2349 2252 2359 2242 2349 2253 2360 2253 2360 2242 2349 2244 2351 2253 2360 2244 2351 2254 2361 2254 2361 2244 2351 2246 2353 2254 2361 2246 2353 2255 2362 2255 2362 2246 2353 2248 2355 2255 2362 2248 2355 2256 2363 2256 2363 2248 2355 2250 2357 2256 2363 2250 2357 2257 2364 2257 2364 2250 2357 2251 2358 2257 2364 2251 2358 2258 2365 2232 2339 2235 2342 2233 2340 2233 2340 2235 2342 2252 2359 2233 2340 2252 2359 2259 2366 2259 2366 2252 2359 2253 2360 2259 2366 2253 2360 2260 2367 2260 2367 2253 2360 2254 2361 2260 2367 2254 2361 2261 2368 2261 2368 2254 2361 2255 2362 2261 2368 2255 2362 2262 2369 2262 2369 2255 2362 2256 2363 2262 2369 2256 2363 2263 2370 2263 2370 2256 2363 2257 2364 2263 2370 2257 2364 2264 2371 2264 2371 2257 2364 2258 2365 2264 2371 2258 2365 2265 2372 2230 2337 2233 2340 2231 2338 2231 2338 2233 2340 2259 2366 2231 2338 2259 2366 2266 2373 2266 2373 2259 2366 2260 2367 2266 2373 2260 2367 2267 2374 2267 2374 2260 2367 2261 2368 2267 2374 2261 2368 2268 2375 2268 2375 2261 2368 2262 2369 2268 2375 2262 2369 2269 2376 2269 2376 2262 2369 2263 2370 2269 2376 2263 2370 2270 2377 2270 2377 2263 2370 2264 2371 2270 2377 2264 2371 2271 2378 2271 2378 2264 2371 2265 2372 2271 2378 2265 2372 2272 2379 2228 2335 2231 2338 2229 2336 2229 2336 2231 2338 2266 2373 2229 2336 2266 2373 2273 2380 2273 2380 2266 2373 2267 2374 2273 2380 2267 2374 2274 2381 2274 2381 2267 2374 2268 2375 2274 2381 2268 2375 2275 2382 2275 2382 2268 2375 2269 2376 2275 2382 2269 2376 2276 2383 2276 2383 2269 2376 2270 2377 2276 2383 2270 2377 2277 2384 2277 2384 2270 2377 2271 2378 2277 2384 2271 2378 2278 2385 2278 2385 2271 2378 2272 2379 2278 2385 2272 2379 2279 2386 49 36 2229 2336 53 38 53 38 2229 2336 2273 2380 53 38 2273 2380 54 39 54 39 2273 2380 2274 2381 54 39 2274 2381 55 40 55 40 2274 2381 2275 2382 55 40 2275 2382 63 48 63 48 2275 2382 2276 2383 63 48 2276 2383 62 47 62 47 2276 2383 2277 2384 62 47 2277 2384 60 45 60 45 2277 2384 2278 2385 60 45 2278 2385 64 49 64 49 2278 2385 2279 2386 64 49 2279 2386 65 50 1286 952 1287 953 2280 2387 2280 2387 1287 953 2249 2356 2280 2387 2249 2356 2281 2388 2281 2388 2249 2356 2247 2354 2281 2388 2247 2354 2282 2389 2282 2389 2247 2354 2245 2352 2282 2389 2245 2352 2283 2390 2283 2390 2245 2352 2243 2350 2283 2390 2243 2350 2284 2391 2284 2391 2243 2350 2241 2348 2284 2391 2241 2348 2285 2392 2285 2392 2241 2348 2239 2346 2285 2392 2239 2346 2286 2393 2286 2393 2239 2346 2238 2345 2286 2393 2238 2345 1283 949 1283 949 2238 2345 1282 948 1287 953 1285 951 2287 2394 1287 953 2287 2394 2251 2358 2251 2358 2287 2394 2288 2395 2251 2358 2288 2395 2258 2365 2258 2365 2288 2395 2289 2396 2258 2365 2289 2396 2265 2372 2265 2372 2289 2396 2290 2397 2265 2372 2290 2397 2272 2379 2272 2379 2290 2397 2291 2398 2272 2379 2291 2398 2279 2386 2279 2386 2291 2398 66 51 2279 2386 66 51 65 50 1173 839 1171 837 2292 2399 1173 839 2292 2399 2215 2322 2215 2322 2292 2399 2293 2400 2215 2322 2293 2400 2213 2320 2213 2320 2293 2400 2294 2401 2213 2320 2294 2401 2211 2318 2211 2318 2294 2401 2295 2402 2211 2318 2295 2402 2209 2316 2209 2316 2295 2402 2296 2403 2209 2316 2296 2403 2207 2314 2207 2314 2296 2403 968 599 2207 2314 968 599 967 598 1158 776 1265 931 2297 2404 2297 2404 1265 931 2298 2405 1178 844 2218 2325 1261 927 1261 927 2218 2325 2299 2406 1261 927 2299 2406 1263 929 2300 2407 2301 2408 2298 2405 2298 2405 2301 2408 2302 2409 2298 2405 2302 2409 2297 2404 2218 2325 2219 2326 2299 2406 2299 2406 2219 2326 2220 2327 2299 2406 2220 2327 2303 2410 2304 2411 2305 2412 2300 2407 2300 2407 2305 2412 2306 2413 2300 2407 2306 2413 2301 2408 2220 2327 2221 2328 2303 2410 2303 2410 2221 2328 2222 2329 2303 2410 2222 2329 2307 2414 2308 2415 2309 2416 2304 2411 2304 2411 2309 2416 2310 2417 2304 2411 2310 2417 2305 2412 2222 2329 2223 2330 2307 2414 2307 2414 2223 2330 2224 2331 2307 2414 2224 2331 2311 2418 2312 2419 2313 2420 2314 2421 2314 2421 2313 2420 2315 2422 2314 2421 2315 2422 2308 2415 2308 2415 2315 2422 2316 2423 2308 2415 2316 2423 2309 2416 1265 931 1263 929 2298 2405 2298 2405 1263 929 2299 2406 2298 2405 2299 2406 2300 2407 2300 2407 2299 2406 2303 2410 2300 2407 2303 2410 2304 2411 2304 2411 2303 2410 2307 2414 2304 2411 2307 2414 2308 2415 2308 2415 2307 2414 2311 2418 2308 2415 2311 2418 2314 2421 2314 2421 2311 2418 2317 2424 1065 691 1064 690 2312 2419 2224 2331 2225 2332 2311 2418 2311 2418 2225 2332 2226 2333 2311 2418 2226 2333 2317 2424 2317 2424 2226 2333 2227 2334 2317 2424 2227 2334 2217 2324 2312 2419 2314 2421 1065 691 1065 691 2314 2421 2317 2424 1065 691 2317 2424 1066 692 1066 692 2317 2424 2217 2324 1066 692 2217 2324 1067 693 964 595 969 600 2318 2425 2318 2425 969 600 2319 2426 2318 2425 2319 2426 2320 2427 2320 2427 2319 2426 2321 2428 2321 2428 2319 2426 2322 2429 2321 2428 2322 2429 2323 2430 2323 2430 2322 2429 2324 2431 2324 2431 2322 2429 2325 2432 2324 2431 2325 2432 2326 2433 2326 2433 2325 2432 2327 2434 2327 2434 2325 2432 2328 2435 2327 2434 2328 2435 2329 2436 2329 2436 2328 2435 2330 2437 2330 2437 2328 2435 2331 2438 2330 2437 2331 2438 2332 2439 2332 2439 2331 2438 2333 2440 2333 2440 2331 2438 1412 1519 2333 2440 1412 1519 1165 783 969 600 968 599 2319 2426 2319 2426 968 599 2296 2403 2319 2426 2296 2403 2322 2429 2322 2429 2296 2403 2295 2402 2322 2429 2295 2402 2325 2432 2325 2432 2295 2402 2294 2401 2325 2432 2294 2401 2328 2435 2328 2435 2294 2401 2293 2400 2328 2435 2293 2400 2331 2438 2331 2438 2293 2400 2292 2399 2331 2438 2292 2399 1412 1519 1412 1519 2292 2399 1171 837 1274 940 1276 942 2334 2441 52 2442 71 54 2335 2443 68 52 67 2444 2336 2445 2336 2445 67 2444 72 55 2336 2445 72 55 2337 2446 2337 2446 2338 2447 2336 2445 2336 2445 2338 2447 2339 2448 2336 2445 2339 2448 2340 2449 2339 2448 2341 2450 2340 2449 2340 2449 2341 2450 2342 2451 2340 2449 2342 2451 2343 2452 2342 2451 2344 2453 2343 2452 2343 2452 2344 2453 2345 2454 2343 2452 2345 2454 2346 2455 51 37 52 2442 2347 2456 2347 2456 52 2442 2335 2443 2347 2456 2335 2443 2348 2457 2348 2457 2335 2443 2349 2458 2348 2457 2349 2458 2350 2459 2350 2459 2349 2458 2351 2460 2350 2459 2351 2460 2352 2461 2352 2461 2351 2460 2353 2462 2352 2461 2353 2462 2354 2463 2354 2463 2353 2462 2334 2441 70 53 68 52 2355 2464 2355 2464 68 52 2336 2445 2355 2464 2336 2445 2356 2465 2356 2465 2336 2445 2340 2449 2356 2465 2340 2449 2357 2466 2357 2466 2340 2449 2343 2452 2357 2466 2343 2452 2358 2467 2358 2467 2343 2452 2346 2455 2358 2467 2346 2455 2359 2468 2359 2468 2346 2455 2360 2469 49 36 51 37 2228 2335 2228 2335 51 37 2347 2456 2228 2335 2347 2456 2230 2337 2230 2337 2347 2456 2348 2457 2230 2337 2348 2457 2232 2339 2232 2339 2348 2457 2350 2459 2232 2339 2350 2459 2234 2341 2234 2341 2350 2459 2352 2461 2234 2341 2352 2461 2236 2343 2236 2343 2352 2461 2354 2463 2236 2343 2354 2463 1282 948 1282 948 2354 2463 1280 946 2334 2441 1276 942 2354 2463 2354 2463 1276 942 1278 944 2354 2463 1278 944 1280 946 1272 938 1274 940 2359 2468 2359 2468 1274 940 2334 2441 2359 2468 2334 2441 2358 2467 2358 2467 2334 2441 2353 2462 2358 2467 2353 2462 2357 2466 2357 2466 2353 2462 2351 2460 2357 2466 2351 2460 2356 2465 2356 2465 2351 2460 2349 2458 2356 2465 2349 2458 2355 2464 2355 2464 2349 2458 2335 2443 2355 2464 2335 2443 70 53 70 53 2335 2443 71 54 2345 2454 2361 2470 2346 2455 2346 2455 2361 2470 2362 2471 2346 2455 2362 2471 2360 2469 2360 2469 2362 2471 2363 2472 2360 2469 2363 2472 2364 2473 1272 938 2359 2468 1270 936 1270 936 2359 2468 2360 2469 1270 936 2360 2469 1268 934 1268 934 2360 2469 2364 2473 1268 934 2364 2473 1266 932 1283 949 2365 2474 2366 2475 2365 2474 2367 2476 2368 2477 2367 2476 2369 2478 2370 2479 2369 2478 2371 2480 2372 2481 2371 2480 2373 2482 2374 2483 2373 2482 1034 661 1026 653 2373 2482 1026 653 2374 2483 2374 2483 1026 653 1027 654 2374 2483 1027 654 2375 2484 2375 2484 1027 654 1028 655 2375 2484 1028 655 2376 2485 2376 2485 1028 655 1033 660 2376 2485 1033 660 2377 2486 2377 2486 1033 660 1032 659 2377 2486 1032 659 2378 2487 2378 2487 1032 659 1030 657 2378 2487 1030 657 2379 2488 2379 2488 1030 657 1029 656 2379 2488 1029 656 2380 2489 2380 2489 1029 656 1043 670 2380 2489 1043 670 2381 2490 2371 2480 2374 2483 2372 2481 2372 2481 2374 2483 2375 2484 2372 2481 2375 2484 2382 2491 2382 2491 2375 2484 2376 2485 2382 2491 2376 2485 2383 2492 2383 2492 2376 2485 2377 2486 2383 2492 2377 2486 2384 2493 2384 2493 2377 2486 2378 2487 2384 2493 2378 2487 2385 2494 2385 2494 2378 2487 2379 2488 2385 2494 2379 2488 2386 2495 2386 2495 2379 2488 2380 2489 2386 2495 2380 2489 2387 2496 2387 2496 2380 2489 2381 2490 2387 2496 2381 2490 2388 2497 2369 2478 2372 2481 2370 2479 2370 2479 2372 2481 2382 2491 2370 2479 2382 2491 2389 2498 2389 2498 2382 2491 2383 2492 2389 2498 2383 2492 2390 2499 2390 2499 2383 2492 2384 2493 2390 2499 2384 2493 2391 2500 2391 2500 2384 2493 2385 2494 2391 2500 2385 2494 2392 2501 2392 2501 2385 2494 2386 2495 2392 2501 2386 2495 2393 2502 2393 2502 2386 2495 2387 2496 2393 2502 2387 2496 2394 2503 2394 2503 2387 2496 2388 2497 2394 2503 2388 2497 2395 2504 2367 2476 2370 2479 2368 2477 2368 2477 2370 2479 2389 2498 2368 2477 2389 2498 2396 2505 2396 2505 2389 2498 2390 2499 2396 2505 2390 2499 2397 2506 2397 2506 2390 2499 2391 2500 2397 2506 2391 2500 2398 2507 2398 2507 2391 2500 2392 2501 2398 2507 2392 2501 2399 2508 2399 2508 2392 2501 2393 2502 2399 2508 2393 2502 2400 2509 2400 2509 2393 2502 2394 2503 2400 2509 2394 2503 2401 2510 2401 2510 2394 2503 2395 2504 2401 2510 2395 2504 2402 2511 2365 2474 2368 2477 2366 2475 2366 2475 2368 2477 2396 2505 2366 2475 2396 2505 2403 2512 2403 2512 2396 2505 2397 2506 2403 2512 2397 2506 2404 2513 2404 2513 2397 2506 2398 2507 2404 2513 2398 2507 2405 2514 2405 2514 2398 2507 2399 2508 2405 2514 2399 2508 2406 2515 2406 2515 2399 2508 2400 2509 2406 2515 2400 2509 2407 2516 2407 2516 2400 2509 2401 2510 2407 2516 2401 2510 2408 2517 2408 2517 2401 2510 2402 2511 2408 2517 2402 2511 2409 2518 1283 949 2366 2475 2286 2393 2286 2393 2366 2475 2403 2512 2286 2393 2403 2512 2285 2392 2285 2392 2403 2512 2404 2513 2285 2392 2404 2513 2284 2391 2284 2391 2404 2513 2405 2514 2284 2391 2405 2514 2283 2390 2283 2390 2405 2514 2406 2515 2283 2390 2406 2515 2282 2389 2282 2389 2406 2515 2407 2516 2282 2389 2407 2516 2281 2388 2281 2388 2407 2516 2408 2517 2281 2388 2408 2517 2280 2387 2280 2387 2408 2517 2409 2518 2280 2387 2409 2518 1286 952 66 51 2291 2398 2410 2519 2291 2398 2290 2397 2411 2520 2290 2397 2289 2396 2412 2521 2289 2396 2288 2395 2413 2522 2288 2395 2287 2394 2414 2523 2287 2394 1285 951 2415 2524 2287 2394 2415 2524 2414 2523 2414 2523 2415 2524 2416 2525 2414 2523 2416 2525 2417 2526 2417 2526 2416 2525 2418 2527 2417 2526 2418 2527 2419 2528 2419 2528 2418 2527 2420 2529 2419 2528 2420 2529 2421 2530 2421 2530 2420 2529 2422 2531 2421 2530 2422 2531 2423 2532 2423 2532 2422 2531 2424 2533 2423 2532 2424 2533 2425 2534 2425 2534 2424 2533 2426 2535 2425 2534 2426 2535 2427 2536 2427 2536 2426 2535 1291 957 2427 2536 1291 957 2428 2537 2288 2395 2414 2523 2413 2522 2413 2522 2414 2523 2417 2526 2413 2522 2417 2526 2429 2538 2429 2538 2417 2526 2419 2528 2429 2538 2419 2528 2430 2539 2430 2539 2419 2528 2421 2530 2430 2539 2421 2530 2431 2540 2431 2540 2421 2530 2423 2532 2431 2540 2423 2532 2432 2541 2432 2541 2423 2532 2425 2534 2432 2541 2425 2534 2433 2542 2433 2542 2425 2534 2427 2536 2433 2542 2427 2536 2434 2543 2434 2543 2427 2536 2428 2537 2434 2543 2428 2537 2435 2544 2289 2396 2413 2522 2412 2521 2412 2521 2413 2522 2429 2538 2412 2521 2429 2538 2436 2545 2436 2545 2429 2538 2430 2539 2436 2545 2430 2539 2437 2546 2437 2546 2430 2539 2431 2540 2437 2546 2431 2540 2438 2547 2438 2547 2431 2540 2432 2541 2438 2547 2432 2541 2439 2548 2439 2548 2432 2541 2433 2542 2439 2548 2433 2542 2440 2549 2440 2549 2433 2542 2434 2543 2440 2549 2434 2543 2441 2550 2441 2550 2434 2543 2435 2544 2441 2550 2435 2544 2442 2551 2290 2397 2412 2521 2411 2520 2411 2520 2412 2521 2436 2545 2411 2520 2436 2545 2443 2552 2443 2552 2436 2545 2437 2546 2443 2552 2437 2546 2444 2553 2444 2553 2437 2546 2438 2547 2444 2553 2438 2547 2445 2554 2445 2554 2438 2547 2439 2548 2445 2554 2439 2548 2446 2555 2446 2555 2439 2548 2440 2549 2446 2555 2440 2549 2447 2556 2447 2556 2440 2549 2441 2550 2447 2556 2441 2550 2448 2557 2448 2557 2441 2550 2442 2551 2448 2557 2442 2551 2449 2558 2291 2398 2411 2520 2410 2519 2410 2519 2411 2520 2443 2552 2410 2519 2443 2552 2450 2559 2450 2559 2443 2552 2444 2553 2450 2559 2444 2553 2451 2560 2451 2560 2444 2553 2445 2554 2451 2560 2445 2554 2452 2561 2452 2561 2445 2554 2446 2555 2452 2561 2446 2555 2453 2562 2453 2562 2446 2555 2447 2556 2453 2562 2447 2556 2454 2563 2454 2563 2447 2556 2448 2557 2454 2563 2448 2557 2455 2564 2455 2564 2448 2557 2449 2558 2455 2564 2449 2558 2456 2565 66 51 2410 2519 57 42 57 42 2410 2519 2450 2559 57 42 2450 2559 45 32 45 32 2450 2559 2451 2560 45 32 2451 2560 46 33 46 33 2451 2560 2452 2561 46 33 2452 2561 47 34 47 34 2452 2561 2453 2562 47 34 2453 2562 48 35 48 35 2453 2562 2454 2563 48 35 2454 2563 42 29 42 29 2454 2563 2455 2564 42 29 2455 2564 43 30 43 30 2455 2564 2456 2565 43 30 2456 2565 39 27 2457 2566 2458 2567 1266 932 1266 932 2364 2473 2457 2566 2457 2566 2364 2473 2363 2472 2457 2566 2363 2472 2459 2568 2363 2472 2362 2471 2459 2568 2459 2568 2362 2471 2361 2470 2459 2568 2361 2470 2460 2569 2460 2569 2361 2470 2345 2454 2460 2569 2345 2454 2461 2570 2345 2454 2344 2453 2461 2570 2461 2570 2344 2453 2342 2451 2461 2570 2342 2451 2462 2571 2463 2572 2458 2567 2464 2573 2464 2573 2458 2567 2457 2566 2464 2573 2457 2566 2465 2574 2465 2574 2457 2566 2459 2568 2465 2574 2459 2568 2466 2575 2466 2575 2459 2568 2460 2569 2466 2575 2460 2569 2467 2576 2467 2576 2460 2569 2461 2570 2467 2576 2461 2570 2468 2577 2468 2577 2461 2570 2462 2571 2468 2577 2462 2571 2469 2578 2469 2578 2462 2571 2470 2579 2342 2451 2341 2450 2462 2571 2462 2571 2341 2450 2339 2448 2462 2571 2339 2448 2470 2579 2470 2579 2339 2448 2338 2447 2470 2579 2338 2447 2337 2446 655 330 2471 2580 2472 2581 2472 2581 2471 2580 2473 2582 2472 2581 2473 2582 2474 2583 2474 2583 2473 2582 2475 2584 2474 2583 2475 2584 2476 2585 2476 2585 2475 2584 2477 2586 2476 2585 2477 2586 2478 2587 2478 2587 2477 2586 2479 2588 2478 2587 2479 2588 2480 2589 2480 2589 2479 2588 2481 2590 2480 2589 2481 2590 2482 2591 2482 2591 2481 2590 2483 2592 2482 2591 2483 2592 99 65 99 65 2483 2592 90 58 2471 2580 2484 2593 2473 2582 2473 2582 2484 2593 2485 2594 2473 2582 2485 2594 2475 2584 2475 2584 2485 2594 2486 2595 2475 2584 2486 2595 2477 2586 2477 2586 2486 2595 2487 2596 2477 2586 2487 2596 2479 2588 2479 2588 2487 2596 2488 2597 2479 2588 2488 2597 2481 2590 2481 2590 2488 2597 2489 2598 2481 2590 2489 2598 2483 2592 2483 2592 2489 2598 2490 2599 2483 2592 2490 2599 90 58 90 58 2490 2599 91 59 2484 2593 2491 2600 2485 2594 2485 2594 2491 2600 2492 2601 2485 2594 2492 2601 2486 2595 2486 2595 2492 2601 2493 2602 2486 2595 2493 2602 2487 2596 2487 2596 2493 2602 2494 2603 2487 2596 2494 2603 2488 2597 2488 2597 2494 2603 2495 2604 2488 2597 2495 2604 2489 2598 2489 2598 2495 2604 2496 2605 2489 2598 2496 2605 2490 2599 2490 2599 2496 2605 2497 2606 2490 2599 2497 2606 91 59 91 59 2497 2606 93 60 2491 2600 2498 2607 2492 2601 2492 2601 2498 2607 2499 2608 2492 2601 2499 2608 2493 2602 2493 2602 2499 2608 2500 2609 2493 2602 2500 2609 2494 2603 2494 2603 2500 2609 2501 2610 2494 2603 2501 2610 2495 2604 2495 2604 2501 2610 2502 2611 2495 2604 2502 2611 2496 2605 2496 2605 2502 2611 2503 2612 2496 2605 2503 2612 2497 2606 2497 2606 2503 2612 2504 2613 2497 2606 2504 2613 93 60 93 60 2504 2613 94 61 2498 2607 2505 2614 2499 2608 2499 2608 2505 2614 2506 2615 2499 2608 2506 2615 2500 2609 2500 2609 2506 2615 2507 2616 2500 2609 2507 2616 2501 2610 2501 2610 2507 2616 2508 2617 2501 2610 2508 2617 2502 2611 2502 2611 2508 2617 2509 2618 2502 2611 2509 2618 2503 2612 2503 2612 2509 2618 2510 2619 2503 2612 2510 2619 2504 2613 2504 2613 2510 2619 2511 2620 2504 2613 2511 2620 94 61 94 61 2511 2620 95 62 2505 2614 2463 2572 2506 2615 2506 2615 2463 2572 2464 2573 2506 2615 2464 2573 2507 2616 2507 2616 2464 2573 2465 2574 2507 2616 2465 2574 2508 2617 2508 2617 2465 2574 2466 2575 2508 2617 2466 2575 2509 2618 2509 2618 2466 2575 2467 2576 2509 2618 2467 2576 2510 2619 2510 2619 2467 2576 2468 2577 2510 2619 2468 2577 2511 2620 2511 2620 2468 2577 2469 2578 2511 2620 2469 2578 95 62 95 62 2469 2578 96 63 96 63 2469 2578 97 64 97 64 2469 2578 2470 2579 97 64 2470 2579 74 56 74 56 2470 2579 2337 2446 74 56 2337 2446 72 55 1267 933 1266 932 2512 2621 2512 2621 1266 932 2458 2567 2512 2621 2458 2567 2513 2622 2513 2622 2458 2567 2463 2572 2513 2622 2463 2572 2514 2623 2514 2623 2463 2572 2505 2614 2514 2623 2505 2614 2515 2624 2515 2624 2505 2614 2498 2607 2515 2624 2498 2607 2516 2625 2516 2625 2498 2607 2491 2600 2516 2625 2491 2600 2517 2626 2517 2626 2491 2600 2484 2593 2517 2626 2484 2593 2518 2627 2518 2627 2484 2593 2471 2580 2518 2627 2471 2580 657 332 657 332 2471 2580 655 330 1271 937 1269 935 2519 2628 1279 945 1277 943 2520 2629 1271 937 2519 2628 1273 939 1283 949 1281 947 2365 2474 2365 2474 1281 947 2521 2630 2365 2474 2521 2630 2367 2476 2367 2476 2521 2630 2522 2631 2367 2476 2522 2631 2369 2478 2369 2478 2522 2631 2523 2632 2369 2478 2523 2632 2371 2480 2371 2480 2523 2632 2524 2633 2371 2480 2524 2633 2373 2482 2373 2482 2524 2633 2525 2634 2373 2482 2525 2634 1034 661 1277 943 1275 941 2520 2629 2520 2629 1275 941 2526 2635 2520 2629 2526 2635 2527 2636 2527 2636 2526 2635 2528 2637 2527 2636 2528 2637 2529 2638 2529 2638 2528 2637 2530 2639 2529 2638 2530 2639 2531 2640 2531 2640 2530 2639 2532 2641 2531 2640 2532 2641 2533 2642 2533 2642 2532 2641 2534 2643 1275 941 1273 939 2526 2635 2526 2635 1273 939 2519 2628 2526 2635 2519 2628 2528 2637 2528 2637 2519 2628 2535 2644 2528 2637 2535 2644 2530 2639 2530 2639 2535 2644 2536 2645 2530 2639 2536 2645 2532 2641 2532 2641 2536 2645 2537 2646 2532 2641 2537 2646 2534 2643 2534 2643 2537 2646 2538 2647 1269 935 1267 933 2519 2628 2519 2628 1267 933 2539 2648 2519 2628 2539 2648 2535 2644 2535 2644 2539 2648 2540 2649 2535 2644 2540 2649 2536 2645 2536 2645 2540 2649 2541 2650 2536 2645 2541 2650 2537 2646 2537 2646 2541 2650 2542 2651 2537 2646 2542 2651 2538 2647 2538 2647 2542 2651 2543 2652 1091 713 1036 2653 2525 2634 2525 2634 1036 2653 1035 662 2525 2634 1035 662 1034 661 1281 947 1279 945 2521 2630 2521 2630 1279 945 2520 2629 2521 2630 2520 2629 2522 2631 2522 2631 2520 2629 2527 2636 2522 2631 2527 2636 2523 2632 2523 2632 2527 2636 2529 2638 2523 2632 2529 2638 2524 2633 2524 2633 2529 2638 2531 2640 2524 2633 2531 2640 2525 2634 2525 2634 2531 2640 2533 2642 2525 2634 2533 2642 1091 713 1091 713 2533 2642 2534 2643 1091 713 2534 2643 1106 728 1106 728 2534 2643 2538 2647 1106 728 2538 2647 1104 726 2543 2652 1083 709 2538 2647 2538 2647 1083 709 1084 2654 2538 2647 1084 2654 1104 726 2301 2408 1733 1840 2302 2409 2302 2409 1733 1840 1735 1842 2302 2409 1735 1842 2297 2404 2297 2404 1735 1842 1736 1843 2297 2404 1736 1843 1158 776 1158 776 1736 1843 1159 777 1740 1847 1739 1846 2305 2412 2305 2412 1739 1846 1738 1845 2305 2412 1738 1845 2306 2413 2306 2413 1738 1845 1737 1844 2306 2413 1737 1844 2301 2408 2301 2408 1737 1844 1732 1839 2301 2408 1732 1839 1733 1840 1740 1847 2305 2412 1741 1848 1741 1848 2305 2412 2310 2417 1741 1848 2310 2417 1722 1829 2309 2416 1750 1857 2310 2417 2310 2417 1750 1857 1723 1830 2310 2417 1723 1830 1722 1829 1797 1904 1809 1916 2312 2419 2312 2419 1809 1916 1808 1915 2312 2419 1808 1915 2313 2420 2313 2420 1808 1915 1806 1913 2313 2420 1806 1913 2315 2422 1806 1913 1804 1911 2315 2422 2315 2422 1804 1911 1803 1910 2315 2422 1803 1910 2316 2423 2316 2423 1803 1910 1844 1951 2316 2423 1844 1951 2309 2416 2309 2416 1844 1951 1751 1858 2309 2416 1751 1858 1750 1857 2312 2419 1064 690 826 487 826 487 837 495 1800 1907 826 487 1800 1907 2312 2419 2312 2419 1800 1907 1799 1906 2312 2419 1799 1906 1797 1904 2544 2655 2545 2656 2318 2425 2318 2425 2545 2656 964 595 2544 2655 2546 2657 2545 2656 2545 2656 2546 2657 965 596 2545 2656 965 596 964 595 2547 2658 2548 2659 2321 2428 2321 2428 2548 2659 2320 2427 2320 2427 2548 2659 2549 2660 2320 2427 2549 2660 2318 2425 2318 2425 2549 2660 2544 2655 1329 2661 98 2662 253 2663 2323 2430 2550 2664 2321 2428 2321 2428 2550 2664 2551 2665 2321 2428 2551 2665 2547 2658 2326 2433 2552 2666 2324 2431 2324 2431 2552 2666 2553 2667 2324 2431 2553 2667 2323 2430 2323 2430 2553 2667 2554 2668 2323 2430 2554 2668 2550 2664 2329 2436 2330 2437 1679 1786 1679 1786 1711 1818 2329 2436 2329 2436 1711 1818 1710 1817 2329 2436 1710 1817 2327 2434 2327 2434 1710 1817 1694 1801 2327 2434 1694 1801 2326 2433 2326 2433 1694 1801 1693 1800 2326 2433 1693 1800 2552 2666 2333 2440 1702 1809 1686 1793 2333 2440 1686 1793 2332 2439 2332 2439 1686 1793 1685 1792 2332 2439 1685 1792 2330 2437 2330 2437 1685 1792 1680 1787 2330 2437 1680 1787 1679 1786 1165 783 1164 782 2333 2440 2333 2440 1164 782 1701 1808 2333 2440 1701 1808 1702 1809 2555 2669 1284 950 1286 952 2555 2669 1286 952 2556 2670 2556 2670 1286 952 2409 2518 2556 2670 2409 2518 2557 2671 2557 2671 2409 2518 2558 2672 2558 2672 2409 2518 2402 2511 2558 2672 2402 2511 2559 2673 2559 2673 2402 2511 2395 2504 2559 2673 2395 2504 2560 2674 2560 2674 2395 2504 2561 2675 2561 2675 2395 2504 2388 2497 2561 2675 2388 2497 2562 2676 2562 2676 2388 2497 2563 2677 2563 2677 2388 2497 2381 2490 2563 2677 2381 2490 2564 2678 1042 669 1040 667 2565 2679 1043 670 1042 669 2381 2490 2381 2490 1042 669 2565 2679 2381 2490 2565 2679 2564 2678 1290 956 1291 957 2566 2680 2566 2680 1291 957 2426 2535 2566 2680 2426 2535 2567 2681 2567 2681 2426 2535 2424 2533 2567 2681 2424 2533 2568 2682 2568 2682 2424 2533 2422 2531 2568 2682 2422 2531 2569 2683 2569 2683 2422 2531 2420 2529 2569 2683 2420 2529 2570 2684 2570 2684 2420 2529 2418 2527 2570 2684 2418 2527 2571 2685 2571 2685 2418 2527 2416 2525 2571 2685 2416 2525 2572 2686 2572 2686 2416 2525 2415 2524 2572 2686 2415 2524 1284 950 1284 950 2415 2524 1285 951 40 28 39 27 2456 2565 2573 2687 103 68 40 28 40 28 2456 2565 2573 2687 2573 2687 2456 2565 2449 2558 2573 2687 2449 2558 2574 2688 2574 2688 2449 2558 2442 2551 2574 2688 2442 2551 2575 2689 2575 2689 2442 2551 2435 2544 2575 2689 2435 2544 2576 2690 2576 2690 2435 2544 2428 2537 2576 2690 2428 2537 2577 2691 2577 2691 2428 2537 1291 957 2577 2691 1291 957 1289 955 100 66 102 67 2578 2692 655 330 2472 2581 650 325 650 325 2472 2581 2579 2693 2579 2693 2472 2581 2580 2694 2580 2694 2472 2581 2474 2583 2580 2694 2474 2583 2581 2695 2581 2695 2474 2583 2582 2696 2582 2696 2474 2583 2476 2585 2582 2696 2476 2585 2583 2697 2583 2697 2476 2585 2584 2698 2584 2698 2476 2585 2478 2587 2584 2698 2478 2587 2585 2699 2480 2589 2586 2700 2478 2587 2478 2587 2586 2700 2587 2701 2478 2587 2587 2701 2585 2699 100 66 2578 2692 80 57 99 65 80 57 2482 2591 2482 2591 80 57 2578 2692 2482 2591 2578 2692 2480 2589 2480 2589 2578 2692 2588 2702 2480 2589 2588 2702 2586 2700 2589 2703 1076 702 1073 699 2590 2704 2591 2705 2592 2706 2592 2706 2591 2705 2589 2703 2589 2703 1073 699 2592 2706 2592 2706 1073 699 1072 698 2592 2706 1072 698 2593 2707 2593 2707 1072 698 1071 697 2593 2707 1071 697 2594 2708 2594 2708 1071 697 1069 695 2594 2708 1069 695 2595 2709 2595 2709 1069 695 1068 694 2595 2709 1068 694 2596 2710 2596 2710 1068 694 1070 696 2596 2710 1070 696 2597 2711 1070 696 1082 708 2597 2711 2597 2711 1082 708 1081 707 2597 2711 1081 707 2598 2712 2598 2712 1081 707 1083 709 2598 2712 1083 709 2543 2652 2599 2713 2600 2714 2601 2715 2601 2715 2600 2714 2590 2704 2590 2704 2592 2706 2601 2715 2601 2715 2592 2706 2593 2707 2601 2715 2593 2707 2602 2716 2602 2716 2593 2707 2594 2708 2602 2716 2594 2708 2603 2717 2603 2717 2594 2708 2595 2709 2603 2717 2595 2709 2604 2718 2604 2718 2595 2709 2596 2710 2604 2718 2596 2710 2605 2719 2605 2719 2596 2710 2597 2711 2605 2719 2597 2711 2606 2720 2606 2720 2597 2711 2598 2712 2606 2720 2598 2712 2607 2721 2607 2721 2598 2712 2543 2652 2607 2721 2543 2652 2542 2651 2608 2722 2609 2723 2610 2724 2610 2724 2609 2723 2599 2713 2599 2713 2601 2715 2610 2724 2610 2724 2601 2715 2602 2716 2610 2724 2602 2716 2611 2725 2611 2725 2602 2716 2603 2717 2611 2725 2603 2717 2612 2726 2612 2726 2603 2717 2604 2718 2612 2726 2604 2718 2613 2727 2613 2727 2604 2718 2605 2719 2613 2727 2605 2719 2614 2728 2614 2728 2605 2719 2606 2720 2614 2728 2606 2720 2615 2729 2615 2729 2606 2720 2607 2721 2615 2729 2607 2721 2616 2730 2616 2730 2607 2721 2542 2651 2616 2730 2542 2651 2541 2650 2617 2731 2618 2732 2619 2733 2619 2733 2618 2732 2608 2722 2608 2722 2610 2724 2619 2733 2619 2733 2610 2724 2611 2725 2619 2733 2611 2725 2620 2734 2620 2734 2611 2725 2612 2726 2620 2734 2612 2726 2621 2735 2621 2735 2612 2726 2613 2727 2621 2735 2613 2727 2622 2736 2622 2736 2613 2727 2614 2728 2622 2736 2614 2728 2623 2737 2623 2737 2614 2728 2615 2729 2623 2737 2615 2729 2624 2738 2624 2738 2615 2729 2616 2730 2624 2738 2616 2730 2625 2739 2625 2739 2616 2730 2541 2650 2625 2739 2541 2650 2540 2649 2626 2740 2627 2741 2628 2742 2628 2742 2627 2741 2617 2731 2617 2731 2619 2733 2628 2742 2628 2742 2619 2733 2620 2734 2628 2742 2620 2734 2629 2743 2629 2743 2620 2734 2621 2735 2629 2743 2621 2735 2630 2744 2630 2744 2621 2735 2622 2736 2630 2744 2622 2736 2631 2745 2631 2745 2622 2736 2623 2737 2631 2745 2623 2737 2632 2746 2632 2746 2623 2737 2624 2738 2632 2746 2624 2738 2633 2747 2633 2747 2624 2738 2625 2739 2633 2747 2625 2739 2634 2748 2634 2748 2625 2739 2540 2649 2634 2748 2540 2649 2539 2648 2518 2627 657 332 2626 2740 2626 2740 2628 2742 2518 2627 2518 2627 2628 2742 2629 2743 2518 2627 2629 2743 2517 2626 2517 2626 2629 2743 2630 2744 2517 2626 2630 2744 2516 2625 2516 2625 2630 2744 2631 2745 2516 2625 2631 2745 2515 2624 2515 2624 2631 2745 2632 2746 2515 2624 2632 2746 2514 2623 2514 2623 2632 2746 2633 2747 2514 2623 2633 2747 2513 2622 2513 2622 2633 2747 2634 2748 2513 2622 2634 2748 2512 2621 2512 2621 2634 2748 2539 2648 2512 2621 2539 2648 1267 933 2551 2665 2550 2664 2635 2749 2636 2750 2637 2751 2638 2752 2639 2753 2640 2754 2641 2755 1912 2019 1909 2016 2642 2756 2641 2755 2640 2754 2643 2757 2644 2758 2645 2759 2646 2760 2646 2760 2645 2759 2647 2761 2648 2762 2649 2763 2650 2764 2650 2764 2649 2763 2651 2765 2650 2764 2651 2765 2652 2766 2653 2767 2552 2666 1692 1799 1692 1799 2552 2666 1693 1800 2653 2767 2650 2764 2654 2768 2654 2768 2650 2764 2652 2766 2654 2768 2652 2766 2635 2749 2635 2749 2550 2664 2654 2768 2654 2768 2550 2664 2554 2668 2654 2768 2554 2668 2653 2767 2653 2767 2554 2668 2553 2667 2653 2767 2553 2667 2552 2666 2655 2769 2656 2770 2657 2771 2657 2771 2656 2770 2658 2772 2657 2771 2658 2772 2659 2773 1329 2661 84 2774 98 2662 2549 2660 2548 2659 2660 2775 2660 2775 2548 2659 2661 2776 2660 2775 2661 2776 2662 2777 2647 2761 2663 2778 2664 2779 2663 2778 2665 2780 2664 2779 1361 2781 84 2774 1329 2661 2664 2779 2665 2780 2666 2782 1921 2028 1919 2026 2667 2783 2636 2750 2642 2756 2668 2784 2668 2784 2642 2756 1909 2016 2668 2784 1909 2016 1908 2015 1919 2026 1918 2025 2667 2783 2667 2783 1918 2025 2669 2785 2667 2783 2669 2785 2670 2786 2670 2786 2669 2785 2671 2787 2670 2786 2671 2787 2672 2788 2672 2788 2671 2787 2673 2789 2647 2761 2674 2790 2646 2760 2646 2760 2674 2790 2675 2791 2646 2760 2675 2791 2639 2753 2639 2753 2675 2791 2676 2792 2639 2753 2676 2792 2640 2754 2637 2751 2636 2750 2677 2793 2677 2793 2636 2750 2668 2784 2677 2793 2668 2784 2678 2794 2678 2794 2668 2784 1908 2015 2678 2794 1908 2015 1907 2014 2647 2761 2664 2779 2674 2790 2674 2790 2664 2779 2679 2795 2674 2790 2679 2795 2675 2791 2675 2791 2679 2795 2680 2796 2675 2791 2680 2796 2676 2792 2676 2792 2680 2796 2681 2797 2676 2792 2681 2797 2640 2754 2640 2754 2681 2797 2682 2798 2640 2754 2682 2798 2643 2757 1700 1807 1712 1819 2683 2799 2683 2799 1712 1819 1924 2031 2667 2783 2684 2800 1921 2028 1921 2028 2684 2800 2685 2801 1921 2028 2685 2801 1923 2030 1923 2030 2685 2801 1895 2002 1698 1805 2686 2802 1696 1803 1696 1803 2686 2802 2648 2762 1696 1803 2648 2762 1695 1802 1695 1802 2648 2762 2650 2764 1695 1802 2650 2764 1691 1798 1691 1798 2650 2764 2653 2767 1691 1798 2653 2767 1690 1797 1690 1797 2653 2767 1692 1799 2687 2803 2688 2804 2689 2805 2689 2805 2688 2804 2690 2806 1698 1805 2687 2803 2686 2802 2686 2802 2687 2803 2689 2805 2686 2802 2689 2805 2648 2762 2648 2762 2689 2805 2691 2807 2648 2762 2691 2807 2649 2763 1924 2031 1926 2033 2683 2799 2683 2799 1926 2033 1896 2003 2683 2799 1896 2003 2692 2808 2692 2808 1896 2003 2693 2809 2692 2808 2693 2809 2694 2810 2694 2810 2693 2809 2695 2811 2694 2810 2695 2811 2696 2812 2696 2812 2695 2811 2643 2757 2696 2812 2643 2757 2697 2813 2697 2813 2643 2757 2682 2798 2697 2813 2682 2798 2698 2814 2698 2814 2682 2798 2681 2797 2698 2814 2681 2797 2699 2815 2699 2815 2681 2797 2680 2796 2699 2815 2680 2796 2700 2816 965 596 2546 2657 2701 2817 2701 2817 2546 2657 2544 2655 2701 2817 2544 2655 2666 2782 2666 2782 2544 2655 2659 2773 2666 2782 2659 2773 2664 2779 2664 2779 2659 2773 2658 2772 2664 2779 2658 2772 2679 2795 2679 2795 2658 2772 2656 2770 2679 2795 2656 2770 2680 2796 2680 2796 2656 2770 2655 2769 2680 2796 2655 2769 2700 2816 2548 2659 2547 2658 2661 2776 2661 2776 2547 2658 2551 2665 2661 2776 2551 2665 2662 2777 2662 2777 2551 2665 2635 2749 2662 2777 2635 2749 2702 2818 2702 2818 2635 2749 2652 2766 2702 2818 2652 2766 2703 2819 2703 2819 2652 2766 2651 2765 2703 2819 2651 2765 2704 2820 2704 2820 2651 2765 2649 2763 2704 2820 2649 2763 2705 2821 2705 2821 2649 2763 2691 2807 2705 2821 2691 2807 2706 2822 2706 2822 2691 2807 2689 2805 2706 2822 2689 2805 2707 2823 2707 2823 2689 2805 2690 2806 1896 2003 1895 2002 2693 2809 2693 2809 1895 2002 2685 2801 2693 2809 2685 2801 2695 2811 2695 2811 2685 2801 2684 2800 2695 2811 2684 2800 2643 2757 2643 2757 2684 2800 2667 2783 2643 2757 2667 2783 2641 2755 2641 2755 2667 2783 2670 2786 2641 2755 2670 2786 2639 2753 2639 2753 2670 2786 2672 2788 2639 2753 2672 2788 2646 2760 2646 2760 2672 2788 2673 2789 1918 2025 1912 2019 2669 2785 2669 2785 1912 2019 2642 2756 2669 2785 2642 2756 2671 2787 2671 2787 2642 2756 2636 2750 2671 2787 2636 2750 2673 2789 2673 2789 2636 2750 2638 2752 2673 2789 2638 2752 2646 2760 2646 2760 2638 2752 2708 2824 2646 2760 2708 2824 2644 2758 2544 2655 2549 2660 2659 2773 2659 2773 2549 2660 2660 2775 2659 2773 2660 2775 2657 2771 2657 2771 2660 2775 2662 2777 2657 2771 2662 2777 2655 2769 2655 2769 2662 2777 2702 2818 2655 2769 2702 2818 2700 2816 2700 2816 2702 2818 2703 2819 2700 2816 2703 2819 2699 2815 2699 2815 2703 2819 2704 2820 2699 2815 2704 2820 2698 2814 2698 2814 2704 2820 2705 2821 2698 2814 2705 2821 2697 2813 2697 2813 2705 2821 2706 2822 2697 2813 2706 2822 2696 2812 2696 2812 2706 2822 2707 2823 2696 2812 2707 2823 2694 2810 2694 2810 2707 2823 2690 2806 2694 2810 2690 2806 2692 2808 2692 2808 2690 2806 2688 2804 2692 2808 2688 2804 2683 2799 2683 2799 2688 2804 2687 2803 2683 2799 2687 2803 1700 1807 1700 1807 2687 2803 1698 1805 2565 2679 1040 667 1038 665 2565 2679 1038 665 2709 2825 2709 2825 1038 665 721 391 2709 2825 721 391 2710 2826 2710 2826 721 391 719 389 2710 2826 719 389 2711 2827 2711 2827 719 389 718 388 2711 2827 718 388 2712 2828 2712 2828 718 388 729 399 2712 2828 729 399 2713 2829 2713 2829 729 399 728 398 2713 2829 728 398 2714 2830 2714 2830 728 398 727 397 2714 2830 727 397 2715 2831 2562 2676 2563 2677 2716 2832 2716 2832 2563 2677 2564 2678 727 397 707 377 2715 2831 2715 2831 707 377 2717 2833 2715 2831 2717 2833 2718 2834 2718 2834 2719 2835 2715 2831 2715 2831 2719 2835 2720 2836 2715 2831 2720 2836 2714 2830 2714 2830 2720 2836 2721 2837 2714 2830 2721 2837 2713 2829 2713 2829 2721 2837 2722 2838 2713 2829 2722 2838 2712 2828 2712 2828 2722 2838 2723 2839 2712 2828 2723 2839 2711 2827 2711 2827 2723 2839 2724 2840 2711 2827 2724 2840 2710 2826 2710 2826 2724 2840 2716 2832 2710 2826 2716 2832 2709 2825 2709 2825 2716 2832 2564 2678 2709 2825 2564 2678 2565 2679 2725 2841 2561 2675 2562 2676 2562 2676 2716 2832 2725 2841 2725 2841 2716 2832 2724 2840 2725 2841 2724 2840 2726 2842 2726 2842 2724 2840 2723 2839 2726 2842 2723 2839 2727 2843 2727 2843 2723 2839 2722 2838 2727 2843 2722 2838 2728 2844 2728 2844 2722 2838 2721 2837 2728 2844 2721 2837 2729 2845 2729 2845 2721 2837 2720 2836 2729 2845 2720 2836 2730 2846 2730 2846 2720 2836 2719 2835 2730 2846 2719 2835 2731 2847 2558 2672 2559 2673 2732 2848 2732 2848 2559 2673 2560 2674 2718 2834 2733 2849 2719 2835 2719 2835 2733 2849 2734 2850 2719 2835 2734 2850 2731 2847 2731 2847 2734 2850 2735 2851 2731 2847 2735 2851 2736 2852 2736 2852 2737 2853 2731 2847 2731 2847 2737 2853 2738 2854 2731 2847 2738 2854 2730 2846 2730 2846 2738 2854 2739 2855 2730 2846 2739 2855 2729 2845 2729 2845 2739 2855 2740 2856 2729 2845 2740 2856 2728 2844 2728 2844 2740 2856 2741 2857 2728 2844 2741 2857 2727 2843 2727 2843 2741 2857 2742 2858 2727 2843 2742 2858 2726 2842 2726 2842 2742 2858 2732 2848 2726 2842 2732 2848 2725 2841 2725 2841 2732 2848 2560 2674 2725 2841 2560 2674 2561 2675 2556 2670 2557 2671 2743 2859 2743 2859 2557 2671 2558 2672 2558 2672 2732 2848 2743 2859 2743 2859 2732 2848 2742 2858 2743 2859 2742 2858 2744 2860 2744 2860 2742 2858 2741 2857 2744 2860 2741 2857 2745 2861 2745 2861 2741 2857 2740 2856 2745 2861 2740 2856 2746 2862 2746 2862 2740 2856 2739 2855 2746 2862 2739 2855 2747 2863 2747 2863 2739 2855 2738 2854 2747 2863 2738 2854 2748 2864 2748 2864 2738 2854 2737 2853 2748 2864 2737 2853 2749 2865 1284 950 2555 2669 2750 2866 2750 2866 2555 2669 2556 2670 2736 2852 2751 2867 2737 2853 2737 2853 2751 2867 2752 2868 2737 2853 2752 2868 2749 2865 2749 2865 2752 2868 2753 2869 2749 2865 2753 2869 2754 2870 2556 2670 2743 2859 2750 2866 2750 2866 2743 2859 2744 2860 2750 2866 2744 2860 2755 2871 2755 2871 2744 2860 2745 2861 2755 2871 2745 2861 2756 2872 2756 2872 2745 2861 2746 2862 2756 2872 2746 2862 2757 2873 2757 2873 2746 2862 2747 2863 2757 2873 2747 2863 2758 2874 2758 2874 2747 2863 2748 2864 2758 2874 2748 2864 2759 2875 2759 2875 2748 2864 2749 2865 2759 2875 2749 2865 2760 2876 2760 2876 2749 2865 2754 2870 2760 2876 2754 2870 2761 2877 1284 950 2750 2866 2572 2686 2572 2686 2750 2866 2755 2871 2572 2686 2755 2871 2571 2685 2571 2685 2755 2871 2756 2872 2571 2685 2756 2872 2570 2684 2570 2684 2756 2872 2757 2873 2570 2684 2757 2873 2569 2683 2569 2683 2757 2873 2758 2874 2569 2683 2758 2874 2568 2682 2568 2682 2758 2874 2759 2875 2568 2682 2759 2875 2567 2681 2567 2681 2759 2875 2760 2876 2567 2681 2760 2876 2566 2680 2566 2680 2760 2876 2761 2877 2566 2680 2761 2877 1290 956 650 325 2579 2693 2762 2878 2762 2878 2579 2693 2763 2879 2579 2693 2580 2694 2763 2879 2763 2879 2580 2694 2581 2695 2763 2879 2581 2695 2764 2880 2581 2695 2582 2696 2764 2880 2764 2880 2582 2696 2583 2697 2764 2880 2583 2697 2765 2881 2583 2697 2584 2698 2765 2881 2765 2881 2584 2698 2585 2699 2765 2881 2585 2699 2766 2882 1289 955 2767 2883 2577 2691 2577 2691 2767 2883 2768 2884 2577 2691 2768 2884 2576 2690 2576 2690 2768 2884 2769 2885 2576 2690 2769 2885 2575 2689 2575 2689 2769 2885 2770 2886 2575 2689 2770 2886 2574 2688 2574 2688 2770 2886 2771 2887 2574 2688 2771 2887 2573 2687 2573 2687 2771 2887 2772 2888 2573 2687 2772 2888 103 68 2767 2883 2773 2889 2768 2884 2768 2884 2773 2889 2774 2890 2768 2884 2774 2890 2769 2885 2769 2885 2774 2890 2775 2891 2769 2885 2775 2891 2770 2886 2770 2886 2775 2891 2776 2892 2770 2886 2776 2892 2771 2887 2771 2887 2776 2892 2777 2893 2771 2887 2777 2893 2772 2888 2772 2888 2777 2893 2778 2894 2773 2889 2779 2895 2774 2890 2774 2890 2779 2895 2780 2896 2774 2890 2780 2896 2775 2891 2775 2891 2780 2896 2781 2897 2775 2891 2781 2897 2776 2892 2776 2892 2781 2897 2782 2898 2776 2892 2782 2898 2777 2893 2777 2893 2782 2898 2783 2899 2777 2893 2783 2899 2778 2894 2778 2894 2783 2899 2784 2900 2779 2895 2762 2878 2780 2896 2780 2896 2762 2878 2763 2879 2780 2896 2763 2879 2781 2897 2781 2897 2763 2879 2764 2880 2781 2897 2764 2880 2782 2898 2782 2898 2764 2880 2765 2881 2782 2898 2765 2881 2783 2899 2783 2899 2765 2881 2766 2882 2783 2899 2766 2882 2784 2900 2784 2900 2766 2882 2785 2901 2585 2699 2587 2701 2766 2882 2766 2882 2587 2701 2586 2700 2766 2882 2586 2700 2785 2901 2785 2901 2586 2700 2588 2702 2785 2901 2588 2702 2578 2692 103 68 2772 2888 104 69 104 69 2772 2888 2778 2894 104 69 2778 2894 105 70 105 70 2778 2894 2784 2900 105 70 2784 2900 106 71 106 71 2784 2900 2785 2901 106 71 2785 2901 107 72 107 72 2785 2901 2578 2692 107 72 2578 2692 102 67 2609 2723 2608 2722 1634 1741 1074 700 1076 702 2589 2703 1558 1665 1078 704 1074 700 1532 1639 1616 1723 2590 2704 2590 2704 1616 1723 1562 1669 2590 2704 1562 1669 2591 2705 2591 2705 1562 1669 1561 1668 2591 2705 1561 1668 2589 2703 2589 2703 1561 1668 1560 1667 2589 2703 1560 1667 1074 700 1074 700 1560 1667 1559 1666 1074 700 1559 1666 1558 1665 1634 1741 1549 1656 2609 2723 2609 2723 1549 1656 1547 1654 2609 2723 1547 1654 2599 2713 2599 2713 1547 1654 1552 1659 2599 2713 1552 1659 2600 2714 2600 2714 1552 1659 1551 1658 2600 2714 1551 1658 2590 2704 2590 2704 1551 1658 1533 1640 2590 2704 1533 1640 1532 1639 1629 1736 2617 2731 2627 2741 1629 1736 2627 2741 1630 1737 1630 1737 2627 2741 2626 2740 1630 1737 2626 2740 1638 1745 1629 1736 1624 1731 2617 2731 2617 2731 1624 1731 1623 1730 2617 2731 1623 1730 2618 2732 2618 2732 1623 1730 1647 1754 2618 2732 1647 1754 2608 2722 2608 2722 1647 1754 1646 1753 2608 2722 1646 1753 1634 1741 657 332 656 331 2626 2740 2626 2740 656 331 1637 1744 2626 2740 1637 1744 1638 1745 1080 2902 1079 705 2786 2903 1569 1676 1568 1675 2786 2903 646 321 644 319 2787 2904 1870 1977 1865 1972 2788 2905 1755 1862 1754 1861 2789 2906 1887 1994 1885 1992 2788 2905 1885 1992 1884 1991 2788 2905 2788 2905 1884 1991 1871 1978 2788 2905 1871 1978 1870 1977 2790 2907 1883 1990 1882 1989 1881 1988 1880 1987 2791 2908 2791 2908 1880 1987 1879 1986 632 307 1883 1990 637 312 637 312 1883 1990 2790 2907 637 312 2790 2907 638 313 638 313 2790 2907 2792 2909 638 313 2792 2909 640 315 2787 2904 644 319 2792 2909 2792 2909 644 319 642 317 2792 2909 642 317 640 315 646 321 2787 2904 636 311 636 311 2787 2904 2793 2910 636 311 2793 2910 521 196 521 196 2793 2910 2794 2911 521 196 2794 2911 522 197 522 197 2794 2911 525 200 525 200 2794 2911 2795 2912 525 200 2795 2912 527 202 1526 1633 1525 1632 2795 2912 1523 1630 1528 1635 2796 2913 2796 2913 1528 1635 1527 1634 532 207 527 202 1519 1626 1519 1626 527 202 2795 2912 1519 1626 2795 2912 1524 1631 1524 1631 2795 2912 1525 1632 1521 1628 1522 1629 2797 2914 1483 1590 1494 1601 2797 2914 2797 2914 1494 1601 1520 1627 2797 2914 1520 1627 1521 1628 1536 1643 1535 1642 2798 2915 2798 2915 1535 1642 1571 1678 2798 2915 1571 1678 1484 1591 2799 2916 1529 1636 1576 1683 1566 1673 1539 1646 2799 2916 1539 1646 1538 1645 2799 2916 2799 2916 1538 1645 1530 1637 2799 2916 1530 1637 1529 1636 1079 705 1078 704 1615 1722 1079 705 1615 1722 2786 2903 2786 2903 1615 1722 1570 1677 2786 2903 1570 1677 1569 1676 1080 2902 2786 2903 1075 701 1075 701 2786 2903 2800 2917 1075 701 2800 2917 1077 703 1077 703 2800 2917 2801 2918 1077 703 2801 2918 835 493 835 493 2801 2918 2802 2919 835 493 2802 2919 839 497 1795 1902 1802 1909 2803 2920 2803 2920 1802 1909 1801 1908 1839 1946 1838 1945 2804 2921 2804 2921 1838 1945 837 495 2804 2921 837 495 831 490 839 497 2802 2919 830 489 830 489 2802 2919 2805 2922 830 489 2805 2922 831 490 831 490 2805 2922 2803 2920 831 490 2803 2920 2804 2921 2804 2921 2803 2920 1801 1908 2804 2921 1801 1908 1839 1946 1842 1949 1841 1948 2806 2923 2806 2923 1841 1948 1840 1947 1787 1894 1786 1893 2806 2923 1786 1893 1784 1891 2806 2923 2806 2923 1784 1891 1843 1950 2806 2923 1843 1950 1842 1949 1568 1675 1566 1673 2786 2903 2786 2903 1566 1673 2799 2916 2786 2903 2799 2916 2800 2917 2800 2917 2799 2916 2807 2924 2800 2917 2807 2924 2801 2918 2801 2918 2807 2924 2808 2925 2801 2918 2808 2925 2802 2919 2802 2919 2808 2925 2809 2926 2802 2919 2809 2926 2805 2922 2805 2922 2809 2926 2810 2927 2805 2922 2810 2927 2803 2920 2803 2920 2810 2927 2806 2923 2803 2920 2806 2923 1795 1902 1795 1902 2806 2923 1840 1947 1576 1683 1536 1643 2799 2916 2799 2916 1536 1643 2798 2915 2799 2916 2798 2915 2807 2924 2807 2924 2798 2915 2811 2928 2807 2924 2811 2928 2808 2925 2808 2925 2811 2928 2812 2929 2808 2925 2812 2929 2809 2926 2809 2926 2812 2929 2813 2930 2809 2926 2813 2930 2810 2927 2810 2927 2813 2930 2814 2931 2810 2927 2814 2931 2806 2923 2806 2923 2814 2931 2789 2906 2806 2923 2789 2906 1787 1894 1787 1894 2789 2906 1754 1861 1484 1591 1483 1590 2798 2915 2798 2915 1483 1590 2797 2914 2798 2915 2797 2914 2811 2928 2811 2928 2797 2914 2815 2932 2811 2928 2815 2932 2812 2929 2812 2929 2815 2932 2816 2933 2812 2929 2816 2933 2813 2930 2813 2930 2816 2933 2817 2934 2813 2930 2817 2934 2814 2931 2814 2931 2817 2934 2818 2935 2814 2931 2818 2935 2789 2906 2789 2906 2818 2935 2788 2905 2789 2906 2788 2905 1755 1862 1755 1862 2788 2905 1865 1972 1522 1629 1523 1630 2797 2914 2797 2914 1523 1630 2796 2913 2797 2914 2796 2913 2815 2932 2815 2932 2796 2913 2819 2936 2815 2932 2819 2936 2816 2933 2816 2933 2819 2936 2820 2937 2816 2933 2820 2937 2817 2934 2817 2934 2820 2937 2821 2938 2817 2934 2821 2938 2818 2935 2818 2935 2821 2938 2822 2939 2818 2935 2822 2939 2788 2905 2788 2905 2822 2939 2791 2908 2788 2905 2791 2908 1887 1994 1887 1994 2791 2908 1879 1986 1527 1634 1526 1633 2796 2913 2796 2913 1526 1633 2795 2912 2796 2913 2795 2912 2819 2936 2819 2936 2795 2912 2794 2911 2819 2936 2794 2911 2820 2937 2820 2937 2794 2911 2793 2910 2820 2937 2793 2910 2821 2938 2821 2938 2793 2910 2787 2904 2821 2938 2787 2904 2822 2939 2822 2939 2787 2904 2792 2909 2822 2939 2792 2909 2791 2908 2791 2908 2792 2909 2790 2907 2791 2908 2790 2907 1881 1988 1881 1988 2790 2907 1882 1989 1472 1579 1471 1578 2823 2940 2824 2941 2825 2942 2826 2943 1361 2781 78 2944 84 2774 2637 2751 2677 2793 2828 2945 2828 2945 2677 2793 2678 2794 2663 2778 2647 2761 2829 2946 2829 2946 2647 2761 2645 2759 2645 2759 2644 2758 2829 2946 2829 2946 2644 2758 2708 2824 2829 2946 2708 2824 2638 2752 2665 2780 2827 2947 2666 2782 2666 2782 2827 2947 2701 2817 2701 2817 2827 2947 966 597 2701 2817 966 597 965 596 2830 2948 684 354 2831 2949 2831 2949 684 354 674 344 2831 2949 674 344 2827 2947 2827 2947 674 344 673 2950 2827 2947 673 2950 966 597 2832 2951 2833 2952 2834 2953 2834 2953 2833 2952 2835 2954 2834 2953 2835 2954 2836 2955 2836 2955 2835 2954 2837 2956 2837 2956 691 361 2836 2955 2836 2955 691 361 690 360 2836 2955 690 360 2834 2953 2834 2953 690 360 670 340 2834 2953 670 340 2838 2957 2838 2957 670 340 669 339 2838 2957 669 339 2839 2958 2839 2958 669 339 686 356 2839 2958 686 356 2830 2948 2830 2948 686 356 685 2959 2830 2948 685 2959 684 354 2840 2960 2841 2961 2842 2962 2843 2963 2844 2964 2842 2962 2843 2963 2842 2962 2845 2965 2844 2964 2846 2966 2842 2962 2842 2962 2846 2966 2847 2967 2842 2962 2847 2967 2840 2960 2824 2941 2826 2943 1433 1540 1475 1582 1474 1581 2848 2968 1474 1581 1473 1580 2848 2968 2848 2968 1473 1580 1457 1564 2848 2968 1457 1564 1434 1541 1470 1577 1438 1545 2849 2969 2849 2969 1438 1545 1424 1531 2849 2969 1424 1531 1423 1530 1472 1579 2823 2940 572 247 579 254 577 252 2850 2970 2850 2970 577 252 575 250 2850 2970 575 250 2823 2940 2823 2940 575 250 573 248 2823 2940 573 248 572 247 579 254 2850 2970 581 256 581 256 2850 2970 2851 2971 581 256 2851 2971 583 258 583 258 2851 2971 2852 2972 583 258 2852 2972 571 246 571 246 2852 2972 568 243 568 243 2852 2972 2853 2973 568 243 2853 2973 587 262 587 262 2853 2973 589 264 589 264 2853 2973 2854 2974 589 264 2854 2974 591 266 591 266 2854 2974 1935 2042 591 266 1935 2042 593 268 1902 2009 1939 2046 2855 2975 2855 2975 1939 2046 1938 2045 2855 2975 1938 2045 1937 2044 1936 2043 1892 1999 2854 2974 2854 2974 1892 1999 1891 1998 2854 2974 1891 1998 1935 2042 1907 2014 1905 2012 2856 2976 2856 2976 1905 2012 1904 2011 2856 2976 1904 2011 1903 2010 2665 2780 2663 2778 2827 2947 2827 2947 2663 2778 2829 2946 2827 2947 2829 2946 2831 2949 2831 2949 2829 2946 2857 2977 2831 2949 2857 2977 2830 2948 2830 2948 2857 2977 2858 2978 2830 2948 2858 2978 2839 2958 2839 2958 2858 2978 2859 2979 2839 2958 2859 2979 2838 2957 2838 2957 2859 2979 2860 2980 2838 2957 2860 2980 2834 2953 2834 2953 2860 2980 2842 2962 2834 2953 2842 2962 2832 2951 2832 2951 2842 2962 2841 2961 2638 2752 2637 2751 2829 2946 2829 2946 2637 2751 2828 2945 2829 2946 2828 2945 2857 2977 2857 2977 2828 2945 2861 2981 2857 2977 2861 2981 2858 2978 2858 2978 2861 2981 2862 2982 2858 2978 2862 2982 2859 2979 2859 2979 2862 2982 2863 2983 2859 2979 2863 2983 2860 2980 2860 2980 2863 2983 2864 2984 2860 2980 2864 2984 2842 2962 2842 2962 2864 2984 2826 2943 2842 2962 2826 2943 2845 2965 2845 2965 2826 2943 2825 2942 2678 2794 1907 2014 2828 2945 2828 2945 1907 2014 2856 2976 2828 2945 2856 2976 2861 2981 2861 2981 2856 2976 2865 2985 2861 2981 2865 2985 2862 2982 2862 2982 2865 2985 2866 2986 2862 2982 2866 2986 2863 2983 2863 2983 2866 2986 2867 2987 2863 2983 2867 2987 2864 2984 2864 2984 2867 2987 2868 2988 2864 2984 2868 2988 2826 2943 2826 2943 2868 2988 2848 2968 2826 2943 2848 2968 1433 1540 1433 1540 2848 2968 1434 1541 1903 2010 1902 2009 2856 2976 2856 2976 1902 2009 2855 2975 2856 2976 2855 2975 2865 2985 2865 2985 2855 2975 2869 2989 2865 2985 2869 2989 2866 2986 2866 2986 2869 2989 2870 2990 2866 2986 2870 2990 2867 2987 2867 2987 2870 2990 2871 2991 2867 2987 2871 2991 2868 2988 2868 2988 2871 2991 2872 2992 2868 2988 2872 2992 2848 2968 2848 2968 2872 2992 2849 2969 2848 2968 2849 2969 1475 1582 1475 1582 2849 2969 1423 1530 1937 2044 1936 2043 2855 2975 2855 2975 1936 2043 2854 2974 2855 2975 2854 2974 2869 2989 2869 2989 2854 2974 2853 2973 2869 2989 2853 2973 2870 2990 2870 2990 2853 2973 2852 2972 2870 2990 2852 2972 2871 2991 2871 2991 2852 2972 2851 2971 2871 2991 2851 2971 2872 2992 2872 2992 2851 2971 2850 2970 2872 2992 2850 2970 2849 2969 2849 2969 2850 2970 2823 2940 2849 2969 2823 2940 1470 1577 1470 1577 2823 2940 1471 1578 1290 956 2761 2877 1288 954 1288 954 2761 2877 2873 2993 2761 2877 2754 2870 2873 2993 2873 2993 2754 2870 2753 2869 2873 2993 2753 2869 2874 2994 2753 2869 2752 2868 2874 2994 2874 2994 2752 2868 2751 2867 2874 2994 2751 2867 2875 2995 2751 2867 2736 2852 2875 2995 2875 2995 2736 2852 2735 2851 2875 2995 2735 2851 2876 2996 705 375 703 373 2877 2997 2735 2851 2734 2850 2876 2996 2876 2996 2734 2850 2733 2849 2876 2996 2733 2849 2877 2997 2877 2997 2733 2849 2718 2834 2877 2997 2718 2834 705 375 705 375 2718 2834 2717 2833 705 375 2717 2833 707 377 652 327 650 325 2878 2998 2878 2998 650 325 2762 2878 2878 2998 2762 2878 2879 2999 2879 2999 2762 2878 2779 2895 2879 2999 2779 2895 2880 3000 2880 3000 2779 2895 2773 2889 2880 3000 2773 2889 2881 3001 2881 3001 2773 2889 2767 2883 2881 3001 2767 2883 1288 954 1288 954 2767 2883 1289 955 2882 3002 2883 3003 2884 3004 2885 3005 1466 1573 1465 1572 1466 1573 2885 3005 1467 1574 2886 3006 2824 2941 1433 1540 2887 3007 2888 3008 2889 3009 1444 1551 1442 1549 2890 3010 2891 3011 2892 3012 2893 3013 2888 3008 1448 1555 1447 1554 1448 1555 2888 3008 1451 1558 1451 1558 2888 3008 2887 3007 1451 1558 2887 3007 1455 1562 2889 3009 2894 3014 2887 3007 2887 3007 2894 3014 2895 3015 2887 3007 2895 3015 1455 1562 1455 1562 2895 3015 1432 1539 2896 3016 2897 3017 2898 3018 2898 3018 2897 3017 2892 3012 2898 3018 2892 3012 2899 3019 2899 3019 2892 3012 2891 3011 2899 3019 2891 3011 2900 3020 1447 1554 2893 3013 2888 3008 2888 3008 2893 3013 2892 3012 2888 3008 2892 3012 2889 3009 2889 3009 2892 3012 2897 3017 2889 3009 2897 3017 2894 3014 2894 3014 2897 3017 2901 3021 2894 3014 2901 3021 2895 3015 2895 3015 2901 3021 2886 3006 2895 3015 2886 3006 1432 1539 1432 1539 2886 3006 1433 1540 2902 3022 2903 3023 2904 3024 2904 3024 2903 3023 2905 3025 2904 3024 2905 3025 2906 3026 2907 3027 2845 2965 2825 2942 2908 3028 2903 3023 2909 3029 2909 3029 2903 3023 2902 3022 2909 3029 2902 3022 2910 3030 2911 3031 2912 3032 2908 3028 2908 3028 2912 3032 2913 3033 2908 3028 2913 3033 2903 3023 2903 3023 2913 3033 2914 3034 2903 3023 2914 3034 2905 3025 2905 3025 2914 3034 2841 2961 2837 2956 2835 2954 2915 3035 2915 3035 2835 2954 2833 2952 2915 3035 2833 2952 2832 2951 2916 3036 2917 3037 2918 3038 2918 3038 2917 3037 2919 3039 2918 3038 2919 3039 2920 3040 2921 3041 2922 3042 2923 3043 2924 3044 2925 3045 2926 3046 2926 3046 2925 3045 2927 3047 2926 3046 2927 3047 2928 3048 2929 3049 2930 3050 2931 3051 2931 3051 2930 3050 2932 3052 2931 3051 2932 3052 2933 3053 2933 3053 2932 3052 2934 3054 2933 3053 2934 3054 2935 3055 2935 3055 2934 3054 2936 3056 2935 3055 2936 3056 2923 3043 2923 3043 2936 3056 2937 3057 2923 3043 2937 3057 2921 3041 1651 1758 2924 3044 1652 1759 1652 1759 2924 3044 2926 3046 1652 1759 2926 3046 1656 1763 1656 1763 2926 3046 2928 3048 1656 1763 2928 3048 1654 1761 1654 1761 2928 3048 2938 3058 1654 1761 2938 3058 1663 1770 1663 1770 2938 3058 2939 3059 1663 1770 2939 3059 1664 1771 2883 3003 2940 3060 2941 3061 2941 3061 2940 3060 2885 3005 2890 3010 1442 1549 2942 3062 2942 3062 1442 1549 1441 1548 2942 3062 1441 1548 2943 3063 2943 3063 1441 1548 1462 1569 2943 3063 1462 1569 1464 1571 2944 3064 2945 3065 2946 3066 2946 3066 2945 3065 2947 3067 2941 3061 2944 3064 2883 3003 2883 3003 2944 3064 2946 3066 2883 3003 2946 3066 2884 3004 2884 3004 2946 3066 2947 3067 1467 1574 2885 3005 1464 1571 1464 1571 2885 3005 2940 3060 1464 1571 2940 3060 2943 3063 2943 3063 2940 3060 2883 3003 2943 3063 2883 3003 2942 3062 2942 3062 2883 3003 2882 3002 2942 3062 2882 3002 2890 3010 1465 1572 1664 1771 2885 3005 2885 3005 1664 1771 2939 3059 2885 3005 2939 3059 2941 3061 2941 3061 2939 3059 2938 3058 2941 3061 2938 3058 2944 3064 2944 3064 2938 3058 2928 3048 2944 3064 2928 3048 2945 3065 2945 3065 2928 3048 2927 3047 2945 3065 2927 3047 2947 3067 2947 3067 2927 3047 2948 3068 2947 3067 2948 3068 2884 3004 2884 3004 2948 3068 2900 3020 2884 3004 2900 3020 2882 3002 2882 3002 2900 3020 2891 3011 2882 3002 2891 3011 2890 3010 2890 3010 2891 3011 2893 3013 2890 3010 2893 3013 1444 1551 1444 1551 2893 3013 1447 1554 691 361 2837 2956 2949 3069 2949 3069 2837 2956 2915 3035 2949 3069 2915 3035 2950 3070 2950 3070 2915 3035 2920 3040 1365 3071 78 2944 1361 2781 2950 3070 2920 3040 2919 3039 2841 2961 2840 2960 2905 3025 2905 3025 2840 2960 2847 2967 2905 3025 2847 2967 2906 3026 2906 3026 2847 2967 2846 2966 2906 3026 2846 2966 2951 3072 2951 3072 2846 2966 2844 2964 2951 3072 2844 2964 2907 3027 2907 3027 2844 2964 2843 2963 2907 3027 2843 2963 2845 2965 2952 3073 2953 3074 2916 3036 2916 3036 2953 3074 2954 3075 2916 3036 2954 3075 2917 3037 2955 3076 2952 3073 2956 3077 2956 3077 2952 3073 2916 3036 2956 3077 2916 3036 2911 3031 2911 3031 2916 3036 2918 3038 2911 3031 2918 3038 2912 3032 2912 3032 2918 3038 2920 3040 2912 3032 2920 3040 2913 3033 2913 3033 2920 3040 2915 3035 2913 3033 2915 3035 2914 3034 2914 3034 2915 3035 2832 2951 2914 3034 2832 2951 2841 2961 2930 3050 2955 3076 2932 3052 2932 3052 2955 3076 2956 3077 2932 3052 2956 3077 2934 3054 2934 3054 2956 3077 2911 3031 2934 3054 2911 3031 2936 3056 2936 3056 2911 3031 2908 3028 2936 3056 2908 3028 2937 3057 2937 3057 2908 3028 2909 3029 2937 3057 2909 3029 2921 3041 2921 3041 2909 3029 2910 3030 2921 3041 2910 3030 2922 3042 1676 1783 2929 3049 1651 1758 1651 1758 2929 3049 2931 3051 1651 1758 2931 3051 2924 3044 2924 3044 2931 3051 2933 3053 2924 3044 2933 3053 2925 3045 2925 3045 2933 3053 2935 3055 2925 3045 2935 3055 2927 3047 2927 3047 2935 3055 2923 3043 2927 3047 2923 3043 2948 3068 2948 3068 2923 3043 2922 3042 2948 3068 2922 3042 2900 3020 2900 3020 2922 3042 2910 3030 2900 3020 2910 3030 2899 3019 2899 3019 2910 3030 2902 3022 2899 3019 2902 3022 2898 3018 2898 3018 2902 3022 2904 3024 2898 3018 2904 3024 2896 3016 2896 3016 2904 3024 2906 3026 2896 3016 2906 3026 2897 3017 2897 3017 2906 3026 2951 3072 2897 3017 2951 3072 2901 3021 2901 3021 2951 3072 2907 3027 2901 3021 2907 3027 2886 3006 2886 3006 2907 3027 2825 2942 2886 3006 2825 2942 2824 2941 688 358 689 359 2957 3078 688 358 2957 3078 2958 3079 2957 3078 2959 3080 2958 3079 2958 3079 2959 3080 2960 3081 2958 3079 2960 3081 2961 3082 2960 3081 2962 3083 2961 3082 2961 3082 2962 3083 2963 3084 2961 3082 2963 3084 2964 3085 2963 3084 2965 3086 2964 3085 2964 3085 2965 3086 2966 3087 2964 3085 2966 3087 2967 3088 703 373 694 364 2877 2997 2877 2997 694 364 2968 3089 2877 2997 2968 3089 2876 2996 2876 2996 2968 3089 2969 3090 2876 2996 2969 3090 2875 2995 2875 2995 2969 3090 2970 3091 2875 2995 2970 3091 2874 2994 2874 2994 2970 3091 2971 3092 2874 2994 2971 3092 2873 2993 2873 2993 2971 3092 2972 3093 2873 2993 2972 3093 1288 954 694 364 697 367 2968 3089 2968 3089 697 367 2973 3094 2968 3089 2973 3094 2969 3090 2969 3090 2973 3094 2974 3095 2969 3090 2974 3095 2970 3091 2970 3091 2974 3095 2975 3096 2970 3091 2975 3096 2971 3092 2971 3092 2975 3096 2976 3097 2971 3092 2976 3097 2972 3093 2972 3093 2976 3097 2977 3098 697 367 687 357 2973 3094 2973 3094 687 357 2978 3099 2973 3094 2978 3099 2974 3095 2974 3095 2978 3099 2979 3100 2974 3095 2979 3100 2975 3096 2975 3096 2979 3100 2980 3101 2975 3096 2980 3101 2976 3097 2976 3097 2980 3101 2981 3102 2976 3097 2981 3102 2977 3098 2977 3098 2981 3102 2982 3103 687 357 688 358 2978 3099 2978 3099 688 358 2958 3079 2978 3099 2958 3079 2979 3100 2979 3100 2958 3079 2961 3082 2979 3100 2961 3082 2980 3101 2980 3101 2961 3082 2964 3085 2980 3101 2964 3085 2981 3102 2981 3102 2964 3085 2967 3088 2981 3102 2967 3088 2982 3103 2982 3103 2967 3088 2983 3104 2966 3087 2984 3105 2967 3088 2967 3088 2984 3105 2985 3106 2967 3088 2985 3106 2983 3104 2983 3104 2985 3106 2986 3107 2983 3104 2986 3107 2987 3108 1288 954 2972 3093 2881 3001 2881 3001 2972 3093 2977 3098 2881 3001 2977 3098 2880 3000 2880 3000 2977 3098 2982 3103 2880 3000 2982 3103 2879 2999 2879 2999 2982 3103 2983 3104 2879 2999 2983 3104 2878 2998 2878 2998 2983 3104 2987 3108 2878 2998 2987 3108 652 327 2953 3074 2952 3073 2960 3081 2960 3081 2952 3073 2962 3083 1674 1781 2966 3087 1675 1782 1675 1782 2966 3087 2965 3086 2952 3073 2955 3076 2962 3083 2962 3083 2955 3076 2930 3050 2962 3083 2930 3050 2963 3084 2963 3084 2930 3050 2929 3049 2963 3084 2929 3049 2965 3086 2965 3086 2929 3049 1676 1783 2965 3086 1676 1783 1675 1782 1365 3071 79 3109 78 2944 2957 3078 2950 3070 2919 3039 2957 3078 2919 3039 2959 3080 2959 3080 2919 3039 2917 3037 2959 3080 2917 3037 2960 3081 2960 3081 2917 3037 2954 3075 2960 3081 2954 3075 2953 3074 689 359 691 361 2957 3078 2957 3078 691 361 2949 3069 2957 3078 2949 3069 2950 3070 651 326 652 327 1665 1772 1665 1772 652 327 2987 3108 2985 3106 1667 1774 2986 3107 2986 3107 1667 1774 1669 1776 2986 3107 1669 1776 2987 3108 2987 3108 1669 1776 1670 1777 2987 3108 1670 1777 1665 1772 1674 1781 1673 1780 2966 3087 2966 3087 1673 1780 1672 1779 2966 3087 1672 1779 2984 3105 2984 3105 1672 1779 1671 1778 2984 3105 1671 1778 2985 3106 2985 3106 1671 1778 1666 1773 2985 3106 1666 1773 1667 1774 137 101 136 100 2988 3110 1293 959 2989 3111 1295 961 1295 961 2989 3111 2990 3112 2990 3112 2989 3111 2991 3113 2991 3113 2989 3111 2992 3114 2991 3113 2992 3114 2993 3115 2993 3115 2992 3114 2994 3116 2994 3116 2992 3114 2995 3117 2994 3116 2995 3117 2996 3118 2996 3118 2995 3117 2997 3119 2997 3119 2995 3117 2998 3120 2997 3119 2998 3120 2999 3121 2999 3121 2998 3120 3000 3122 3000 3122 2998 3120 3001 3123 3000 3122 3001 3123 3002 3124 108 73 137 101 3003 3125 3003 3125 137 101 2988 3110 3003 3125 2988 3110 3001 3123 3001 3123 2988 3110 3004 3126 3001 3123 3004 3126 3002 3124 108 73 3003 3125 3005 3127 3003 3125 3001 3123 3006 3128 3001 3123 2998 3120 3007 3129 2995 3117 2992 3114 3008 3130 2989 3111 1293 959 3009 3131 2989 3111 3009 3131 3010 3132 3010 3132 3009 3131 3011 3133 3010 3132 3011 3133 3012 3134 3012 3134 3011 3133 3013 3135 3012 3134 3013 3135 3014 3136 3014 3136 3013 3135 3015 3137 3014 3136 3015 3137 3016 3138 3016 3138 3015 3137 3017 3139 3016 3138 3017 3139 3018 3140 3018 3140 3017 3139 3019 3141 3018 3140 3019 3141 3020 3142 3020 3142 3019 3141 3021 3143 3020 3142 3021 3143 3022 3144 3021 3143 1140 758 3022 3144 3022 3144 1140 758 3023 3145 3022 3144 3023 3145 3024 3146 3024 3146 3025 3147 3022 3144 3022 3144 3025 3147 3026 3148 3022 3144 3026 3148 3020 3142 3020 3142 3026 3148 3027 3149 3020 3142 3027 3149 3018 3140 3018 3140 3027 3149 3028 3150 3018 3140 3028 3150 3016 3138 3016 3138 3028 3150 3029 3151 3016 3138 3029 3151 3014 3136 3014 3136 3029 3151 3030 3152 3014 3136 3030 3152 3012 3134 3012 3134 3030 3152 3008 3130 3012 3134 3008 3130 3010 3132 3010 3132 3008 3130 2992 3114 3010 3132 2992 3114 2989 3111 2995 3117 3008 3130 3031 3153 3031 3153 3008 3130 3030 3152 3031 3153 3030 3152 3032 3154 3032 3154 3030 3152 3029 3151 3032 3154 3029 3151 3033 3155 3033 3155 3029 3151 3028 3150 3033 3155 3028 3150 3034 3156 3034 3156 3028 3150 3027 3149 3034 3156 3027 3149 3035 3157 3035 3157 3027 3149 3026 3148 3035 3157 3026 3148 3036 3158 3036 3158 3026 3148 3025 3147 3036 3158 3025 3147 3037 3159 3024 3146 3038 3160 3025 3147 3025 3147 3038 3160 3039 3161 3025 3147 3039 3161 3037 3159 3037 3159 3039 3161 3040 3162 3037 3159 3040 3162 3041 3163 3041 3163 3042 3164 3037 3159 3037 3159 3042 3164 3043 3165 3037 3159 3043 3165 3036 3158 3036 3158 3043 3165 3044 3166 3036 3158 3044 3166 3035 3157 3035 3157 3044 3166 3045 3167 3035 3157 3045 3167 3034 3156 3034 3156 3045 3167 3046 3168 3034 3156 3046 3168 3033 3155 3033 3155 3046 3168 3047 3169 3033 3155 3047 3169 3032 3154 3032 3154 3047 3169 3007 3129 3032 3154 3007 3129 3031 3153 3031 3153 3007 3129 2998 3120 3031 3153 2998 3120 2995 3117 3001 3123 3007 3129 3006 3128 3006 3128 3007 3129 3047 3169 3006 3128 3047 3169 3048 3170 3048 3170 3047 3169 3046 3168 3048 3170 3046 3168 3049 3171 3049 3171 3046 3168 3045 3167 3049 3171 3045 3167 3050 3172 3050 3172 3045 3167 3044 3166 3050 3172 3044 3166 3051 3173 3051 3173 3044 3166 3043 3165 3051 3173 3043 3165 3052 3174 3052 3174 3043 3165 3042 3164 3052 3174 3042 3164 3053 3175 3041 3163 3054 3176 3042 3164 3042 3164 3054 3176 3055 3177 3042 3164 3055 3177 3053 3175 3053 3175 3055 3177 3056 3178 3053 3175 3056 3178 3057 3179 3003 3125 3006 3128 3005 3127 3005 3127 3006 3128 3048 3170 3005 3127 3048 3170 3058 3180 3058 3180 3048 3170 3049 3171 3058 3180 3049 3171 3059 3181 3059 3181 3049 3171 3050 3172 3059 3181 3050 3172 3060 3182 3060 3182 3050 3172 3051 3173 3060 3182 3051 3173 3061 3183 3061 3183 3051 3173 3052 3174 3061 3183 3052 3174 3062 3184 3062 3184 3052 3174 3053 3175 3062 3184 3053 3175 3063 3185 3063 3185 3053 3175 3057 3179 3063 3185 3057 3179 3064 3186 108 73 3005 3127 109 74 109 74 3005 3127 3058 3180 109 74 3058 3180 110 75 110 75 3058 3180 3059 3181 110 75 3059 3181 111 76 111 76 3059 3181 3060 3182 111 76 3060 3182 123 87 123 87 3060 3182 3061 3183 123 87 3061 3183 124 88 124 88 3061 3183 3062 3184 124 88 3062 3184 126 90 126 90 3062 3184 3063 3185 126 90 3063 3185 128 92 128 92 3063 3185 3064 3186 128 92 3064 3186 130 94 1295 961 2990 3112 3065 3187 3065 3187 2990 3112 3066 3188 2990 3112 2991 3113 3066 3188 3066 3188 2991 3113 2993 3115 3066 3188 2993 3115 3067 3189 2993 3115 2994 3116 3067 3189 3067 3189 2994 3116 2996 3118 3067 3189 2996 3118 3068 3190 2996 3118 2997 3119 3068 3190 3068 3190 2997 3119 2999 3121 3068 3190 2999 3121 3069 3191 1142 760 3070 3192 3071 3193 3071 3193 3070 3192 3072 3194 3071 3193 3072 3194 3073 3195 3073 3195 3072 3194 3074 3196 3073 3195 3074 3196 3075 3197 3075 3197 3074 3196 3076 3198 3075 3197 3076 3198 3077 3199 3077 3199 3076 3198 3078 3200 3077 3199 3078 3200 3079 3201 3079 3201 3078 3200 3080 3202 3079 3201 3080 3202 142 106 3070 3192 3081 3203 3072 3194 3072 3194 3081 3203 3082 3204 3072 3194 3082 3204 3074 3196 3074 3196 3082 3204 3083 3205 3074 3196 3083 3205 3076 3198 3076 3198 3083 3205 3084 3206 3076 3198 3084 3206 3078 3200 3078 3200 3084 3206 3085 3207 3078 3200 3085 3207 3080 3202 3080 3202 3085 3207 3086 3208 3081 3203 3087 3209 3082 3204 3082 3204 3087 3209 3088 3210 3082 3204 3088 3210 3083 3205 3083 3205 3088 3210 3089 3211 3083 3205 3089 3211 3084 3206 3084 3206 3089 3211 3090 3212 3084 3206 3090 3212 3085 3207 3085 3207 3090 3212 3091 3213 3085 3207 3091 3213 3086 3208 3086 3208 3091 3213 3092 3214 3087 3209 3065 3187 3088 3210 3088 3210 3065 3187 3066 3188 3088 3210 3066 3188 3089 3211 3089 3211 3066 3188 3067 3189 3089 3211 3067 3189 3090 3212 3090 3212 3067 3189 3068 3190 3090 3212 3068 3190 3091 3213 3091 3213 3068 3190 3069 3191 3091 3213 3069 3191 3092 3214 3092 3214 3069 3191 3093 3215 2999 3121 3000 3122 3069 3191 3069 3191 3000 3122 3002 3124 3069 3191 3002 3124 3093 3215 3093 3215 3002 3124 3004 3126 3093 3215 3004 3126 2988 3110 142 106 3080 3202 132 96 132 96 3080 3202 3086 3208 132 96 3086 3208 133 97 133 97 3086 3208 3092 3214 133 97 3092 3214 134 98 134 98 3092 3214 3093 3215 134 98 3093 3215 135 99 135 99 3093 3215 2988 3110 135 99 2988 3110 136 100 1293 959 1292 958 3009 3131 3009 3131 1292 958 3094 3216 3009 3131 3094 3216 3011 3133 3011 3133 3094 3216 3095 3217 3011 3133 3095 3217 3013 3135 3013 3135 3095 3217 3096 3218 3013 3135 3096 3218 3015 3137 3015 3137 3096 3218 3097 3219 3015 3137 3097 3219 3017 3139 3017 3139 3097 3219 3098 3220 3017 3139 3098 3220 3019 3141 3019 3141 3098 3220 3099 3221 3019 3141 3099 3221 3021 3143 3021 3143 3099 3221 3100 3222 3021 3143 3100 3222 1140 758 1140 758 3100 3222 1139 757 3023 3145 1140 758 1138 756 3023 3145 1138 756 3024 3146 3024 3146 1138 756 3101 3223 3024 3146 3101 3223 3038 3160 3038 3160 3101 3223 3039 3161 3039 3161 3101 3223 3102 3224 3039 3161 3102 3224 3040 3162 3040 3162 3102 3224 3103 3225 3040 3162 3103 3225 3041 3163 3041 3163 3103 3225 3054 3176 3054 3176 3103 3225 3104 3226 3054 3176 3104 3226 3055 3177 3055 3177 3104 3226 3056 3178 3056 3178 3104 3226 3105 3227 3056 3178 3105 3227 3057 3179 3057 3179 3105 3227 3064 3186 3064 3186 3105 3227 131 95 3064 3186 131 95 130 94 1309 1177 1307 1175 3106 3228 1305 1173 1303 1171 3107 3229 153 3230 120 84 3108 3231 150 113 34 3232 3109 3233 153 3230 3108 3231 154 115 3109 3233 3110 3234 3111 3235 3111 3235 3110 3234 3112 3236 3111 3235 3112 3236 3113 3237 3113 3237 3112 3236 3114 3238 3113 3237 3114 3238 3115 3239 3115 3239 3114 3238 3116 3240 3115 3239 3116 3240 3117 3241 3117 3241 3116 3240 3107 3229 1299 1167 1297 1165 3117 3241 3117 3241 1297 1165 3118 3242 3117 3241 3118 3242 3115 3239 3115 3239 3118 3242 3119 3243 3115 3239 3119 3243 3113 3237 3113 3237 3119 3243 3120 3244 3113 3237 3120 3244 3111 3235 3111 3235 3120 3244 3121 3245 3111 3235 3121 3245 3109 3233 3109 3233 3121 3245 3122 3246 3109 3233 3122 3246 150 113 3107 3229 1303 1171 3117 3241 3117 3241 1303 1171 1301 1169 3117 3241 1301 1169 1299 1167 3110 3234 3123 3247 3112 3236 3112 3236 3123 3247 3124 3248 3112 3236 3124 3248 3114 3238 3114 3238 3124 3248 3125 3249 3114 3238 3125 3249 3116 3240 3116 3240 3125 3249 3126 3250 3116 3240 3126 3250 3107 3229 3107 3229 3126 3250 3106 3228 3107 3229 3106 3228 1305 1173 1305 1173 3106 3228 1307 1175 1311 1179 1309 1177 3127 3251 3127 3251 1309 1177 3106 3228 3127 3251 3106 3228 3128 3252 3128 3252 3106 3228 3126 3250 3128 3252 3126 3250 3129 3253 3129 3253 3126 3250 3125 3249 3129 3253 3125 3249 3130 3254 3130 3254 3125 3249 3124 3248 3130 3254 3124 3248 3108 3231 3108 3231 3124 3248 3123 3247 3108 3231 3123 3247 154 115 154 115 3123 3247 3110 3234 154 115 3110 3234 155 116 155 116 3110 3234 3109 3233 155 116 3109 3233 33 26 33 26 3109 3233 34 3232 120 84 119 83 3108 3231 3108 3231 119 83 3131 3255 3108 3231 3131 3255 3130 3254 3130 3254 3131 3255 3132 3256 3130 3254 3132 3256 3129 3253 3129 3253 3132 3256 3133 3257 3129 3253 3133 3257 3128 3252 3128 3252 3133 3257 3134 3258 3128 3252 3134 3258 3127 3251 3127 3251 3134 3258 3135 3259 3127 3251 3135 3259 1311 1179 1311 1179 3135 3259 1313 1181 1144 762 1142 760 3071 3193 1144 762 3071 3193 3136 3260 3136 3260 3071 3193 3073 3195 3136 3260 3073 3195 3137 3261 3137 3261 3073 3195 3075 3197 3137 3261 3075 3197 3138 3262 3138 3262 3075 3197 3077 3199 3138 3262 3077 3199 3139 3263 3139 3263 3077 3199 3079 3201 3139 3263 3079 3201 3140 3264 142 106 141 105 3079 3201 3079 3201 141 105 140 104 3079 3201 140 104 3140 3264 3140 3264 140 104 139 103 1142 760 1141 759 3070 3192 3070 3192 1141 759 3141 3265 3070 3192 3141 3265 3081 3203 3081 3203 3141 3265 3142 3266 3081 3203 3142 3266 3087 3209 3087 3209 3142 3266 3143 3267 3087 3209 3143 3267 3065 3187 3065 3187 3143 3267 3144 3268 3065 3187 3144 3268 1295 961 1295 961 3144 3268 1294 960 704 374 706 376 3145 3269 1292 958 1294 960 3146 3270 702 372 704 374 3147 3271 3147 3271 704 374 3145 3269 3147 3271 3145 3269 3148 3272 3148 3272 3145 3269 3149 3273 3148 3272 3149 3273 3150 3274 3150 3274 3149 3273 3151 3275 3150 3274 3151 3275 3152 3276 3152 3276 3151 3275 3153 3277 3152 3276 3153 3277 3154 3278 3154 3278 3153 3277 3155 3279 3154 3278 3155 3279 3156 3280 3156 3280 3155 3279 3157 3281 3156 3280 3157 3281 3158 3282 3158 3282 3157 3281 3159 3283 3158 3282 3159 3283 3160 3284 3160 3284 3159 3283 3161 3285 3160 3284 3161 3285 3162 3286 3162 3286 3161 3285 3163 3287 3162 3286 3163 3287 3164 3288 3164 3288 3163 3287 3165 3289 3164 3288 3165 3289 3146 3270 3146 3270 3165 3289 3166 3290 3146 3270 3166 3290 1292 958 3145 3269 706 376 708 378 3151 3275 3149 3273 3167 3291 3167 3291 3149 3273 3145 3269 3145 3269 708 378 3167 3291 3167 3291 708 378 720 390 3167 3291 720 390 3168 3292 3168 3292 720 390 722 392 3168 3292 722 392 3169 3293 3169 3293 722 392 717 387 3169 3293 717 387 3170 3294 3170 3294 717 387 716 386 3170 3294 716 386 3171 3295 3171 3295 716 386 713 383 3171 3295 713 383 3172 3296 3172 3296 713 383 711 381 3172 3296 711 381 3173 3297 3173 3297 711 381 735 405 3173 3297 735 405 3174 3298 3155 3279 3153 3277 3175 3299 3175 3299 3153 3277 3151 3275 3151 3275 3167 3291 3175 3299 3175 3299 3167 3291 3168 3292 3175 3299 3168 3292 3176 3300 3176 3300 3168 3292 3169 3293 3176 3300 3169 3293 3177 3301 3177 3301 3169 3293 3170 3294 3177 3301 3170 3294 3178 3302 3178 3302 3170 3294 3171 3295 3178 3302 3171 3295 3179 3303 3179 3303 3171 3295 3172 3296 3179 3303 3172 3296 3180 3304 3180 3304 3172 3296 3173 3297 3180 3304 3173 3297 3181 3305 3181 3305 3173 3297 3174 3298 3181 3305 3174 3298 3182 3306 3159 3283 3157 3281 3183 3307 3183 3307 3157 3281 3155 3279 3155 3279 3175 3299 3183 3307 3183 3307 3175 3299 3176 3300 3183 3307 3176 3300 3184 3308 3184 3308 3176 3300 3177 3301 3184 3308 3177 3301 3185 3309 3185 3309 3177 3301 3178 3302 3185 3309 3178 3302 3186 3310 3186 3310 3178 3302 3179 3303 3186 3310 3179 3303 3187 3311 3187 3311 3179 3303 3180 3304 3187 3311 3180 3304 3188 3312 3188 3312 3180 3304 3181 3305 3188 3312 3181 3305 3189 3313 3189 3313 3181 3305 3182 3306 3189 3313 3182 3306 3190 3314 3163 3287 3161 3285 3191 3315 3191 3315 3161 3285 3159 3283 3159 3283 3183 3307 3191 3315 3191 3315 3183 3307 3184 3308 3191 3315 3184 3308 3192 3316 3192 3316 3184 3308 3185 3309 3192 3316 3185 3309 3193 3317 3193 3317 3185 3309 3186 3310 3193 3317 3186 3310 3194 3318 3194 3318 3186 3310 3187 3311 3194 3318 3187 3311 3195 3319 3195 3319 3187 3311 3188 3312 3195 3319 3188 3312 3196 3320 3196 3320 3188 3312 3189 3313 3196 3320 3189 3313 3197 3321 3197 3321 3189 3313 3190 3314 3197 3321 3190 3314 3198 3322 3166 3290 3165 3289 3199 3323 3199 3323 3165 3289 3163 3287 3163 3287 3191 3315 3199 3323 3199 3323 3191 3315 3192 3316 3199 3323 3192 3316 3200 3324 3200 3324 3192 3316 3193 3317 3200 3324 3193 3317 3201 3325 3201 3325 3193 3317 3194 3318 3201 3325 3194 3318 3202 3326 3202 3326 3194 3318 3195 3319 3202 3326 3195 3319 3203 3327 3203 3327 3195 3319 3196 3320 3203 3327 3196 3320 3204 3328 3204 3328 3196 3320 3197 3321 3204 3328 3197 3321 3205 3329 3205 3329 3197 3321 3198 3322 3205 3329 3198 3322 3206 3330 3094 3216 1292 958 3166 3290 3166 3290 3199 3323 3094 3216 3094 3216 3199 3323 3200 3324 3094 3216 3200 3324 3095 3217 3095 3217 3200 3324 3201 3325 3095 3217 3201 3325 3096 3218 3096 3218 3201 3325 3202 3326 3096 3218 3202 3326 3097 3219 3097 3219 3202 3326 3203 3327 3097 3219 3203 3327 3098 3220 3098 3220 3203 3327 3204 3328 3098 3220 3204 3328 3099 3221 3099 3221 3204 3328 3205 3329 3099 3221 3205 3329 3100 3222 3100 3222 3205 3329 3206 3330 3100 3222 3206 3330 1139 757 131 95 3105 3227 3207 3331 3105 3227 3104 3226 3208 3332 3104 3226 3103 3225 3209 3333 3103 3225 3102 3224 3210 3334 3102 3224 3101 3223 3211 3335 3101 3223 1138 756 3212 3336 3101 3223 3212 3336 3211 3335 3211 3335 3212 3336 3213 3337 3211 3335 3213 3337 3214 3338 3214 3338 3213 3337 3215 3339 3214 3338 3215 3339 3216 3340 3216 3340 3215 3339 3217 3341 3216 3340 3217 3341 3218 3342 3218 3342 3217 3341 3219 3343 3218 3342 3219 3343 3220 3344 3220 3344 3219 3343 3221 3345 3220 3344 3221 3345 3222 3346 3222 3346 3221 3345 3223 3347 3222 3346 3223 3347 3224 3348 3224 3348 3223 3347 1313 1181 3224 3348 1313 1181 3135 3259 3102 3224 3211 3335 3210 3334 3210 3334 3211 3335 3214 3338 3210 3334 3214 3338 3225 3349 3225 3349 3214 3338 3216 3340 3225 3349 3216 3340 3226 3350 3226 3350 3216 3340 3218 3342 3226 3350 3218 3342 3227 3351 3227 3351 3218 3342 3220 3344 3227 3351 3220 3344 3228 3352 3228 3352 3220 3344 3222 3346 3228 3352 3222 3346 3229 3353 3229 3353 3222 3346 3224 3348 3229 3353 3224 3348 3230 3354 3230 3354 3224 3348 3135 3259 3230 3354 3135 3259 3134 3258 3103 3225 3210 3334 3209 3333 3209 3333 3210 3334 3225 3349 3209 3333 3225 3349 3231 3355 3231 3355 3225 3349 3226 3350 3231 3355 3226 3350 3232 3356 3232 3356 3226 3350 3227 3351 3232 3356 3227 3351 3233 3357 3233 3357 3227 3351 3228 3352 3233 3357 3228 3352 3234 3358 3234 3358 3228 3352 3229 3353 3234 3358 3229 3353 3235 3359 3235 3359 3229 3353 3230 3354 3235 3359 3230 3354 3236 3360 3236 3360 3230 3354 3134 3258 3236 3360 3134 3258 3133 3257 3104 3226 3209 3333 3208 3332 3208 3332 3209 3333 3231 3355 3208 3332 3231 3355 3237 3361 3237 3361 3231 3355 3232 3356 3237 3361 3232 3356 3238 3362 3238 3362 3232 3356 3233 3357 3238 3362 3233 3357 3239 3363 3239 3363 3233 3357 3234 3358 3239 3363 3234 3358 3240 3364 3240 3364 3234 3358 3235 3359 3240 3364 3235 3359 3241 3365 3241 3365 3235 3359 3236 3360 3241 3365 3236 3360 3242 3366 3242 3366 3236 3360 3133 3257 3242 3366 3133 3257 3132 3256 3105 3227 3208 3332 3207 3331 3207 3331 3208 3332 3237 3361 3207 3331 3237 3361 3243 3367 3243 3367 3237 3361 3238 3362 3243 3367 3238 3362 3244 3368 3244 3368 3238 3362 3239 3363 3244 3368 3239 3363 3245 3369 3245 3369 3239 3363 3240 3364 3245 3369 3240 3364 3246 3370 3246 3370 3240 3364 3241 3365 3246 3370 3241 3365 3247 3371 3247 3371 3241 3365 3242 3366 3247 3371 3242 3366 3248 3372 3248 3372 3242 3366 3132 3256 3248 3372 3132 3256 3131 3255 131 95 3207 3331 112 77 112 77 3207 3331 3243 3367 112 77 3243 3367 113 78 113 78 3243 3367 3244 3368 113 78 3244 3368 121 85 121 85 3244 3368 3245 3369 121 85 3245 3369 122 86 122 86 3245 3369 3246 3370 122 86 3246 3370 115 80 115 80 3246 3370 3247 3371 115 80 3247 3371 116 81 116 81 3247 3371 3248 3372 116 81 3248 3372 118 82 118 82 3248 3372 3131 3255 118 82 3131 3255 119 83 3249 3373 3250 3374 3251 3375 3250 3374 3252 3376 3253 3377 3252 3376 3254 3378 3255 3379 3254 3378 3256 3380 3257 3381 3256 3380 3258 3382 3259 3383 3256 3380 3259 3383 3257 3381 3257 3381 3259 3383 3260 3384 3257 3381 3260 3384 3261 3385 3261 3385 3260 3384 3262 3386 3261 3385 3262 3386 3263 3387 3263 3387 3262 3386 3264 3388 3263 3387 3264 3388 3265 3389 3265 3389 3264 3388 3266 3390 3265 3389 3266 3390 3267 3391 3267 3391 3266 3390 3268 3392 3267 3391 3268 3392 3269 3393 3269 3393 3268 3392 1144 762 3269 3393 1144 762 3136 3260 3254 3378 3257 3381 3255 3379 3255 3379 3257 3381 3261 3385 3255 3379 3261 3385 3270 3394 3270 3394 3261 3385 3263 3387 3270 3394 3263 3387 3271 3395 3271 3395 3263 3387 3265 3389 3271 3395 3265 3389 3272 3396 3272 3396 3265 3389 3267 3391 3272 3396 3267 3391 3273 3397 3273 3397 3267 3391 3269 3393 3273 3397 3269 3393 3274 3398 3274 3398 3269 3393 3136 3260 3274 3398 3136 3260 3137 3261 3252 3376 3255 3379 3253 3377 3253 3377 3255 3379 3270 3394 3253 3377 3270 3394 3275 3399 3275 3399 3270 3394 3271 3395 3275 3399 3271 3395 3276 3400 3276 3400 3271 3395 3272 3396 3276 3400 3272 3396 3277 3401 3277 3401 3272 3396 3273 3397 3277 3401 3273 3397 3278 3402 3278 3402 3273 3397 3274 3398 3278 3402 3274 3398 3279 3403 3279 3403 3274 3398 3137 3261 3279 3403 3137 3261 3138 3262 3250 3374 3253 3377 3251 3375 3251 3375 3253 3377 3275 3399 3251 3375 3275 3399 3280 3404 3280 3404 3275 3399 3276 3400 3280 3404 3276 3400 3281 3405 3281 3405 3276 3400 3277 3401 3281 3405 3277 3401 3282 3406 3282 3406 3277 3401 3278 3402 3282 3406 3278 3402 3283 3407 3283 3407 3278 3402 3279 3403 3283 3407 3279 3403 3284 3408 3284 3408 3279 3403 3138 3262 3284 3408 3138 3262 3139 3263 3249 3373 3251 3375 3285 3409 3285 3409 3251 3375 3280 3404 3285 3409 3280 3404 3286 3410 3286 3410 3280 3404 3281 3405 3286 3410 3281 3405 3287 3411 3287 3411 3281 3405 3282 3406 3287 3411 3282 3406 3288 3412 3288 3412 3282 3406 3283 3407 3288 3412 3283 3407 3289 3413 3289 3413 3283 3407 3284 3408 3289 3413 3284 3408 3290 3414 3290 3414 3284 3408 3139 3263 3290 3414 3139 3263 3140 3264 1297 1165 3258 3382 3118 3242 3118 3242 3258 3382 3256 3380 3118 3242 3256 3380 3119 3243 3119 3243 3256 3380 3254 3378 3119 3243 3254 3378 3120 3244 3120 3244 3254 3378 3252 3376 3120 3244 3252 3376 3121 3245 3121 3245 3252 3376 3250 3374 3121 3245 3250 3374 3122 3246 3122 3246 3250 3374 3249 3373 3122 3246 3249 3373 150 113 150 113 3249 3373 152 114 152 114 3249 3373 143 107 143 107 3249 3373 3285 3409 143 107 3285 3409 144 108 144 108 3285 3409 3286 3410 144 108 3286 3410 146 109 146 109 3286 3410 3287 3411 146 109 3287 3411 147 110 147 110 3287 3411 3288 3412 147 110 3288 3412 148 111 148 111 3288 3412 3289 3413 148 111 3289 3413 149 112 149 112 3289 3413 3290 3414 149 112 3290 3414 138 102 138 102 3290 3414 3140 3264 138 102 3140 3264 139 103 702 372 3147 3271 692 362 692 362 3147 3271 3291 3415 3147 3271 3148 3272 3291 3415 3291 3415 3148 3272 3150 3274 3291 3415 3150 3274 3292 3416 3150 3274 3152 3276 3292 3416 3292 3416 3152 3276 3154 3278 3292 3416 3154 3278 3293 3417 3154 3278 3156 3280 3293 3417 3293 3417 3156 3280 3158 3282 3293 3417 3158 3282 3294 3418 698 368 696 366 3295 3419 3295 3419 696 366 3296 3420 3295 3419 3296 3420 3297 3421 3297 3421 3296 3420 3298 3422 3297 3421 3298 3422 3299 3423 3299 3423 3298 3422 3300 3424 3299 3423 3300 3424 3301 3425 3301 3425 3300 3424 3302 3426 3301 3425 3302 3426 3303 3427 3303 3427 3302 3426 3304 3428 3303 3427 3304 3428 1141 759 696 366 695 365 3296 3420 3296 3420 695 365 3305 3429 3296 3420 3305 3429 3298 3422 3298 3422 3305 3429 3306 3430 3298 3422 3306 3430 3300 3424 3300 3424 3306 3430 3307 3431 3300 3424 3307 3431 3302 3426 3302 3426 3307 3431 3308 3432 3302 3426 3308 3432 3304 3428 3304 3428 3308 3432 3309 3433 695 365 693 363 3305 3429 3305 3429 693 363 3310 3434 3305 3429 3310 3434 3306 3430 3306 3430 3310 3434 3311 3435 3306 3430 3311 3435 3307 3431 3307 3431 3311 3435 3312 3436 3307 3431 3312 3436 3308 3432 3308 3432 3312 3436 3313 3437 3308 3432 3313 3437 3309 3433 3309 3433 3313 3437 3314 3438 693 363 692 362 3310 3434 3310 3434 692 362 3291 3415 3310 3434 3291 3415 3311 3435 3311 3435 3291 3415 3292 3416 3311 3435 3292 3416 3312 3436 3312 3436 3292 3416 3293 3417 3312 3436 3293 3417 3313 3437 3313 3437 3293 3417 3294 3418 3313 3437 3294 3418 3314 3438 3314 3438 3294 3418 3315 3439 3158 3282 3160 3284 3294 3418 3294 3418 3160 3284 3162 3286 3294 3418 3162 3286 3315 3439 3315 3439 3162 3286 3164 3288 3315 3439 3164 3288 3146 3270 1141 759 3304 3428 3141 3265 3141 3265 3304 3428 3309 3433 3141 3265 3309 3433 3142 3266 3142 3266 3309 3433 3314 3438 3142 3266 3314 3438 3143 3267 3143 3267 3314 3438 3315 3439 3143 3267 3315 3439 3144 3268 3144 3268 3315 3439 3146 3270 3144 3268 3146 3270 1294 960 1137 755 1139 757 3206 3330 1137 755 3206 3330 3316 3440 3316 3440 3206 3330 3198 3322 3316 3440 3198 3322 3317 3441 3317 3441 3198 3322 3190 3314 3317 3441 3190 3314 3318 3442 3318 3442 3190 3314 3182 3306 3318 3442 3182 3306 3319 3443 3319 3443 3182 3306 3174 3298 3319 3443 3174 3298 3320 3444 3320 3444 3174 3298 735 405 3320 3444 735 405 734 404 1138 756 1137 755 3212 3336 3212 3336 1137 755 3321 3445 3212 3336 3321 3445 3213 3337 3213 3337 3321 3445 3322 3446 3213 3337 3322 3446 3215 3339 3215 3339 3322 3446 3323 3447 3215 3339 3323 3447 3217 3341 3217 3341 3323 3447 3324 3448 3217 3341 3324 3448 3219 3343 3219 3343 3324 3448 3325 3449 3219 3343 3325 3449 3221 3345 3221 3345 3325 3449 3326 3450 3221 3345 3326 3450 3223 3347 3223 3347 3326 3450 3327 3451 3223 3347 3327 3451 1313 1181 1313 1181 3327 3451 1312 1180 1297 1165 1296 1164 3258 3382 3258 3382 1296 1164 3328 3452 3258 3382 3328 3452 3259 3383 3259 3383 3328 3452 3329 3453 3259 3383 3329 3453 3260 3384 3260 3384 3329 3453 3330 3454 3260 3384 3330 3454 3262 3386 3262 3386 3330 3454 3331 3455 3262 3386 3331 3455 3264 3388 3264 3388 3331 3455 3332 3456 3264 3388 3332 3456 3266 3390 3266 3390 3332 3456 3333 3457 3266 3390 3333 3457 3268 3392 3268 3392 3333 3457 3334 3458 3268 3392 3334 3458 1144 762 1144 762 3334 3458 1143 761 671 341 698 368 3295 3419 1141 759 1143 761 3335 3459 3336 3460 681 351 680 350 1141 759 3335 3459 3303 3427 3303 3427 3335 3459 3337 3461 3303 3427 3337 3461 3301 3425 3301 3425 3337 3461 3338 3462 3301 3425 3338 3462 3299 3423 3299 3423 3338 3462 3339 3463 3299 3423 3339 3463 3297 3421 3297 3421 3339 3463 3336 3460 3297 3421 3336 3460 3295 3419 3295 3419 3336 3460 680 350 3295 3419 680 350 671 341 1137 755 3316 3440 3340 3464 3316 3440 3317 3441 3341 3465 3317 3441 3318 3442 3342 3466 3318 3442 3319 3443 3343 3467 3319 3443 3320 3444 3344 3468 3320 3444 734 404 733 403 3320 3444 733 403 3344 3468 3344 3468 733 403 726 396 3344 3468 726 396 3345 3469 3345 3469 726 396 725 395 3345 3469 725 395 3346 3470 3346 3470 725 395 723 393 3346 3470 723 393 3347 3471 3347 3471 723 393 700 370 3347 3471 700 370 3348 3472 3348 3472 700 370 699 369 3348 3472 699 369 3349 3473 3349 3473 699 369 709 379 3349 3473 709 379 3350 3474 3350 3474 709 379 732 402 3350 3474 732 402 3351 3475 3319 3443 3344 3468 3343 3467 3343 3467 3344 3468 3345 3469 3343 3467 3345 3469 3352 3476 3352 3476 3345 3469 3346 3470 3352 3476 3346 3470 3353 3477 3353 3477 3346 3470 3347 3471 3353 3477 3347 3471 3354 3478 3354 3478 3347 3471 3348 3472 3354 3478 3348 3472 3355 3479 3355 3479 3348 3472 3349 3473 3355 3479 3349 3473 3356 3480 3356 3480 3349 3473 3350 3474 3356 3480 3350 3474 3357 3481 3357 3481 3350 3474 3351 3475 3357 3481 3351 3475 3358 3482 3318 3442 3343 3467 3342 3466 3342 3466 3343 3467 3352 3476 3342 3466 3352 3476 3359 3483 3359 3483 3352 3476 3353 3477 3359 3483 3353 3477 3360 3484 3360 3484 3353 3477 3354 3478 3360 3484 3354 3478 3361 3485 3361 3485 3354 3478 3355 3479 3361 3485 3355 3479 3362 3486 3362 3486 3355 3479 3356 3480 3362 3486 3356 3480 3363 3487 3363 3487 3356 3480 3357 3481 3363 3487 3357 3481 3364 3488 3364 3488 3357 3481 3358 3482 3364 3488 3358 3482 3365 3489 3317 3441 3342 3466 3341 3465 3341 3465 3342 3466 3359 3483 3341 3465 3359 3483 3366 3490 3366 3490 3359 3483 3360 3484 3366 3490 3360 3484 3367 3491 3367 3491 3360 3484 3361 3485 3367 3491 3361 3485 3368 3492 3368 3492 3361 3485 3362 3486 3368 3492 3362 3486 3369 3493 3369 3493 3362 3486 3363 3487 3369 3493 3363 3487 3370 3494 3370 3494 3363 3487 3364 3488 3370 3494 3364 3488 3371 3495 3371 3495 3364 3488 3365 3489 3371 3495 3365 3489 3372 3496 3316 3440 3341 3465 3340 3464 3340 3464 3341 3465 3366 3490 3340 3464 3366 3490 3373 3497 3373 3497 3366 3490 3367 3491 3373 3497 3367 3491 3374 3498 3374 3498 3367 3491 3368 3492 3374 3498 3368 3492 3375 3499 3375 3499 3368 3492 3369 3493 3375 3499 3369 3493 3376 3500 3376 3500 3369 3493 3370 3494 3376 3500 3370 3494 3377 3501 3377 3501 3370 3494 3371 3495 3377 3501 3371 3495 3378 3502 3378 3502 3371 3495 3372 3496 3378 3502 3372 3496 3379 3503 1137 755 3340 3464 3321 3445 3321 3445 3340 3464 3373 3497 3321 3445 3373 3497 3322 3446 3322 3446 3373 3497 3374 3498 3322 3446 3374 3498 3323 3447 3323 3447 3374 3498 3375 3499 3323 3447 3375 3499 3324 3448 3324 3448 3375 3499 3376 3500 3324 3448 3376 3500 3325 3449 3325 3449 3376 3500 3377 3501 3325 3449 3377 3501 3326 3450 3326 3450 3377 3501 3378 3502 3326 3450 3378 3502 3327 3451 3327 3451 3378 3502 3379 3503 3327 3451 3379 3503 1312 1180 1296 1164 3380 3504 3381 3505 3380 3504 3382 3506 3383 3507 3382 3506 3384 3508 3385 3509 3384 3508 3386 3510 3387 3511 3386 3510 3388 3512 3389 3513 3388 3512 743 413 742 412 3388 3512 742 412 3389 3513 3389 3513 742 412 741 411 3389 3513 741 411 3390 3514 3390 3514 741 411 675 345 3390 3514 675 345 3391 3515 675 345 677 347 3391 3515 3391 3515 677 347 678 348 3391 3515 678 348 3392 3516 3392 3516 678 348 679 349 3392 3516 679 349 3393 3517 3393 3517 679 349 683 353 3393 3517 683 353 3394 3518 3394 3518 683 353 682 352 3394 3518 682 352 3395 3519 3395 3519 682 352 681 351 3395 3519 681 351 3336 3460 3386 3510 3389 3513 3387 3511 3387 3511 3389 3513 3390 3514 3387 3511 3390 3514 3396 3520 3396 3520 3390 3514 3391 3515 3396 3520 3391 3515 3397 3521 3397 3521 3391 3515 3392 3516 3397 3521 3392 3516 3398 3522 3398 3522 3392 3516 3393 3517 3398 3522 3393 3517 3399 3523 3399 3523 3393 3517 3394 3518 3399 3523 3394 3518 3400 3524 3400 3524 3394 3518 3395 3519 3400 3524 3395 3519 3401 3525 3401 3525 3395 3519 3336 3460 3401 3525 3336 3460 3339 3463 3384 3508 3387 3511 3385 3509 3385 3509 3387 3511 3396 3520 3385 3509 3396 3520 3402 3526 3402 3526 3396 3520 3397 3521 3402 3526 3397 3521 3403 3527 3403 3527 3397 3521 3398 3522 3403 3527 3398 3522 3404 3528 3404 3528 3398 3522 3399 3523 3404 3528 3399 3523 3405 3529 3405 3529 3399 3523 3400 3524 3405 3529 3400 3524 3406 3530 3406 3530 3400 3524 3401 3525 3406 3530 3401 3525 3407 3531 3407 3531 3401 3525 3339 3463 3407 3531 3339 3463 3338 3462 3382 3506 3385 3509 3383 3507 3383 3507 3385 3509 3402 3526 3383 3507 3402 3526 3408 3532 3408 3532 3402 3526 3403 3527 3408 3532 3403 3527 3409 3533 3409 3533 3403 3527 3404 3528 3409 3533 3404 3528 3410 3534 3410 3534 3404 3528 3405 3529 3410 3534 3405 3529 3411 3535 3411 3535 3405 3529 3406 3530 3411 3535 3406 3530 3412 3536 3412 3536 3406 3530 3407 3531 3412 3536 3407 3531 3413 3537 3413 3537 3407 3531 3338 3462 3413 3537 3338 3462 3337 3461 3380 3504 3383 3507 3381 3505 3381 3505 3383 3507 3408 3532 3381 3505 3408 3532 3414 3538 3414 3538 3408 3532 3409 3533 3414 3538 3409 3533 3415 3539 3415 3539 3409 3533 3410 3534 3415 3539 3410 3534 3416 3540 3416 3540 3410 3534 3411 3535 3416 3540 3411 3535 3417 3541 3417 3541 3411 3535 3412 3536 3417 3541 3412 3536 3418 3542 3418 3542 3412 3536 3413 3537 3418 3542 3413 3537 3419 3543 3419 3543 3413 3537 3337 3461 3419 3543 3337 3461 3335 3459 1296 1164 3381 3505 3328 3452 3328 3452 3381 3505 3414 3538 3328 3452 3414 3538 3329 3453 3329 3453 3414 3538 3415 3539 3329 3453 3415 3539 3330 3454 3330 3454 3415 3539 3416 3540 3330 3454 3416 3540 3331 3455 3331 3455 3416 3540 3417 3541 3331 3455 3417 3541 3332 3456 3332 3456 3417 3541 3418 3542 3332 3456 3418 3542 3333 3457 3333 3457 3418 3542 3419 3543 3333 3457 3419 3543 3334 3458 3334 3458 3419 3543 3335 3459 3334 3458 3335 3459 1143 761 730 3544 740 410 3420 3545 736 3546 743 413 3388 3512 1308 1176 1310 1178 3421 3547 1300 1168 1302 1170 3422 3548 1308 1176 3421 3547 1306 1174 737 407 736 3546 3423 3549 3423 3549 736 3546 3388 3512 3423 3549 3388 3512 3424 3550 3424 3550 3388 3512 3386 3510 3424 3550 3386 3510 3425 3551 3425 3551 3386 3510 3384 3508 3425 3551 3384 3508 3426 3552 3426 3552 3384 3508 3382 3506 3426 3552 3382 3506 3427 3553 3427 3553 3382 3506 3380 3504 3427 3553 3380 3504 1298 1166 1298 1166 3380 3504 1296 1164 1298 1166 1300 1168 3427 3553 3427 3553 1300 1168 3422 3548 3427 3553 3422 3548 3426 3552 3426 3552 3422 3548 3428 3554 3426 3552 3428 3554 3425 3551 3425 3551 3428 3554 3429 3555 3425 3551 3429 3555 3424 3550 3424 3550 3429 3555 3430 3556 3424 3550 3430 3556 3423 3549 3423 3549 3430 3556 3431 3557 3423 3549 3431 3557 737 407 737 407 3431 3557 739 409 1302 1170 1304 1172 3422 3548 3422 3548 1304 1172 3432 3558 3422 3548 3432 3558 3428 3554 3428 3554 3432 3558 3433 3559 3428 3554 3433 3559 3429 3555 3429 3555 3433 3559 3434 3560 3429 3555 3434 3560 3430 3556 3430 3556 3434 3560 3435 3561 3430 3556 3435 3561 3431 3557 3431 3557 3435 3561 3420 3545 3431 3557 3420 3545 739 409 739 409 3420 3545 740 410 731 401 730 3544 3436 3562 3436 3562 730 3544 3420 3545 3436 3562 3420 3545 3437 3563 3437 3563 3420 3545 3435 3561 3437 3563 3435 3561 3438 3564 3438 3564 3435 3561 3434 3560 3438 3564 3434 3560 3439 3565 3439 3565 3434 3560 3433 3559 3439 3565 3433 3559 3421 3547 3421 3547 3433 3559 3432 3558 3421 3547 3432 3558 1306 1174 1306 1174 3432 3558 1304 1172 1310 1178 1312 1180 3421 3547 3421 3547 1312 1180 3379 3503 3421 3547 3379 3503 3439 3565 3439 3565 3379 3503 3372 3496 3439 3565 3372 3496 3438 3564 3438 3564 3372 3496 3365 3489 3438 3564 3365 3489 3437 3563 3437 3563 3365 3489 3358 3482 3437 3563 3358 3482 3436 3562 3436 3562 3358 3482 3351 3475 3436 3562 3351 3475 731 401 731 401 3351 3475 732 402 284 153 3440 3566 289 154 289 154 3440 3566 3441 3567 3440 3566 3442 3568 3441 3567 3441 3567 3442 3568 3443 3569 3441 3567 3443 3569 3444 3570 3443 3569 3445 3571 3444 3570 3444 3570 3445 3571 3446 3572 3444 3570 3446 3572 3447 3573 3446 3572 3448 3574 3447 3573 3447 3573 3448 3574 3449 3575 3447 3573 3449 3575 3450 3576 290 155 289 154 3451 3577 3451 3577 289 154 3441 3567 3451 3577 3441 3567 3452 3578 3452 3578 3441 3567 3444 3570 3452 3578 3444 3570 3453 3579 3453 3579 3444 3570 3447 3573 3453 3579 3447 3573 3454 3580 3454 3580 3447 3573 3450 3576 3454 3580 3450 3576 3455 3581 3455 3581 3450 3576 3456 3582 291 156 290 155 3457 3583 3457 3583 290 155 3451 3577 3457 3583 3451 3577 3458 3584 3458 3584 3451 3577 3452 3578 3458 3584 3452 3578 3459 3585 3459 3585 3452 3578 3453 3579 3459 3585 3453 3579 3460 3586 3460 3586 3453 3579 3454 3580 3460 3586 3454 3580 3461 3587 3461 3587 3454 3580 3455 3581 3461 3587 3455 3581 1157 775 1157 775 3455 3581 1264 930 3449 3575 3462 3588 3450 3576 3450 3576 3462 3588 3463 3589 3450 3576 3463 3589 3456 3582 3456 3582 3463 3589 3464 3590 3456 3582 3464 3590 3465 3591 1264 930 3455 3581 1262 928 1262 928 3455 3581 3456 3582 1262 928 3456 3582 1260 926 1260 926 3456 3582 3465 3591 1260 926 3465 3591 1179 845 276 152 291 156 3457 3583 1157 775 1160 778 3466 3592 1157 775 3466 3592 3461 3587 3461 3587 3466 3592 3467 3593 3461 3587 3467 3593 3460 3586 3460 3586 3467 3593 3468 3594 3460 3586 3468 3594 3459 3585 3459 3585 3468 3594 3469 3595 3459 3585 3469 3595 3458 3584 3458 3584 3469 3595 3470 3596 3458 3584 3470 3596 3457 3583 276 152 3457 3583 257 148 257 148 3457 3583 3470 3596 257 148 3470 3596 258 149 1181 847 1179 845 3465 3591 3464 3590 3471 3597 3465 3591 3465 3591 3471 3597 3472 3598 3465 3591 3472 3598 1181 847 3464 3590 3463 3589 3471 3597 3471 3597 3463 3589 3462 3588 3471 3597 3462 3588 3473 3599 3462 3588 3449 3575 3473 3599 3473 3599 3449 3575 3448 3574 3473 3599 3448 3574 3474 3600 3448 3574 3446 3572 3474 3600 3474 3600 3446 3572 3445 3571 3474 3600 3445 3571 3475 3601 3440 3566 3476 3602 3442 3568 3442 3568 3476 3602 3475 3601 3442 3568 3475 3601 3443 3569 3443 3569 3475 3601 3445 3571 284 153 267 151 3440 3566 3440 3566 267 151 514 189 3440 3566 514 189 3476 3602 3476 3602 514 189 296 160 3476 3602 296 160 295 159 246 146 259 150 3477 3603 1160 778 1413 1520 3466 3592 3466 3592 1413 1520 3478 3604 3466 3592 3478 3604 3467 3593 3467 3593 3478 3604 3479 3605 3467 3593 3479 3605 3468 3594 3468 3594 3479 3605 3480 3606 3468 3594 3480 3606 3469 3595 3469 3595 3480 3606 3481 3607 3469 3595 3481 3607 3470 3596 3470 3596 3481 3607 3477 3603 3470 3596 3477 3603 258 149 258 149 3477 3603 259 150 247 147 246 146 3482 3608 3482 3608 246 146 3477 3603 3482 3608 3477 3603 3483 3609 3483 3609 3477 3603 3481 3607 3483 3609 3481 3607 3484 3610 3484 3610 3481 3607 3480 3606 3484 3610 3480 3606 3485 3611 3485 3611 3480 3606 3479 3605 3485 3611 3479 3605 3486 3612 3486 3612 3479 3605 3478 3604 3486 3612 3478 3604 1170 836 1170 836 3478 3604 1413 1520 295 159 293 158 3476 3602 3476 3602 293 158 3487 3613 3476 3602 3487 3613 3475 3601 3475 3601 3487 3613 3488 3614 3475 3601 3488 3614 3474 3600 3474 3600 3488 3614 3489 3615 3474 3600 3489 3615 3473 3599 3473 3599 3489 3615 3490 3616 3473 3599 3490 3616 3471 3597 3471 3597 3490 3616 3491 3617 3471 3597 3491 3617 3472 3598 3472 3598 3491 3617 3492 3618 3472 3598 3492 3618 1181 847 1181 847 3492 3618 1252 918 293 158 292 157 3487 3613 3487 3613 292 157 3493 3619 3487 3613 3493 3619 3488 3614 3488 3614 3493 3619 3494 3620 3488 3614 3494 3620 3489 3615 3489 3615 3494 3620 3495 3621 3489 3615 3495 3621 3490 3616 3490 3616 3495 3621 3496 3622 3490 3616 3496 3622 3491 3617 3491 3617 3496 3622 3497 3623 3491 3617 3497 3623 3492 3618 3492 3618 3497 3623 3498 3624 3492 3618 3498 3624 1252 918 1252 918 3498 3624 1254 920 292 157 299 163 3493 3619 3493 3619 299 163 3499 3625 3493 3619 3499 3625 3494 3620 3494 3620 3499 3625 3500 3626 3494 3620 3500 3626 3495 3621 3495 3621 3500 3626 3501 3627 3495 3621 3501 3627 3496 3622 3496 3622 3501 3627 3502 3628 3496 3622 3502 3628 3497 3623 3497 3623 3502 3628 3503 3629 3497 3623 3503 3629 3498 3624 3498 3624 3503 3629 3504 3630 3498 3624 3504 3630 1254 920 1254 920 3504 3630 1256 922 299 163 298 162 3499 3625 3499 3625 298 162 3505 3631 3499 3625 3505 3631 3500 3626 3500 3626 3505 3631 3506 3632 3500 3626 3506 3632 3501 3627 3501 3627 3506 3632 3507 3633 3501 3627 3507 3633 3502 3628 3502 3628 3507 3633 3508 3634 3502 3628 3508 3634 3503 3629 3503 3629 3508 3634 3509 3635 3503 3629 3509 3635 3504 3630 3504 3630 3509 3635 3510 3636 3504 3630 3510 3636 1256 922 1256 922 3510 3636 1258 924 298 162 297 161 3505 3631 3505 3631 297 161 3511 3637 3505 3631 3511 3637 3506 3632 3506 3632 3511 3637 3512 3638 3506 3632 3512 3638 3507 3633 3507 3633 3512 3638 3513 3639 3507 3633 3513 3639 3508 3634 3508 3634 3513 3639 3514 3640 3508 3634 3514 3640 3509 3635 3509 3635 3514 3640 3515 3641 3509 3635 3515 3641 3510 3636 3510 3636 3515 3641 3516 3642 3510 3636 3516 3642 1258 924 1258 924 3516 3642 1191 857 241 143 247 147 3482 3608 3517 3643 242 144 241 143 241 143 3482 3608 3517 3643 3517 3643 3482 3608 3483 3609 3517 3643 3483 3609 3518 3644 3518 3644 3483 3609 3484 3610 3518 3644 3484 3610 3519 3645 3519 3645 3484 3610 3485 3611 3519 3645 3485 3611 3520 3646 3520 3646 3485 3611 3486 3612 3520 3646 3486 3612 3521 3647 3521 3647 3486 3612 1170 836 3521 3647 1170 836 1172 838 1191 857 3516 3642 1193 859 1193 859 3516 3642 3522 3648 3522 3648 3516 3642 3523 3649 3523 3649 3516 3642 3515 3641 3523 3649 3515 3641 3524 3650 3524 3650 3515 3641 3525 3651 3525 3651 3515 3641 3514 3640 3525 3651 3514 3640 3526 3652 3526 3652 3514 3640 3527 3653 3527 3653 3514 3640 3513 3639 3527 3653 3513 3639 3528 3654 3528 3654 3513 3639 3529 3655 3529 3655 3513 3639 3512 3638 3529 3655 3512 3638 3530 3656 3511 3637 3531 3657 3512 3638 3512 3638 3531 3657 3532 3658 3512 3638 3532 3658 3530 3656 3511 3637 297 161 315 166 315 166 302 164 3511 3637 3511 3637 302 164 305 165 3511 3637 305 165 3531 3657 3531 3657 305 165 318 167 3531 3657 318 167 330 168 243 145 242 144 3517 3643 1414 1521 1156 774 3533 3659 3533 3659 1156 774 3534 3660 3533 3659 3534 3660 3535 3661 3535 3661 3534 3660 3536 3662 3535 3661 3536 3662 3537 3663 3537 3663 3536 3662 3538 3664 3537 3663 3538 3664 3539 3665 3539 3665 3538 3664 3540 3666 3539 3665 3540 3666 3541 3667 3541 3667 3540 3666 3542 3668 243 145 3517 3643 240 142 1172 838 1414 1521 3521 3647 3521 3647 1414 1521 3533 3659 3521 3647 3533 3659 3520 3646 3520 3646 3533 3659 3535 3661 3520 3646 3535 3661 3519 3645 3519 3645 3535 3661 3537 3663 3519 3645 3537 3663 3518 3644 3518 3644 3537 3663 3539 3665 3518 3644 3539 3665 3517 3643 3517 3643 3539 3665 3541 3667 3517 3643 3541 3667 240 142 240 142 3541 3667 3542 3668 240 142 3542 3668 239 141 1245 911 1243 909 3543 3669 330 168 335 172 3531 3657 3531 3657 335 172 3544 3670 3531 3657 3544 3670 3532 3658 337 174 3545 3671 338 175 338 175 3545 3671 3546 3672 338 175 3546 3672 332 169 3532 3658 3544 3670 3530 3656 3530 3656 3544 3670 3547 3673 3530 3656 3547 3673 3529 3655 332 169 3546 3672 3548 3674 3548 3674 3546 3672 3549 3675 3548 3674 3549 3675 3550 3676 3529 3655 3547 3673 3528 3654 3528 3654 3547 3673 3551 3677 3528 3654 3551 3677 3527 3653 3549 3675 3552 3678 3550 3676 3550 3676 3552 3678 3553 3679 3550 3676 3553 3679 3554 3680 3527 3653 3551 3677 3526 3652 3526 3652 3551 3677 3555 3681 3526 3652 3555 3681 3525 3651 3553 3679 3556 3682 3554 3680 3554 3680 3556 3682 3557 3683 3554 3680 3557 3683 3558 3684 3525 3651 3555 3681 3524 3650 3524 3650 3555 3681 3559 3685 3524 3650 3559 3685 3523 3649 335 172 334 171 3544 3670 3544 3670 334 171 3560 3686 3544 3670 3560 3686 3547 3673 3547 3673 3560 3686 3561 3687 3547 3673 3561 3687 3551 3677 3551 3677 3561 3687 3562 3688 3551 3677 3562 3688 3555 3681 3555 3681 3562 3688 3563 3689 3555 3681 3563 3689 3559 3685 3559 3685 3563 3689 3543 3669 333 170 332 169 3564 3690 3564 3690 332 169 3548 3674 3564 3690 3548 3674 3565 3691 3565 3691 3548 3674 3550 3676 3565 3691 3550 3676 3566 3692 3566 3692 3550 3676 3554 3680 3566 3692 3554 3680 3567 3693 3567 3693 3554 3680 3558 3684 3567 3693 3558 3684 3568 3694 3568 3694 3558 3684 3569 3695 3523 3649 3559 3685 3522 3648 3522 3648 3559 3685 1239 905 3522 3648 1239 905 1193 859 3543 3669 1243 909 3559 3685 3559 3685 1243 909 1241 907 3559 3685 1241 907 1239 905 1247 913 1245 911 3568 3694 3568 3694 1245 911 3543 3669 3568 3694 3543 3669 3567 3693 3567 3693 3543 3669 3563 3689 3567 3693 3563 3689 3566 3692 3566 3692 3563 3689 3562 3688 3566 3692 3562 3688 3565 3691 3565 3691 3562 3688 3561 3687 3565 3691 3561 3687 3564 3690 3564 3690 3561 3687 3560 3686 3564 3690 3560 3686 333 170 333 170 3560 3686 334 171 3557 3683 3570 3696 3558 3684 3558 3684 3570 3696 3571 3697 3558 3684 3571 3697 3569 3695 3569 3695 3571 3697 3572 3698 3569 3695 3572 3698 3573 3699 1247 913 3568 3694 1249 915 1249 915 3568 3694 3569 3695 1249 915 3569 3695 1251 917 1251 917 3569 3695 3573 3699 1251 917 3573 3699 1175 841 224 138 239 141 3542 3668 3574 3700 222 136 224 138 224 138 3542 3668 3574 3700 3574 3700 3542 3668 3540 3666 3574 3700 3540 3666 3575 3701 3575 3701 3540 3666 3538 3664 3575 3701 3538 3664 3576 3702 3576 3702 3538 3664 3536 3662 3576 3702 3536 3662 3577 3703 3577 3703 3536 3662 3534 3660 3577 3703 3534 3660 3578 3704 3578 3704 3534 3660 1156 774 3578 3704 1156 774 1154 772 336 173 346 176 3579 3705 1177 843 1175 841 3573 3699 337 174 336 173 3545 3671 3545 3671 336 173 3579 3705 3545 3671 3579 3705 3546 3672 3546 3672 3579 3705 3580 3706 3546 3672 3580 3706 3549 3675 3549 3675 3580 3706 3581 3707 3549 3675 3581 3707 3552 3678 3552 3678 3581 3707 3582 3708 3552 3678 3582 3708 3553 3679 3553 3679 3582 3708 3583 3709 3553 3679 3583 3709 3556 3682 3556 3682 3583 3709 3584 3710 3556 3682 3584 3710 3557 3683 3557 3683 3584 3710 3585 3711 3557 3683 3585 3711 3570 3696 3570 3696 3585 3711 3586 3712 3570 3696 3586 3712 3571 3697 3571 3697 3586 3712 3587 3713 3571 3697 3587 3713 3572 3698 3572 3698 3587 3713 3588 3714 3572 3698 3588 3714 3573 3699 3573 3699 3588 3714 3589 3715 3573 3699 3589 3715 1177 843 229 139 230 140 3590 3716 3590 3716 230 140 3591 3717 3590 3716 3591 3717 3592 3718 3592 3718 3591 3717 3593 3719 3592 3718 3593 3719 3594 3720 3594 3720 3593 3719 3595 3721 3594 3720 3595 3721 3596 3722 3596 3722 3595 3721 3597 3723 3596 3722 3597 3723 3598 3724 3598 3724 3597 3723 3599 3725 3598 3724 3599 3725 1189 855 223 137 222 136 3600 3726 3600 3726 222 136 3574 3700 3600 3726 3574 3700 3601 3727 3601 3727 3574 3700 3575 3701 3601 3727 3575 3701 3602 3728 3602 3728 3575 3701 3576 3702 3602 3728 3576 3702 3603 3729 3603 3729 3576 3702 3577 3703 3603 3729 3577 3703 3604 3730 3604 3730 3577 3703 3578 3704 1204 870 1206 872 3599 3725 3599 3725 1206 872 1208 874 3599 3725 1208 874 1189 855 230 140 223 137 3591 3717 3591 3717 223 137 3600 3726 3591 3717 3600 3726 3593 3719 3593 3719 3600 3726 3601 3727 3593 3719 3601 3727 3595 3721 3595 3721 3601 3727 3602 3728 3595 3721 3602 3728 3597 3723 3597 3723 3602 3728 3603 3729 3597 3723 3603 3729 3599 3725 3599 3725 3603 3729 3604 3730 3599 3725 3604 3730 1204 870 1204 870 3604 3730 3578 3704 1204 870 3578 3704 1154 772 1234 900 1236 902 3605 3731 368 180 370 181 3606 3732 3607 3733 3580 3706 3579 3705 368 180 3606 3732 349 178 3580 3706 3607 3733 3581 3707 3581 3707 3607 3733 3608 3734 3581 3707 3608 3734 3582 3708 3582 3708 3608 3734 3583 3709 3583 3709 3608 3734 3609 3735 3583 3709 3609 3735 3584 3710 3584 3710 3609 3735 3585 3711 3585 3711 3609 3735 3610 3736 3585 3711 3610 3736 3586 3712 3586 3712 3610 3736 3587 3713 3587 3713 3610 3736 3605 3731 3587 3713 3605 3731 3588 3714 3588 3714 3605 3731 3589 3715 3589 3715 3605 3731 1236 902 3589 3715 1236 902 1177 843 1232 898 1234 900 3611 3737 3611 3737 1234 900 3605 3731 3611 3737 3605 3731 3612 3738 3612 3738 3605 3731 3610 3736 3612 3738 3610 3736 3613 3739 3613 3739 3610 3736 3609 3735 3613 3739 3609 3735 3614 3740 3614 3740 3609 3735 3608 3734 3614 3740 3608 3734 3615 3741 3615 3741 3608 3734 3607 3733 1146 764 1232 898 3616 3742 3616 3742 1232 898 3611 3737 3616 3742 3611 3737 3617 3743 3617 3743 3611 3737 3612 3738 3617 3743 3612 3738 3618 3744 3618 3744 3612 3738 3613 3739 3618 3744 3613 3739 3619 3745 3619 3745 3613 3739 3614 3740 3619 3745 3614 3740 3606 3732 3606 3732 3614 3740 3615 3741 3606 3732 3615 3741 349 178 349 178 3615 3741 3607 3733 349 178 3607 3733 348 177 348 177 3607 3733 3579 3705 348 177 3579 3705 346 176 209 135 229 139 3590 3716 1189 855 1187 853 3620 3746 209 135 3590 3716 204 134 3621 3747 199 130 202 133 1189 855 3620 3746 3598 3724 3598 3724 3620 3746 3622 3748 3598 3724 3622 3748 3596 3722 3596 3722 3622 3748 3623 3749 3596 3722 3623 3749 3594 3720 3594 3720 3623 3749 3624 3750 3594 3720 3624 3750 3592 3718 3592 3718 3624 3750 3621 3747 3592 3718 3621 3747 3590 3716 3590 3716 3621 3747 202 133 3590 3716 202 133 204 134 61 46 56 41 3625 3751 370 181 355 179 3606 3732 3606 3732 355 179 374 182 3606 3732 374 182 61 46 61 46 3625 3751 3606 3732 3606 3732 3625 3751 3626 3752 3606 3732 3626 3752 3619 3745 3619 3745 3626 3752 3627 3753 3619 3745 3627 3753 3618 3744 3618 3744 3627 3753 3628 3754 3618 3744 3628 3754 3617 3743 3617 3743 3628 3754 3629 3755 3617 3743 3629 3755 3616 3742 3616 3742 3629 3755 1148 766 3616 3742 1148 766 1146 764 198 129 197 128 3630 3756 3630 3756 197 128 3631 3757 3630 3756 3631 3757 3632 3758 3632 3758 3631 3757 3633 3759 3632 3758 3633 3759 3634 3760 3634 3760 3633 3759 3635 3761 3634 3760 3635 3761 3636 3762 3636 3762 3635 3761 3637 3763 3636 3762 3637 3763 3638 3764 3638 3764 3637 3763 3639 3765 3638 3764 3639 3765 1197 863 1197 863 3639 3765 1224 890 197 128 196 127 3631 3757 3631 3757 196 127 3640 3766 3631 3757 3640 3766 3633 3759 3633 3759 3640 3766 3641 3767 3633 3759 3641 3767 3635 3761 3635 3761 3641 3767 3642 3768 3635 3761 3642 3768 3637 3763 3637 3763 3642 3768 3643 3769 3637 3763 3643 3769 3639 3765 3639 3765 3643 3769 3644 3770 3639 3765 3644 3770 1224 890 1224 890 3644 3770 1226 892 196 127 201 132 3640 3766 3640 3766 201 132 3645 3771 3640 3766 3645 3771 3641 3767 3641 3767 3645 3771 3646 3772 3641 3767 3646 3772 3642 3768 3642 3768 3646 3772 3647 3773 3642 3768 3647 3773 3643 3769 3643 3769 3647 3773 3648 3774 3643 3769 3648 3774 3644 3770 3644 3770 3648 3774 3649 3775 3644 3770 3649 3775 1226 892 1226 892 3649 3775 1228 894 201 132 200 131 3645 3771 3645 3771 200 131 3650 3776 3645 3771 3650 3776 3646 3772 3646 3772 3650 3776 3651 3777 3646 3772 3651 3777 3647 3773 3647 3773 3651 3777 3652 3778 3647 3773 3652 3778 3648 3774 3648 3774 3652 3778 3653 3779 3648 3774 3653 3779 3649 3775 3649 3775 3653 3779 3654 3780 3649 3775 3654 3780 1228 894 1228 894 3654 3780 1230 896 200 131 199 130 3650 3776 3650 3776 199 130 3621 3747 3650 3776 3621 3747 3651 3777 3651 3777 3621 3747 3624 3750 3651 3777 3624 3750 3652 3778 3652 3778 3624 3750 3623 3749 3652 3778 3623 3749 3653 3779 3653 3779 3623 3749 3622 3748 3653 3779 3622 3748 3654 3780 3654 3780 3622 3748 3620 3746 3654 3780 3620 3746 1230 896 1230 896 3620 3746 1187 853 56 41 58 43 3625 3751 3625 3751 58 43 3655 3781 3625 3751 3655 3781 3626 3752 3626 3752 3655 3781 3656 3782 3626 3752 3656 3782 3627 3753 3627 3753 3656 3782 3657 3783 3627 3753 3657 3783 3628 3754 3628 3754 3657 3783 3658 3784 3628 3754 3658 3784 3629 3755 3629 3755 3658 3784 3659 3785 3629 3755 3659 3785 1148 766 1148 766 3659 3785 1417 1524 58 43 59 44 3655 3781 3655 3781 59 44 3660 3786 3655 3781 3660 3786 3656 3782 3656 3782 3660 3786 3661 3787 3656 3782 3661 3787 3657 3783 3657 3783 3661 3787 3662 3788 3657 3783 3662 3788 3658 3784 3658 3784 3662 3788 3663 3789 3658 3784 3663 3789 3659 3785 3659 3785 3663 3789 3664 3790 3659 3785 3664 3790 1417 1524 1417 1524 3664 3790 1167 833 195 126 198 129 3630 3756 1197 863 1195 861 3665 3791 195 126 3630 3756 182 125 157 118 156 117 3666 3792 3666 3792 156 117 169 124 1197 863 3665 3791 3638 3764 3638 3764 3665 3791 3667 3793 3638 3764 3667 3793 3636 3762 3636 3762 3667 3793 3668 3794 3636 3762 3668 3794 3634 3760 3634 3760 3668 3794 3669 3795 3634 3760 3669 3795 3632 3758 3632 3758 3669 3795 3666 3792 3632 3758 3666 3792 3630 3756 3630 3756 3666 3792 169 124 3630 3756 169 124 182 125 44 31 125 89 3670 3796 3660 3786 3671 3797 3661 3787 3661 3787 3671 3797 3672 3798 3661 3787 3672 3798 3662 3788 3662 3788 3672 3798 3673 3799 3662 3788 3673 3799 3663 3789 3663 3789 3673 3799 3674 3800 3663 3789 3674 3800 3664 3790 3664 3790 3674 3800 1169 835 3664 3790 1169 835 1167 833 59 44 44 31 3660 3786 3660 3786 44 31 3670 3796 3660 3786 3670 3796 3671 3797 1221 887 1219 885 3675 3801 1217 883 1215 881 3676 3802 162 123 161 122 3677 3803 3678 3804 30 24 162 123 3678 3804 162 123 3679 3805 3679 3805 162 123 3677 3803 3679 3805 3677 3803 3680 3806 3680 3806 3677 3803 3681 3807 3680 3806 3681 3807 3682 3808 3682 3808 3681 3807 3683 3809 3683 3809 3681 3807 3684 3810 3683 3809 3684 3810 3685 3811 3685 3811 3684 3810 3686 3812 3686 3812 3684 3810 3687 3813 3686 3812 3687 3813 3688 3814 3688 3814 3687 3813 3689 3815 3689 3815 3687 3813 3690 3816 3689 3815 3690 3816 3691 3817 161 122 160 121 3677 3803 3677 3803 160 121 3692 3818 3677 3803 3692 3818 3681 3807 3681 3807 3692 3818 3693 3819 3681 3807 3693 3819 3684 3810 3684 3810 3693 3819 3694 3820 3684 3810 3694 3820 3687 3813 3687 3813 3694 3820 3695 3821 3687 3813 3695 3821 3690 3816 3690 3816 3695 3821 3676 3802 3691 3817 3690 3816 3696 3822 3696 3822 3690 3816 1211 877 3696 3822 1211 877 1185 851 3676 3802 1215 881 3690 3816 3690 3816 1215 881 1213 879 3690 3816 1213 879 1211 877 1219 885 1217 883 3675 3801 3675 3801 1217 883 3676 3802 3675 3801 3676 3802 3697 3823 3697 3823 3676 3802 3695 3821 3697 3823 3695 3821 3698 3824 3698 3824 3695 3821 3694 3820 3698 3824 3694 3820 3699 3825 3699 3825 3694 3820 3693 3819 3699 3825 3693 3819 3700 3826 3700 3826 3693 3819 3692 3818 3700 3826 3692 3818 159 120 159 120 3692 3818 160 121 1223 889 1221 887 3701 3827 3701 3827 1221 887 3675 3801 3701 3827 3675 3801 3702 3828 3702 3828 3675 3801 3697 3823 3702 3828 3697 3823 3703 3829 3703 3829 3697 3823 3698 3824 3703 3829 3698 3824 3704 3830 3704 3830 3698 3824 3699 3825 3704 3830 3699 3825 3705 3831 3705 3831 3699 3825 3700 3826 3705 3831 3700 3826 158 119 158 119 3700 3826 159 120 158 119 157 118 3705 3831 3705 3831 157 118 3666 3792 3705 3831 3666 3792 3704 3830 3704 3830 3666 3792 3669 3795 3704 3830 3669 3795 3703 3829 3703 3829 3669 3795 3668 3794 3703 3829 3668 3794 3702 3828 3702 3828 3668 3794 3667 3793 3702 3828 3667 3793 3701 3827 3701 3827 3667 3793 3665 3791 3701 3827 3665 3791 1223 889 1223 889 3665 3791 1195 861 125 89 127 91 3670 3796 3670 3796 127 91 3706 3832 3670 3796 3706 3832 3671 3797 3671 3797 3706 3832 3707 3833 3671 3797 3707 3833 3672 3798 3672 3798 3707 3833 3708 3834 3672 3798 3708 3834 3673 3799 3673 3799 3708 3834 3709 3835 3673 3799 3709 3835 3674 3800 3674 3800 3709 3835 3710 3836 3674 3800 3710 3836 1169 835 1169 835 3710 3836 1418 1525 127 91 129 93 3706 3832 3706 3832 129 93 3711 3837 3706 3832 3711 3837 3707 3833 3707 3833 3711 3837 3712 3838 3707 3833 3712 3838 3708 3834 3708 3834 3712 3838 3713 3839 3708 3834 3713 3839 3709 3835 3709 3835 3713 3839 3714 3840 3709 3835 3714 3840 3710 3836 3710 3836 3714 3840 3715 3841 3710 3836 3715 3841 1418 1525 1418 1525 3715 3841 1150 768 31 25 30 24 3678 3804 1185 851 1183 849 3716 3842 400 188 31 25 3717 3843 3717 3843 31 25 3678 3804 3717 3843 3678 3804 3718 3844 3718 3844 3678 3804 3679 3805 3718 3844 3679 3805 3719 3845 3719 3845 3679 3805 3680 3806 3719 3845 3680 3806 3720 3846 3720 3846 3680 3806 3682 3808 3720 3846 3682 3808 3721 3847 3721 3847 3682 3808 3683 3809 3721 3847 3683 3809 3722 3848 3722 3848 3683 3809 3685 3811 3722 3848 3685 3811 3723 3849 3723 3849 3685 3811 3686 3812 3723 3849 3686 3812 3724 3850 3724 3850 3686 3812 3688 3814 3724 3850 3688 3814 3725 3851 3725 3851 3688 3814 3689 3815 3725 3851 3689 3815 3726 3852 3726 3852 3689 3815 3691 3817 3726 3852 3691 3817 3716 3842 3716 3842 3691 3817 3696 3822 3716 3842 3696 3822 1185 851 377 183 395 185 3727 3853 1152 770 1150 768 3715 3841 377 183 3727 3853 383 184 3711 3837 129 93 114 79 1152 770 3715 3841 3728 3854 3728 3854 3715 3841 3714 3840 3728 3854 3714 3840 3729 3855 3729 3855 3714 3840 3713 3839 3729 3855 3713 3839 3730 3856 3730 3856 3713 3839 3712 3838 3730 3856 3712 3838 3731 3857 3731 3857 3712 3838 3711 3837 3731 3857 3711 3837 3727 3853 3727 3853 3711 3837 114 79 3727 3853 114 79 383 184 400 188 3717 3843 399 187 399 187 3717 3843 3732 3858 3717 3843 3718 3844 3732 3858 3732 3858 3718 3844 3719 3845 3732 3858 3719 3845 3733 3859 3719 3845 3720 3846 3733 3859 3733 3859 3720 3846 3721 3847 3733 3859 3721 3847 3734 3860 3721 3847 3722 3848 3734 3860 3734 3860 3722 3848 3723 3849 3734 3860 3723 3849 3735 3861 397 186 399 187 3736 3862 3736 3862 399 187 3732 3858 3736 3862 3732 3858 3737 3863 3737 3863 3732 3858 3733 3859 3737 3863 3733 3859 3738 3864 3738 3864 3733 3859 3734 3860 3738 3864 3734 3860 3739 3865 3739 3865 3734 3860 3735 3861 3739 3865 3735 3861 3740 3866 3740 3866 3735 3861 3741 3867 395 185 397 186 3727 3853 3727 3853 397 186 3736 3862 3727 3853 3736 3862 3731 3857 3731 3857 3736 3862 3737 3863 3731 3857 3737 3863 3730 3856 3730 3856 3737 3863 3738 3864 3730 3856 3738 3864 3729 3855 3729 3855 3738 3864 3739 3865 3729 3855 3739 3865 3728 3854 3728 3854 3739 3865 3740 3866 3728 3854 3740 3866 1152 770 1152 770 3740 3866 1199 865 3723 3849 3724 3850 3735 3861 3735 3861 3724 3850 3725 3851 3735 3861 3725 3851 3741 3867 3741 3867 3725 3851 3726 3852 3741 3867 3726 3852 3716 3842 1199 865 3740 3866 1201 867 1201 867 3740 3866 3741 3867 1201 867 3741 3867 1203 869 1203 869 3741 3867 3716 3842 1203 869 3716 3842 1183 849 1404 3868 3742 3869 1405 3870 1405 3870 3742 3869 3743 3871 1405 3870 3743 3871 17 16 3744 3872 3745 3873 3746 3874 3746 3874 3745 3873 3747 3875 3748 3876 3749 3877 3750 3878 3750 3878 3749 3877 3744 3872 3751 3879 3752 3880 3748 3876 3753 3881 3754 3882 3755 3883 3755 3883 3754 3882 3756 3884 586 261 588 263 3757 3885 3757 3885 588 263 3758 3886 3757 3885 3758 3886 3753 3881 1404 3868 1403 3887 3742 3869 3742 3869 1403 3887 1406 3888 3742 3869 1406 3888 3759 3889 3759 3889 1406 3888 1409 3890 1409 3890 1408 3891 3759 3889 3759 3889 1408 3891 1407 3892 3759 3889 1407 3892 3760 3893 3760 3893 1407 3892 1411 3894 3760 3893 1411 3894 1410 3895 3744 3872 3746 3874 3750 3878 3750 3878 3746 3874 3761 3896 3750 3878 3761 3896 3762 3897 3762 3897 3761 3896 3763 3898 3762 3897 3763 3898 3764 3899 1410 3895 15 15 3760 3893 3760 3893 15 15 3765 3900 3760 3893 3765 3900 3766 3901 3766 3901 3763 3898 3760 3893 3760 3893 3763 3898 3761 3896 3760 3893 3761 3896 3759 3889 3759 3889 3761 3896 3746 3874 3759 3889 3746 3874 3742 3869 3742 3869 3746 3874 3747 3875 3742 3869 3747 3875 3743 3871 3766 3901 3767 3902 3763 3898 3763 3898 3767 3902 3768 3903 3763 3898 3768 3903 3764 3899 3764 3899 3768 3903 3769 3904 3764 3899 3769 3904 3770 3905 3748 3876 3750 3878 3751 3879 3751 3879 3750 3878 3762 3897 3751 3879 3762 3897 3771 3906 3771 3906 3762 3897 3764 3899 3771 3906 3764 3899 3772 3907 3772 3907 3764 3899 3770 3905 3772 3907 3770 3905 3773 3908 3773 3908 3774 3909 3772 3907 3772 3907 3774 3909 3775 3910 3772 3907 3775 3910 3771 3906 3771 3906 3775 3910 3755 3883 3771 3906 3755 3883 3751 3879 3751 3879 3755 3883 3756 3884 3751 3879 3756 3884 3752 3880 3773 3908 3776 3911 3774 3909 3774 3909 3776 3911 3777 3912 3774 3909 3777 3912 3778 3913 3753 3881 3755 3883 3757 3885 3757 3885 3755 3883 3775 3910 3757 3885 3775 3910 3779 3914 3779 3914 3775 3910 3774 3909 3779 3914 3774 3909 3780 3915 3780 3915 3774 3909 3778 3913 3780 3915 3778 3913 3781 3916 586 261 3757 3885 569 244 569 244 3757 3885 3779 3914 569 244 3779 3914 570 245 570 245 3779 3914 3780 3915 570 245 3780 3915 585 260 585 260 3780 3915 3781 3916 585 260 3781 3916 584 259 590 265 592 267 3782 3917 595 270 598 273 3783 3918 22 21 20 19 3784 3919 3784 3919 20 19 3785 3920 3784 3919 3785 3920 3786 3921 17 16 3743 3871 18 17 18 17 3743 3871 3787 3922 3786 3921 3785 3920 3788 3923 3788 3923 3785 3920 3789 3924 3788 3923 3789 3924 3790 3925 3743 3871 3747 3875 3787 3922 3787 3922 3747 3875 3745 3873 3787 3922 3745 3873 3791 3926 3790 3925 3789 3924 3792 3927 3792 3927 3789 3924 3793 3928 3792 3927 3793 3928 3794 3929 3745 3873 3744 3872 3791 3926 3791 3926 3744 3872 3749 3877 3791 3926 3749 3877 3795 3930 3794 3929 3793 3928 3796 3931 3796 3931 3793 3928 3797 3932 3796 3931 3797 3932 3798 3933 3749 3877 3748 3876 3795 3930 3795 3930 3748 3876 3752 3880 3795 3930 3752 3880 3799 3934 3798 3933 3797 3932 3800 3935 3800 3935 3797 3932 3801 3936 3800 3935 3801 3936 3802 3937 601 276 603 278 3803 3938 3803 3938 603 278 3801 3936 3803 3938 3801 3936 3804 3939 3804 3939 3801 3936 3797 3932 3804 3939 3797 3932 3805 3940 3805 3940 3797 3932 3793 3928 3805 3940 3793 3928 3806 3941 3806 3941 3793 3928 3789 3924 3806 3941 3789 3924 3807 3942 3807 3942 3789 3924 3785 3920 3807 3942 3785 3920 19 18 19 18 3785 3920 20 19 623 298 3808 3943 612 287 612 287 3808 3943 3802 3937 612 287 3802 3937 610 285 610 285 3802 3937 3801 3936 610 285 3801 3936 605 280 605 280 3801 3936 603 278 598 273 601 276 3783 3918 3783 3918 601 276 3803 3938 3783 3918 3803 3938 3809 3944 3809 3944 3803 3938 3804 3939 3809 3944 3804 3939 3810 3945 3810 3945 3804 3939 3805 3940 3810 3945 3805 3940 3811 3946 3811 3946 3805 3940 3806 3941 3811 3946 3806 3941 3812 3947 3812 3947 3806 3941 3807 3942 3812 3947 3807 3942 23 22 23 22 3807 3942 19 18 592 267 595 270 3782 3917 3782 3917 595 270 3783 3918 3782 3917 3783 3918 3799 3934 3799 3934 3783 3918 3809 3944 3799 3934 3809 3944 3795 3930 3795 3930 3809 3944 3810 3945 3795 3930 3810 3945 3791 3926 3791 3926 3810 3945 3811 3946 3791 3926 3811 3946 3787 3922 3787 3922 3811 3946 3812 3947 3787 3922 3812 3947 18 17 18 17 3812 3947 23 22 3752 3880 3756 3884 3799 3934 3799 3934 3756 3884 3754 3882 3799 3934 3754 3882 3782 3917 3782 3917 3754 3882 3753 3881 3782 3917 3753 3881 590 265 590 265 3753 3881 3758 3886 590 265 3758 3886 588 263 562 237 565 240 3813 3948 15 15 13 13 3765 3900 3765 3900 13 13 3814 3949 3765 3900 3814 3949 3766 3901 8 8 3815 3950 9 9 9 9 3815 3950 3816 3951 3766 3901 3814 3949 3767 3902 3767 3902 3814 3949 3817 3952 3767 3902 3817 3952 3768 3903 3815 3950 3818 3953 3816 3951 3816 3951 3818 3953 3819 3954 3816 3951 3819 3954 3820 3955 3768 3903 3817 3952 3769 3904 3769 3904 3817 3952 3821 3956 3769 3904 3821 3956 3770 3905 3819 3954 3822 3957 3820 3955 3820 3955 3822 3957 3823 3958 3820 3955 3823 3958 3824 3959 3770 3905 3821 3956 3773 3908 3773 3908 3821 3956 3825 3960 3773 3908 3825 3960 3776 3911 3823 3958 3826 3961 3824 3959 3824 3959 3826 3961 3827 3962 3824 3959 3827 3962 3828 3963 3776 3911 3825 3960 3777 3912 3777 3912 3825 3960 3829 3964 3777 3912 3829 3964 3778 3913 13 13 12 12 3814 3949 3814 3949 12 12 3830 3965 3814 3949 3830 3965 3817 3952 3817 3952 3830 3965 3831 3966 3817 3952 3831 3966 3821 3956 3821 3956 3831 3966 3832 3967 3821 3956 3832 3967 3825 3960 3825 3960 3832 3967 3833 3968 3825 3960 3833 3968 3829 3964 3829 3964 3833 3968 3834 3969 3829 3964 580 255 3778 3913 3778 3913 580 255 582 257 3778 3913 582 257 3781 3916 3781 3916 582 257 584 259 519 194 518 193 3835 3970 3835 3970 518 193 3834 3969 3835 3970 3834 3969 3836 3971 3836 3971 3834 3969 3833 3968 3836 3971 3833 3968 3837 3972 3837 3972 3833 3968 3832 3967 3837 3972 3832 3967 3838 3973 3838 3973 3832 3967 3831 3966 3838 3973 3831 3966 3839 3974 3839 3974 3831 3966 3830 3965 3839 3974 3830 3965 11 11 11 11 3830 3965 12 12 518 193 574 249 3834 3969 3834 3969 574 249 576 251 3834 3969 576 251 3829 3964 3829 3964 576 251 578 253 3829 3964 578 253 580 255 565 240 519 194 3813 3948 3813 3948 519 194 3835 3970 3813 3948 3835 3970 3828 3963 3828 3963 3835 3970 3836 3971 3828 3963 3836 3971 3824 3959 3824 3959 3836 3971 3837 3972 3824 3959 3837 3972 3820 3955 3820 3955 3837 3972 3838 3973 3820 3955 3838 3973 3816 3951 3816 3951 3838 3973 3839 3974 3816 3951 3839 3974 9 9 9 9 3839 3974 11 11 3827 3962 3840 3975 3828 3963 3828 3963 3840 3975 3841 3976 3828 3963 3841 3976 3813 3948 3813 3948 3841 3976 3842 3977 3813 3948 3842 3977 562 237 562 237 3842 3977 3843 3978 562 237 3843 3978 560 235 3844 3979 1315 1430 1402 3980 3844 3979 1402 3980 3845 3981 3846 3982 3847 3983 3848 3984 3849 3985 3846 3982 3850 3986 3851 3987 3852 3988 3853 3989 616 291 517 192 3854 3990 3854 3990 517 192 3851 3987 1402 3980 1401 3991 3845 3981 3845 3981 1401 3991 1400 3992 3845 3981 1400 3992 3855 3993 3855 3993 1400 3992 1399 3994 1399 3994 1398 3995 3855 3993 3855 3993 1398 3995 1397 3996 3855 3993 1397 3996 3856 3997 3856 3997 1397 3996 1396 3998 3856 3997 1396 3998 1395 3999 3846 3982 3848 3984 3850 3986 3850 3986 3848 3984 3857 4000 3850 3986 3857 4000 3858 4001 3858 4001 3857 4000 3859 4002 3858 4001 3859 4002 3860 4003 1395 3999 22 21 3856 3997 3856 3997 22 21 3784 3919 3856 3997 3784 3919 3786 3921 3786 3921 3859 4002 3856 3997 3856 3997 3859 4002 3857 4000 3856 3997 3857 4000 3855 3993 3855 3993 3857 4000 3848 3984 3855 3993 3848 3984 3845 3981 3845 3981 3848 3984 3847 3983 3845 3981 3847 3983 3844 3979 3786 3921 3788 3923 3859 4002 3859 4002 3788 3923 3790 3925 3859 4002 3790 3925 3860 4003 3860 4003 3790 3925 3792 3927 3860 4003 3792 3927 3794 3929 3849 3985 3850 3986 3861 4004 3861 4004 3850 3986 3858 4001 3861 4004 3858 4001 3862 4005 3862 4005 3858 4001 3860 4003 3862 4005 3860 4003 3863 4006 3863 4006 3860 4003 3794 3929 3863 4006 3794 3929 3796 3931 3796 3931 3864 4007 3863 4006 3863 4006 3864 4007 3865 4008 3863 4006 3865 4008 3862 4005 3862 4005 3865 4008 3853 3989 3862 4005 3853 3989 3861 4004 3861 4004 3853 3989 3852 3988 3861 4004 3852 3988 3849 3985 3796 3931 3798 3933 3864 4007 3864 4007 3798 3933 3800 3935 3864 4007 3800 3935 3802 3937 3851 3987 3853 3989 3854 3990 3854 3990 3853 3989 3865 4008 3854 3990 3865 4008 3866 4009 3866 4009 3865 4008 3864 4007 3866 4009 3864 4007 3867 4010 3867 4010 3864 4007 3802 3937 3867 4010 3802 3937 3808 3943 616 291 3854 3990 618 293 618 293 3854 3990 3866 4009 618 293 3866 4009 620 295 620 295 3866 4009 3867 4010 620 295 3867 4010 622 297 622 297 3867 4010 3808 3943 622 297 3808 3943 623 298 1385 4011 1384 4012 3868 4013 1383 4014 1382 4015 3869 4016 555 230 557 232 3870 4017 3870 4017 557 232 560 235 3815 3950 8 8 1379 4018 3815 3950 3871 4019 3818 3953 3818 3953 3871 4019 3872 4020 3873 4021 3822 3957 3872 4020 3872 4020 3822 3957 3819 3954 3872 4020 3819 3954 3818 3953 3874 4022 3826 3961 3873 4021 3873 4021 3826 3961 3823 3958 3873 4021 3823 3958 3822 3957 3875 4023 3840 3975 3874 4022 3874 4022 3840 3975 3827 3962 3874 4022 3827 3962 3826 3961 560 235 3843 3978 3870 4017 3870 4017 3843 3978 3842 3977 3870 4017 3842 3977 3875 4023 3875 4023 3842 3977 3841 3976 3875 4023 3841 3976 3840 3975 3815 3950 1379 4018 3871 4019 3871 4019 1379 4018 1378 4024 3871 4019 1378 4024 1377 4025 1383 4014 3869 4016 1380 4026 553 228 555 230 3876 4027 3876 4027 555 230 3870 4017 3876 4027 3870 4017 3877 4028 3877 4028 3870 4017 3875 4023 3877 4028 3875 4023 3878 4029 3878 4029 3875 4023 3874 4022 3878 4029 3874 4022 3879 4030 3879 4030 3874 4022 3873 4021 3879 4030 3873 4021 3880 4031 3880 4031 3873 4021 3872 4020 3880 4031 3872 4020 3869 4016 3869 4016 3872 4020 3871 4019 3869 4016 3871 4019 1380 4026 1380 4026 3871 4019 1377 4025 1385 4011 3868 4013 1381 4032 551 226 553 228 3881 4033 3881 4033 553 228 3876 4027 3881 4033 3876 4027 3882 4034 3882 4034 3876 4027 3877 4028 3882 4034 3877 4028 3883 4035 3883 4035 3877 4028 3878 4029 3883 4035 3878 4029 3884 4036 3884 4036 3878 4029 3879 4030 3884 4036 3879 4030 3885 4037 3885 4037 3879 4030 3880 4031 3885 4037 3880 4031 3868 4013 3868 4013 3880 4031 3869 4016 3868 4013 3869 4016 1381 4032 1381 4032 3869 4016 1382 4015 550 225 551 226 3886 4038 3886 4038 551 226 3881 4033 3886 4038 3881 4033 3887 4039 3887 4039 3881 4033 3882 4034 3887 4039 3882 4034 3888 4040 3888 4040 3882 4034 3883 4035 3888 4040 3883 4035 3889 4041 3889 4041 3883 4035 3884 4036 3889 4041 3884 4036 3890 4042 3890 4042 3884 4036 3885 4037 3890 4042 3885 4037 3891 4043 3891 4043 3885 4037 3868 4013 3891 4043 3868 4013 4 4 4 4 3868 4013 1384 4012 614 289 626 301 3892 4044 628 303 631 306 3893 4045 1318 1433 1317 1432 3894 4046 3894 4046 1317 1432 3895 4047 3894 4046 3895 4047 3896 4048 3896 4048 3895 4047 3897 4049 3896 4048 3897 4049 3898 4050 3898 4050 3897 4049 3899 4051 3899 4051 3897 4049 3900 4052 3899 4051 3900 4052 3901 4053 3901 4053 3900 4052 3902 4054 3902 4054 3900 4052 3903 4055 3902 4054 3903 4055 3904 4056 3904 4056 3903 4055 3905 4057 3905 4057 3903 4055 3906 4058 3905 4057 3906 4058 3907 4059 3907 4059 3906 4058 3908 4060 3908 4060 3906 4058 3909 4061 3908 4060 3909 4061 3910 4062 633 308 639 314 3911 4063 3911 4063 639 314 3909 4061 3911 4063 3909 4061 3912 4064 3912 4064 3909 4061 3906 4058 3912 4064 3906 4058 3913 4065 3913 4065 3906 4058 3903 4055 3913 4065 3903 4055 3914 4066 3914 4066 3903 4055 3900 4052 3914 4066 3900 4052 3915 4067 3915 4067 3900 4052 3897 4049 3915 4067 3897 4049 3916 4068 3916 4068 3897 4049 3895 4047 3916 4068 3895 4047 1320 1435 1320 1435 3895 4047 1317 1432 639 314 641 316 3909 4061 3909 4061 641 316 643 318 3909 4061 643 318 3910 4062 3910 4062 643 318 645 320 3910 4062 645 320 647 322 631 306 633 308 3893 4045 3893 4045 633 308 3911 4063 3893 4045 3911 4063 3917 4069 3917 4069 3911 4063 3912 4064 3917 4069 3912 4064 3918 4070 3918 4070 3912 4064 3913 4065 3918 4070 3913 4065 3919 4071 3919 4071 3913 4065 3914 4066 3919 4071 3914 4066 3920 4072 3920 4072 3914 4066 3915 4067 3920 4072 3915 4067 3921 4073 3921 4073 3915 4067 3916 4068 3921 4073 3916 4068 1321 1436 1321 1436 3916 4068 1320 1435 626 301 628 303 3892 4044 3892 4044 628 303 3893 4045 3892 4044 3893 4045 3922 4074 3922 4074 3893 4045 3917 4069 3922 4074 3917 4069 3923 4075 3923 4075 3917 4069 3918 4070 3923 4075 3918 4070 3924 4076 3924 4076 3918 4070 3919 4071 3924 4076 3919 4071 3925 4077 3925 4077 3919 4071 3920 4072 3925 4077 3920 4072 3926 4078 3926 4078 3920 4072 3921 4073 3926 4078 3921 4073 1316 1431 1316 1431 3921 4073 1321 1436 517 192 614 289 3851 3987 3851 3987 614 289 3892 4044 3851 3987 3892 4044 3852 3988 3852 3988 3892 4044 3922 4074 3852 3988 3922 4074 3849 3985 3849 3985 3922 4074 3923 4075 3849 3985 3923 4075 3846 3982 3846 3982 3923 4075 3924 4076 3846 3982 3924 4076 3847 3983 3847 3983 3924 4076 3925 4077 3847 3983 3925 4077 3844 3979 3844 3979 3925 4077 3926 4078 3844 3979 3926 4078 1315 1430 1315 1430 3926 4078 1316 1431 526 201 528 203 3927 4079 530 205 535 210 3928 4080 3929 4081 2 2 1 1 1 1 3930 4082 3929 4081 3929 4081 3930 4082 3931 4083 3929 4081 3931 4083 3932 4084 3931 4083 3933 4085 3932 4084 3932 4084 3933 4085 3934 4086 3932 4084 3934 4086 3935 4087 3934 4086 3936 4088 3935 4087 3935 4087 3936 4088 3937 4089 3935 4087 3937 4089 3938 4090 3937 4089 3939 4091 3938 4090 3938 4090 3939 4091 3940 4092 3938 4090 3940 4092 3941 4093 4 4 3 3 3891 4043 3891 4043 3 3 3942 4094 3891 4043 3942 4094 3890 4042 3890 4042 3942 4094 3943 4095 3890 4042 3943 4095 3889 4041 3889 4041 3943 4095 3944 4096 3889 4041 3944 4096 3888 4040 3888 4040 3944 4096 3945 4097 3888 4040 3945 4097 3887 4039 3887 4039 3945 4097 3946 4098 3887 4039 3946 4098 3886 4038 3886 4038 3946 4098 3947 4099 537 212 540 215 3948 4100 3948 4100 540 215 3947 4099 3948 4100 3947 4099 3949 4101 3949 4101 3947 4099 3946 4098 3949 4101 3946 4098 3950 4102 3950 4102 3946 4098 3945 4097 3950 4102 3945 4097 3951 4103 3951 4103 3945 4097 3944 4096 3951 4103 3944 4096 3952 4104 3952 4104 3944 4096 3943 4095 3952 4104 3943 4095 3953 4105 3953 4105 3943 4095 3942 4094 3953 4105 3942 4094 6 6 6 6 3942 4094 3 3 540 215 543 218 3947 4099 3947 4099 543 218 546 221 3947 4099 546 221 3886 4038 3886 4038 546 221 548 223 3886 4038 548 223 550 225 6 6 7 7 3953 4105 3953 4105 7 7 3954 4106 3953 4105 3954 4106 3952 4104 3952 4104 3954 4106 3955 4107 3952 4104 3955 4107 3951 4103 3951 4103 3955 4107 3956 4108 3951 4103 3956 4108 3950 4102 3950 4102 3956 4108 3957 4109 3950 4102 3957 4109 3949 4101 3949 4101 3957 4109 3958 4110 3949 4101 3958 4110 3948 4100 3948 4100 3958 4110 3928 4080 3948 4100 3928 4080 537 212 537 212 3928 4080 535 210 528 203 530 205 3927 4079 3927 4079 530 205 3928 4080 3927 4079 3928 4080 3941 4093 3941 4093 3928 4080 3958 4110 3941 4093 3958 4110 3938 4090 3938 4090 3958 4110 3957 4109 3938 4090 3957 4109 3935 4087 3935 4087 3957 4109 3956 4108 3935 4087 3956 4108 3932 4084 3932 4084 3956 4108 3955 4107 3932 4084 3955 4107 3929 4081 3929 4081 3955 4107 3954 4106 3929 4081 3954 4106 2 2 2 2 3954 4106 7 7 524 199 526 201 3959 4111 3959 4111 526 201 3927 4079 3959 4111 3927 4079 3960 4112 3960 4112 3927 4079 3941 4093 3960 4112 3941 4093 3961 4113 3961 4113 3941 4093 3940 4092 3898 4050 3899 4051 3962 4114 1394 4115 1393 4116 3963 4117 3930 4082 1 1 1394 4115 3930 4082 1394 4115 3931 4083 3931 4083 1394 4115 3963 4117 3931 4083 3963 4117 3933 4085 3964 4118 3934 4086 3933 4085 3965 4119 3937 4089 3936 4088 3961 4113 3940 4092 3966 4120 3966 4120 3940 4092 3939 4091 3959 4111 3960 4112 3967 4121 3967 4121 3960 4112 3961 4113 1393 4116 1390 4122 3963 4117 3963 4117 1390 4122 1391 4123 3963 4117 1391 4123 3968 4124 3968 4124 1391 4123 1392 4125 1392 4125 1389 4126 3968 4124 3968 4124 1389 4126 1388 4127 3968 4124 1388 4127 3969 4128 3969 4128 1388 4127 1387 4129 3969 4128 1387 4129 1386 4130 3961 4113 3966 4120 3967 4121 3967 4121 3966 4120 3970 4131 3967 4121 3970 4131 3971 4132 3971 4132 3970 4131 3972 4133 3971 4132 3972 4133 3973 4134 1386 4130 1318 1433 3969 4128 3969 4128 1318 1433 3894 4046 3969 4128 3894 4046 3896 4048 3933 4085 3963 4117 3964 4118 3964 4118 3963 4117 3968 4124 3964 4118 3968 4124 3974 4135 3974 4135 3968 4124 3969 4128 3974 4135 3969 4128 3962 4114 3962 4114 3969 4128 3896 4048 3962 4114 3896 4048 3898 4050 3899 4051 3975 4136 3962 4114 3962 4114 3975 4136 3976 4137 3962 4114 3976 4137 3974 4135 3974 4135 3976 4137 3965 4119 3974 4135 3965 4119 3964 4118 3964 4118 3965 4119 3936 4088 3964 4118 3936 4088 3934 4086 3899 4051 3901 4053 3975 4136 3975 4136 3901 4053 3902 4054 3975 4136 3902 4054 3904 4056 3904 4056 3972 4133 3975 4136 3975 4136 3972 4133 3970 4131 3975 4136 3970 4131 3976 4137 3976 4137 3970 4131 3966 4120 3976 4137 3966 4120 3965 4119 3965 4119 3966 4120 3939 4091 3965 4119 3939 4091 3937 4089 3904 4056 3905 4057 3972 4133 3972 4133 3905 4057 3907 4059 3972 4133 3907 4059 3973 4134 3973 4134 3907 4059 3908 4060 3973 4134 3908 4060 3910 4062 524 199 3959 4111 523 198 523 198 3959 4111 3967 4121 523 198 3967 4121 634 309 634 309 3967 4121 3971 4132 634 309 3971 4132 635 310 635 310 3971 4132 3973 4134 635 310 3973 4134 648 323 648 323 3973 4134 3910 4062 648 323 3910 4062 647 322 1329 2661 253 2663 1327 4138 1327 4138 253 2663 252 4139 1327 4138 252 4139 1325 4140 1325 4140 252 4139 250 4141 1325 4140 250 4141 1346 4142 1346 4142 250 4141 249 4143 1346 4142 249 4143 1347 4144 1347 4144 249 4143 256 4145 1347 4144 256 4145 1324 4146 1324 4146 256 4145 255 4147 1324 4146 255 4147 1334 4148 1334 4148 255 4147 254 4149 1334 4148 254 4149 1335 4150 1335 4150 254 4149 245 4151 1335 4150 245 4151 1332 4152 1332 4152 245 4151 244 4153 1332 4152 244 4153 1350 4154 1350 4154 244 4153 248 4155 1350 4154 248 4155 1351 4156 248 4155 37 4157 1351 4156 1351 4156 37 4157 36 4158 1351 4156 36 4158 1336 4159 1336 4159 36 4158 81 4160 1336 4159 81 4160 1343 4161 1343 4161 81 4160 76 4162 1343 4161 76 4162 1341 4163 1341 4163 76 4162 75 4164 1341 4163 75 4164 1339 4165 1339 4165 75 4164 86 4166 1339 4165 86 4166 1373 4167 1373 4167 86 4166 85 4168 1373 4167 85 4168 1374 4169 1374 4169 85 4168 83 4170 1374 4169 83 4170 1370 4171 1370 4171 83 4170 82 4172 1370 4171 82 4172 1354 4173 1354 4173 82 4172 89 4174 1354 4173 89 4174 1355 4175 1355 4175 89 4174 88 4176 1355 4175 88 4176 1357 4177 1357 4177 88 4176 87 4178 1357 4177 87 4178 1364 4179 1364 4179 87 4178 79 3109 1364 4179 79 3109 1365 3071</p>
        </triangles>
      </mesh>
    </geometry>
    <geometry id="obj1-mesh" name="obj1">
      <mesh>
        <source id="obj1-mesh-positions">
          <float_array id="obj1-mesh-positions-array" count="12003">0.002771973 0.04298597 0.05349999 0.002816975 0.04294395 0.05349999 0.002055943 0.04319095 0.05349999 8.09e-4 0.04417395 0.05349999 3.91e-4 0.04485595 0.05349999 1.86e-4 0.04557198 0.05349999 1.44e-4 0.04561698 0.05349999 0.001373946 0.04360896 0.05349999 1.44e-4 0.04694199 0.05349999 3.91e-4 0.04770195 0.05349999 1.86e-4 0.04698598 0.05349999 8.09e-4 0.04838395 0.05349999 0.001373946 0.048949 0.05349999 0.002055943 0.04936695 0.05349999 0.002771973 0.04957199 0.05349999 0.002816975 0.04961395 0.05349999 0.004185974 0.04957199 0.05349999 0.004141986 0.04961395 0.05349999 0.004901945 0.04936695 0.05349999 0.006566941 0.04770195 0.05349999 0.006813943 0.04694199 0.05349999 0.006771981 0.04698598 0.05349999 0.006148993 0.04838395 0.05349999 0.005583941 0.048949 0.05349999 0.002699971 0.04235595 0.05409997 0.00306797 0.04229998 0.05408596 0.002858996 0.04232698 0.0575 0.003479957 0.04229694 0.0575 0.002450942 0.04243695 0.05409997 0.002449989 0.04243695 0.0575 0.001804947 0.04264599 0.05409997 0.002039968 0.04254698 0.0575 0.001492977 0.04283696 0.05409997 0.001486957 0.042831 0.0575 0.00128597 0.042934 0.0575 0.001002967 0.04313796 0.05409997 6.53e-4 0.04345297 0.0575 6.7e-4 0.04346996 0.05409997 6.3e-4 0.04347199 0.0575 3.38e-4 0.04380297 0.05409997 3.33e-4 0.04380899 0.0575 3.8e-5 0.04424995 0.0575 3.8e-5 0.04429298 0.05409997 1.7e-5 0.04428094 0.0575 -5e-6 0.04431498 0.0575 -1.54e-4 0.04460495 0.05409997 -1.87e-4 0.04467898 0.0575 -1.92e-4 0.04469698 0.0575 -3.63e-4 0.04525095 0.05409997 -3.55e-4 0.04525196 0.0575 -4.44e-4 0.04549998 0.05409997 -4.57e-4 0.04559898 0.0575 -4.55e-4 0.04555499 0.05409997 -4.7e-4 0.04564297 0.0575 -5.18e-4 0.04613399 0.05407297 -4.99e-4 0.04604196 0.0575 -5.13e-4 0.04627895 0.05407595 -5.16e-4 0.04627895 0.0575 -5.21e-4 0.04633396 0.0575 -5.01e-4 0.04647397 0.0575 -5e-4 0.04668998 0.05408596 -3.85e-4 0.04731398 0.0575 -4.44e-4 0.04705798 0.05409997 -3.63e-4 0.04730695 0.05409997 3.5e-5 0.04826599 0.0575 3.8e-5 0.04826498 0.05409997 -7.2e-5 0.04810196 0.0575 -1.54e-4 0.04795295 0.05409997 -1.12e-4 0.04804199 0.0575 0.001492977 0.049721 0.05409997 0.001002967 0.04941999 0.05409997 0.001137971 0.04952198 0.0575 1.65e-4 0.04846596 0.0575 4.08e-4 0.04883795 0.0575 3.38e-4 0.04875499 0.05409997 4.2e-4 0.04885697 0.0575 6.7e-4 0.049088 0.05409997 6.69e-4 0.049088 0.0575 0.001093983 0.04948097 0.0575 0.001492977 0.04971796 0.0575 0.001524984 0.04973596 0.0575 0.001804947 0.04991197 0.05409997 0.001988947 0.04999095 0.0575 0.002450942 0.05012196 0.05409997 0.002414941 0.05013495 0.0575 0.002443969 0.05013996 0.0575 0.00347799 0.05026096 0.0575 0.003478944 0.05027198 0.05407595 0.003333985 0.05027598 0.05407297 0.003251969 0.050273 0.0575 0.002754986 0.05021297 0.05409997 0.002699971 0.05020195 0.05409997 0.003889977 0.05025798 0.05408596 0.004098951 0.05023097 0.0575 0.00425899 0.05020195 0.05409997 0.004507958 0.05012196 0.05409997 0.004508972 0.05012094 0.0575 0.005153 0.04991197 0.05409997 0.004917979 0.05001097 0.0575 0.005464971 0.049721 0.05409997 0.005470991 0.04972696 0.0575 0.00595498 0.04941999 0.05409997 0.005672991 0.04962396 0.0575 0.006287992 0.049088 0.05409997 0.006305992 0.04910498 0.0575 0.006327986 0.04908597 0.0575 0.006619989 0.04875499 0.05409997 0.00662595 0.04874897 0.0575 0.006920993 0.04826498 0.05409997 0.00691998 0.04830795 0.0575 0.00694096 0.04827696 0.0575 0.006963968 0.04824298 0.0575 0.007111966 0.04795295 0.05409997 0.007144987 0.04787898 0.0575 0.007149994 0.04786098 0.0575 0.007321953 0.04730695 0.05409997 0.007313966 0.047306 0.0575 0.007401943 0.04705798 0.05409997 0.007414996 0.04695898 0.0575 0.00741297 0.04700297 0.05409997 0.00742799 0.04691499 0.0575 0.007475972 0.04642397 0.05407297 0.007456958 0.046516 0.0575 0.007471978 0.04627895 0.05407595 0.007474958 0.04627895 0.0575 0.007478952 0.04622399 0.0575 0.007458984 0.046085 0.0575 0.007457971 0.04586797 0.05408596 0.007342994 0.04524397 0.0575 0.007401943 0.04549998 0.05409997 0.007321953 0.04525095 0.05409997 0.006920993 0.04429298 0.05409997 0.007111966 0.04460495 0.05409997 0.00702995 0.044456 0.0575 0.007069945 0.04451596 0.0575 0.00692296 0.04429197 0.0575 0.006792962 0.04409295 0.0575 0.006619989 0.04380297 0.05409997 0.006549954 0.04371994 0.0575 0.006537973 0.04370099 0.0575 0.006287992 0.04346996 0.05409997 0.006288945 0.04347097 0.0575 0.00595498 0.04313796 0.05409997 0.005863964 0.04307699 0.0575 0.005819976 0.04303598 0.0575 0.005464971 0.04283696 0.05409997 0.005464971 0.04284 0.0575 0.005432963 0.042822 0.0575 0.005153 0.04264599 0.05409997 0.004513978 0.042418 0.0575 0.004507958 0.04243695 0.05409997 0.004542946 0.04242295 0.0575 0.004968941 0.04256695 0.0575 0.003478944 0.04228699 0.05407595 0.003623962 0.04228198 0.05407297 0.003705978 0.04228597 0.0575 0.004202961 0.04234498 0.05409997 0.00425899 0.04235595 0.05409997 -0.001419961 0.04345095 0.05949997 -0.00168395 0.04246395 0.05949997 -0.00168395 0.04246395 0.06149995 -9.02e-4 0.04538196 0.05949997 0.002240955 0.057114 0.05949997 6.51e-4 0.05117797 0.05949997 0.002240955 0.057114 0.06149995 1.33e-4 0.04924595 0.05949997 -3.85e-4 0.04731398 0.05949997 -0.001448988 0.07038795 0.0625 -0.001298964 0.07074999 0.0625 -0.01157498 0.07354497 0.0625 -0.004419982 0.08069998 0.0625 -0.00337398 -0.011379 0.0625 -3.88e-4 -0.001448988 0.0625 -0.003932952 -0.01109498 0.0625 -7.5e-4 -0.001298964 0.0625 -0.004419982 -0.01069998 0.0625 -0.001060962 -0.001060962 0.0625 -0.01157498 -0.003544986 0.0625 -0.001298964 -7.5e-4 0.0625 -0.001448988 -3.88e-4 0.0625 -0.00149995 0 0.0625 -0.001448988 3.88e-4 0.0625 -0.007618963 0.008307993 0.0625 0.002798974 0.01133096 0.0625 0.002443969 0.01100397 0.0625 0 0.00149995 0.0625 0.002021968 0.01077198 0.0625 0.001555979 0.01064699 0.0625 -0.00852096 0.06137096 0.0625 -0.008088946 0.06158596 0.0625 -3.88e-4 0.068551 0.0625 -0.001060962 0.07106095 0.0625 -7.5e-4 0.07129895 0.0625 -0.003932952 0.08109498 0.0625 -3.88e-4 0.07144898 0.0625 -0.00337398 0.08137899 0.0625 -0.001298964 7.5e-4 0.0625 -0.001060962 0.001060962 0.0625 -0.007137 0.008317947 0.0625 -0.006670951 0.008441984 0.0625 -0.007618963 0.06169199 0.0625 -0.007137 0.06168198 0.0625 -0.006670951 0.06155794 0.0625 -0.00276798 -0.01154196 0.0625 -0.002141952 -0.01157397 0.0625 0 -0.00149995 0.0625 -0.001521944 -0.01147598 0.0625 3.88e-4 -0.001448988 0.0625 7.5e-4 -0.001298964 0.0625 0.002798974 0.05866897 0.0625 3.88e-4 0.068551 0.0625 0.002443969 0.05899596 0.0625 0.002021968 0.059228 0.0625 -3.88e-4 0.001448988 0.0625 -0.003507971 0.01009994 0.0625 -7.5e-4 0.001298964 0.0625 -0.004929959 0.009486973 0.0625 -0.00624895 0.008674979 0.0625 0.001073956 0.01063698 0.0625 -4.74e-4 0.01068097 0.0625 -0.002011954 0.01049995 0.0625 -0.01191097 0.07314395 0.0625 -0.01217299 0.07269096 0.0625 -0.00149995 0.06999999 0.0625 -0.01235097 0.0722 0.0625 -0.001448988 0.06961196 0.0625 -0.001298964 0.06924998 0.0625 3.88e-4 0.001448988 0.0625 0.003225982 0.01218795 0.0625 0.00306499 0.01173394 0.0625 0.008167982 -0.008610963 0.0625 0.001060962 -0.001060962 0.0625 0.007641971 -0.008952975 0.0625 0.007055997 -0.009177982 0.0625 -0.00624895 0.06132495 0.0625 -0.004929959 0.06051295 0.0625 -0.003507971 0.05989998 0.0625 -0.02069896 0.02895498 0.0625 -0.01442897 0.028979 0.0625 -0.01437199 0.02947598 0.0625 0.001448988 3.88e-4 0.0625 0.00149995 0 0.0625 0.01179695 0.002717971 0.0625 0.009177982 -0.007055997 0.0625 0.001448988 -3.88e-4 0.0625 0.001298964 -7.5e-4 0.0625 0.008952975 -0.007641971 0.0625 0.008610963 -0.008167982 0.0625 -0.01419299 0.02994298 0.0625 -0.01390397 0.03035199 0.0625 -0.01352196 0.03932499 0.0625 -0.01352196 0.03067499 0.0625 -0.01307195 0.03910595 0.0625 -0.012582 0.03900498 0.0625 -0.02077597 0.02933895 0.0625 -0.02080196 0.02973097 0.0625 -0.009169995 0.06066697 0.0625 -0.008887946 0.06105798 0.0625 0.008610963 0.07816797 0.0625 0.008167982 0.07861095 0.0625 0.001060962 0.07106095 0.0625 0.007641971 0.07895296 0.0625 7.5e-4 0.07129895 0.0625 0.007055997 0.07917797 0.0625 3.88e-4 0.07144898 0.0625 -0.001521944 0.08147597 0.0625 0 0.0715 0.0625 -0.002141952 0.08157396 0.0625 -0.00276798 0.08154195 0.0625 0.008952975 0.07764196 0.0625 0.001298964 0.07074999 0.0625 0.009177982 0.07705599 0.0625 0.001448988 0.07038795 0.0625 0.01179695 0.06728196 0.0625 0.00149995 0.06999999 0.0625 0.01188695 0.06676697 0.0625 0.001448988 0.06961196 0.0625 0.01188695 0.066244 0.0625 0.001298964 0.06924998 0.0625 0.01179695 0.06572896 0.0625 -0.002011954 0.05949997 0.0625 -4.74e-4 0.05931895 0.0625 0 0.06849998 0.0625 0.001073956 0.05936294 0.0625 0.001555979 0.05935299 0.0625 -0.01235097 -0.002199947 0.0625 -0.00852096 0.008628964 0.0625 -0.008887946 0.008941948 0.0625 -7.5e-4 0.06870096 0.0625 -0.001060962 0.06893897 0.0625 0.003225982 0.05781197 0.0625 0.003274977 0.05733299 0.0625 -0.008088946 0.00841397 0.0625 -0.01217299 -0.00269097 0.0625 -0.01191097 -0.003143966 0.0625 -0.01390397 0.03964799 0.0625 -0.01419299 0.040057 0.0625 -0.02080196 0.04026895 0.0625 -0.01437199 0.04052394 0.0625 -0.02077597 0.04066097 0.0625 -0.01442897 0.04102098 0.0625 -0.02069896 0.04104495 0.0625 -0.01436096 0.04151695 0.0625 -0.009349942 0.06022 0.0625 -0.009169995 0.009332954 0.0625 -0.009349942 0.009779989 0.0625 -0.01436096 0.02848297 0.0625 0.00306499 0.05826598 0.0625 7.5e-4 0.06870096 0.0625 0.001060962 0.06893897 0.0625 0.01188695 0.003232955 0.0625 0.01188695 0.003755986 0.0625 0.001298964 7.5e-4 0.0625 0.01179695 0.00427097 0.0625 0.001060962 0.001060962 0.0625 7.5e-4 0.001298964 0.0625 0.005150973 0.04026895 0.0625 0.005193948 0.04092198 0.0625 -0.001868963 0.029118 0.0625 0.005320966 0.04156297 0.0625 0.003206968 0.05685496 0.0625 -7.18e-4 0.04220497 0.0625 -8.84e-4 0.04178398 0.0625 -0.001140952 0.04141098 0.0625 -0.001474976 0.04110497 0.0625 -0.001868963 0.04088199 0.0625 -0.002302944 0.04075294 0.0625 -0.01307195 0.03089398 0.0625 -0.012582 0.03099495 0.0625 -0.01208198 0.03902995 0.0625 -0.01208198 0.03096997 0.0625 -0.002302944 0.02924698 0.0625 -7.18e-4 0.02779495 0.0625 0.003206968 0.01314496 0.0625 0.003274977 0.012667 0.0625 -0.001474976 0.02889496 0.0625 -0.001140952 0.02858895 0.0625 0.005150973 0.02973097 0.0625 -8.84e-4 0.028216 0.0625 0.005193948 0.02907794 0.0625 0.005320966 0.02843695 0.0625 -0.01191097 0.07314395 0.05849999 -0.01157498 0.07354497 0.05849999 -0.007618963 0.06169199 0.05849999 0.002021968 0.059228 0.05849999 0.001555979 0.05935299 0.05849999 0.003526985 0.06514596 0.05849999 -0.008887946 0.06105798 0.05849999 -0.009169995 0.06066697 0.05849999 -0.01235097 0.0722 0.05849999 -0.009349942 0.06022 0.05849999 -0.02069896 0.04104495 0.05849999 0.002148985 0.051099 0.05849999 0.001616954 0.05091899 0.05849999 0.003206968 0.05685496 0.05849999 -0.007137 0.06168198 0.05849999 -0.005966961 0.07062697 0.05849999 -0.006670951 0.06155794 0.05849999 -0.005966961 0.06937295 0.05849999 -0.005705952 0.06814599 0.05849999 -0.001246988 0.06413096 0.05849999 0 0.06400001 0.05849999 -4.74e-4 0.05931895 0.05849999 -0.01436096 0.04151695 0.05849999 -0.01442897 0.04102098 0.05849999 -0.02077597 0.04066097 0.05849999 -0.01437199 0.04052394 0.05849999 -0.02080196 0.04026895 0.05849999 -0.02080196 0.02973097 0.05849999 -0.01352196 0.03067499 0.05849999 -0.01390397 0.03964799 0.05849999 -0.01307195 0.03089398 0.05849999 -0.01352196 0.03932499 0.05849999 -0.012582 0.03099495 0.05849999 -0.01390397 0.03035199 0.05849999 -0.01419299 0.040057 0.05849999 -0.01419299 0.02994298 0.05849999 -0.01437199 0.02947598 0.05849999 -0.02077597 0.02933895 0.05849999 -0.01442897 0.028979 0.05849999 -0.02069896 0.02895498 0.05849999 -0.01436096 0.02848297 0.05849999 -0.01235097 -0.002199947 0.05849999 -0.009349942 0.009779989 0.05849999 -0.001140952 0.02858895 0.05849999 -0.001474976 0.02889496 0.05849999 0.005150973 0.04026895 0.05849999 0.001073956 0.05936294 0.05849999 0.001246988 0.06413096 0.05849999 0.002439975 0.06451898 0.05849999 -0.01217299 0.07269096 0.05849999 -0.008088946 0.06158596 0.05849999 -0.00852096 0.06137096 0.05849999 0.01179695 0.06572896 0.05849999 0.007411956 0.04936599 0.05849999 0.007040977 0.04978799 0.05849999 0.004458963 0.06598496 0.05849999 0.005195975 0.06699997 0.05849999 0.002443969 0.05899596 0.05849999 0.003274977 0.05733299 0.05849999 0.003225982 0.05781197 0.05849999 0.00306499 0.05826598 0.05849999 0.01188695 0.066244 0.05849999 0.002798974 0.05866897 0.05849999 0.01188695 0.06676697 0.05849999 0.01179695 0.06728196 0.05849999 0.005705952 0.06814599 0.05849999 -0.001521944 0.08147597 0.05849999 0 0.07599997 0.05849999 -0.002141952 0.08157396 0.05849999 -0.001246988 0.07586896 0.05849999 -0.00276798 0.08154195 0.05849999 -0.00337398 0.08137899 0.05849999 -0.009169995 0.009332954 0.05849999 -0.008887946 0.008941948 0.05849999 -0.00852096 0.008628964 0.05849999 0.01188695 0.003232955 0.05849999 0.002443969 0.01100397 0.05849999 0.01188695 0.003755986 0.05849999 0.002798974 0.01133096 0.05849999 0.01179695 0.00427097 0.05849999 0.00306499 0.01173394 0.05849999 0.003225982 0.01218795 0.05849999 -0.005195975 0.06699997 0.05849999 -0.004458963 0.06598496 0.05849999 -0.00624895 0.06132495 0.05849999 -0.003526985 0.06514596 0.05849999 -0.004929959 0.06051295 0.05849999 -0.002439975 0.06451898 0.05849999 -0.003507971 0.05989998 0.05849999 -0.002011954 0.05949997 0.05849999 -0.005705952 0.07185399 0.05849999 -0.005195975 0.07299995 0.05849999 -8.84e-4 0.028216 0.05849999 -0.001868963 0.029118 0.05849999 0.00376296 0.041287 0.05849999 0.004808962 0.04145896 0.05849999 0.005341947 0.04163897 0.05849999 0.005320966 0.04156297 0.05849999 0.005193948 0.04092198 0.05849999 -0.001474976 0.04110497 0.05849999 -0.001140952 0.04141098 0.05849999 0.002703964 0.04133898 0.05849999 -8.84e-4 0.04178398 0.05849999 0.001679956 0.04161399 0.05849999 7.37e-4 0.04209798 0.05849999 -8.3e-5 0.04276996 0.05849999 -7.18e-4 0.04220497 0.05849999 -4.54e-4 0.04319196 0.05849999 0.006220996 0.05045998 0.05849999 0.005277991 0.05094397 0.05849999 0.004253983 0.05121898 0.05849999 0.003194987 0.05127096 0.05849999 0.005966961 0.06937295 0.05849999 0.005966961 0.07062697 0.05849999 0.009177982 0.07705599 0.05849999 -0.003932952 0.08109498 0.05849999 -0.002439975 0.07548099 0.05849999 -0.004419982 0.08069998 0.05849999 -0.003526985 0.07485395 0.05849999 -0.004458963 0.07401496 0.05849999 0.005705952 0.07185399 0.05849999 0.005195975 0.07299995 0.05849999 0.008952975 0.07764196 0.05849999 0.004458963 0.07401496 0.05849999 0.008610963 0.07816797 0.05849999 0.008167982 0.07861095 0.05849999 0.007641971 0.07895296 0.05849999 0.003526985 0.07485395 0.05849999 0.007055997 0.07917797 0.05849999 0.002439975 0.07548099 0.05849999 0.001246988 0.07586896 0.05849999 0.003274977 0.012667 0.05849999 0.003206968 0.01314496 0.05849999 0.005320966 0.02843695 0.05849999 -7.18e-4 0.02779495 0.05849999 0.005193948 0.02907794 0.05849999 0.005150973 0.02973097 0.05849999 -0.01307195 0.03910595 0.05849999 -0.012582 0.03900498 0.05849999 -0.01208198 0.03096997 0.05849999 -0.01208198 0.03902995 0.05849999 -0.002302944 0.02924698 0.05849999 -0.002302944 0.04075294 0.05849999 -0.001868963 0.04088199 0.05849999 -0.007137 0.008317947 0.05849999 -0.006670951 0.008441984 0.05849999 0.001246988 0.005868971 0.05849999 -0.00624895 0.008674979 0.05849999 0.005966961 -6.27e-4 0.05849999 0.005966961 6.27e-4 0.05849999 0.01179695 0.002717971 0.05849999 0.005705952 0.001853942 0.05849999 -0.007618963 0.008307993 0.05849999 0 0.005999982 0.05849999 -0.008088946 0.00841397 0.05849999 -0.001246988 0.005868971 0.05849999 -0.002439975 0.005480945 0.05849999 0.002021968 0.01077198 0.05849999 0.005195975 0.002999961 0.05849999 0.001555979 0.01064699 0.05849999 0.004458963 0.004014968 0.05849999 -0.005966961 6.27e-4 0.05849999 -0.005966961 -6.27e-4 0.05849999 -0.004929959 0.009486973 0.05849999 -0.003507971 0.01009994 0.05849999 -0.002011954 0.01049995 0.05849999 0.003526985 0.004853963 0.05849999 0.002439975 0.005480945 0.05849999 0.001073956 0.01063698 0.05849999 -4.74e-4 0.01068097 0.05849999 -0.01217299 -0.00269097 0.05849999 -0.004419982 -0.01069998 0.05849999 -0.01157498 -0.003544986 0.05849999 -0.004458963 -0.004014968 0.05849999 -0.003526985 0.004853963 0.05849999 -0.004458963 0.004014968 0.05849999 -0.005195975 0.002999961 0.05849999 -0.005705952 0.001853942 0.05849999 -0.01191097 -0.003143966 0.05849999 -0.005705952 -0.001853942 0.05849999 -0.005195975 -0.002999961 0.05849999 -0.003526985 -0.004853963 0.05849999 -0.002439975 -0.005480945 0.05849999 -0.003932952 -0.01109498 0.05849999 -0.001246988 -0.005868971 0.05849999 -0.00337398 -0.011379 0.05849999 -0.00276798 -0.01154196 0.05849999 -0.002141952 -0.01157397 0.05849999 0 -0.005999982 0.05849999 -0.001521944 -0.01147598 0.05849999 0.001246988 -0.005868971 0.05849999 0.007055997 -0.009177982 0.05849999 0.002439975 -0.005480945 0.05849999 0.003526985 -0.004853963 0.05849999 0.007641971 -0.008952975 0.05849999 0.004458963 -0.004014968 0.05849999 0.008167982 -0.008610963 0.05849999 0.005705952 -0.001853942 0.05849999 0.009177982 -0.007055997 0.05849999 0.005195975 -0.002999961 0.05849999 0.008952975 -0.007641971 0.05849999 0.008610963 -0.008167982 0.05849999 0 0.06849998 0.05949997 -3.88e-4 0.068551 0.05949997 -7.5e-4 0.06870096 0.05949997 -0.001060962 0.06893897 0.05949997 -0.001298964 0.06924998 0.05949997 -0.001448988 0.06961196 0.05949997 -0.00149995 0.06999999 0.05949997 -0.001448988 0.07038795 0.05949997 -0.001298964 0.07074999 0.05949997 -0.001060962 0.07106095 0.05949997 -7.5e-4 0.07129895 0.05949997 -3.88e-4 0.07144898 0.05949997 0 0.0715 0.05949997 3.88e-4 0.07144898 0.05949997 7.5e-4 0.07129895 0.05949997 0.001060962 0.07106095 0.05949997 0.001298964 0.07074999 0.05949997 0.001448988 0.07038795 0.05949997 0.00149995 0.06999999 0.05949997 0.001448988 0.06961196 0.05949997 0.001298964 0.06924998 0.05949997 0.001060962 0.06893897 0.05949997 7.5e-4 0.06870096 0.05949997 3.88e-4 0.068551 0.05949997 -0.008383989 0.05996096 0.05949997 -0.008383989 0.05996096 0.06149995 -0.01339495 0.04125797 0.05949997 -0.01339495 0.04125797 0.06149995 0.001999974 0.003463983 0.05949997 0.001999974 0.003463983 0.05649995 0.003999948 0 0.05949997 0.003999948 0 0.05649995 0.001999974 -0.003463983 0.05949997 0.001999974 -0.003463983 0.05649995 -0.001999974 -0.003463983 0.05949997 -0.001999974 -0.003463983 0.05649995 -0.003999948 0 0.05949997 -0.003999948 0 0.05649995 -0.001999974 0.003463983 0.05949997 -0.001999974 0.003463983 0.05649995 0 -0.004999995 0.05649995 0.001293957 -0.004829943 0.05649995 0.001039981 -0.004890978 0.0575 0.002499997 -0.004329979 0.05649995 0.002033948 -0.00456798 0.0575 0.001287996 -0.004809975 0.0575 0.003535985 -0.003535985 0.05649995 0.002938985 -0.00404495 0.0575 0.00248599 -0.004305958 0.0575 0.004329979 -0.002499997 0.05649995 0.003715991 -0.003345966 0.0575 0.003521978 -0.003519952 0.0575 0.004829943 -0.001293957 0.05649995 0.00475496 -0.001544952 0.0575 0.004329979 -0.002499997 0.0575 0.004999995 0 0.05649995 0.004972994 -5.23e-4 0.0575 0.004809975 -0.001289963 0.0575 0.004829943 0.001293957 0.05649995 0.004972994 5.23e-4 0.0575 0.004972994 0 0.0575 0.004329979 0.002499997 0.05649995 0.00475496 0.001544952 0.0575 0.004809975 0.001289963 0.0575 0.003535985 0.003535985 0.05649995 0.003715991 0.003345966 0.0575 0.004329979 0.002499997 0.0575 0.002499997 0.004329979 0.05649995 0.002938985 0.00404495 0.0575 0.003521978 0.003519952 0.0575 0.001293957 0.004829943 0.05649995 0.002033948 0.00456798 0.0575 0.00248599 0.004305958 0.0575 0 0.004999995 0.05649995 0.001039981 0.004890978 0.0575 0.001287996 0.004809975 0.0575 -0.001293957 0.004829943 0.05649995 -0.001039981 0.004890978 0.0575 0 0.004999995 0.0575 -0.002499997 0.004329979 0.05649995 -0.002033948 0.00456798 0.0575 -0.001287996 0.004809975 0.0575 -0.003535985 0.003535985 0.05649995 -0.002938985 0.00404495 0.0575 -0.00248599 0.004305958 0.0575 -0.004329979 0.002499997 0.05649995 -0.003715991 0.003345966 0.0575 -0.003521978 0.003519952 0.0575 -0.004829943 0.001293957 0.05649995 -0.00475496 0.001544952 0.0575 -0.004329979 0.002499997 0.0575 -0.004999995 0 0.05649995 -0.004972994 5.23e-4 0.0575 -0.004809975 0.001289963 0.0575 -0.004829943 -0.001293957 0.05649995 -0.004972994 -5.23e-4 0.0575 -0.004972994 0 0.0575 -0.004329979 -0.002499997 0.05649995 -0.00475496 -0.001544952 0.0575 -0.004809975 -0.001289963 0.0575 -0.003535985 -0.003535985 0.05649995 -0.003715991 -0.003345966 0.0575 -0.004329979 -0.002499997 0.0575 -0.002499997 -0.004329979 0.05649995 -0.002938985 -0.00404495 0.0575 -0.003521978 -0.003519952 0.0575 -0.001293957 -0.004829943 0.05649995 -0.002033948 -0.00456798 0.0575 -0.00248599 -0.004305958 0.0575 0 -0.004999995 0.0575 -0.001039981 -0.004890978 0.0575 -0.001287996 -0.004809975 0.0575 -0.02166497 0.028696 0.06149995 -0.02166497 0.028696 0.05949997 -0.01331698 -0.002458989 0.06149995 -0.01331698 -0.002458989 0.05949997 -0.01331698 0.07245898 0.06149995 -0.01331698 0.07245898 0.05949997 -0.02166497 0.04130399 0.06149995 -0.02166497 0.04130399 0.05949997 0.006286978 0.04130399 0.05949997 0.006307959 0.04137998 0.05949997 0.006286978 0.04130399 0.06149995 0.00682497 0.04331195 0.05949997 0.007342994 0.04524397 0.05949997 0.01276296 0.06547099 0.05949997 0.01276296 0.06547099 0.06149995 0.008377969 0.04910695 0.05949997 0.007859945 0.047176 0.05949997 0.01276296 0.004528999 0.06149995 0.01276296 0.004528999 0.05949997 0.006286978 0.028696 0.06149995 0.006286978 0.028696 0.05949997 7.5e-4 0.001298964 0.05949997 3.88e-4 0.001448988 0.05949997 0 0.00149995 0.05949997 -3.88e-4 0.001448988 0.05949997 -7.5e-4 0.001298964 0.05949997 -7.5e-4 -0.001298964 0.05949997 -3.88e-4 -0.001448988 0.05949997 0 -0.00149995 0.05949997 3.88e-4 -0.001448988 0.05949997 7.5e-4 -0.001298964 0.05949997 -0.001060962 0.001060962 0.05949997 -0.001298964 7.5e-4 0.05949997 -0.001448988 3.88e-4 0.05949997 -0.00149995 0 0.05949997 -0.001448988 -3.88e-4 0.05949997 -0.001298964 -7.5e-4 0.05949997 -0.001060962 -0.001060962 0.05949997 0.00149995 0 0.05949997 0.001448988 3.88e-4 0.05949997 0.001298964 7.5e-4 0.05949997 0.001060962 0.001060962 0.05949997 0.001060962 -0.001060962 0.05949997 0.001298964 -7.5e-4 0.05949997 0.001448988 -3.88e-4 0.05949997 -0.02180194 0.04026895 0.06149995 -0.02180194 0.04026895 0.05949997 -0.02180194 0.02973097 0.06149995 -0.02180194 0.02973097 0.05949997 0.00615096 0.02973097 0.06149995 0.00615096 0.02973097 0.05949997 0.00615096 0.04026895 0.06149995 0.00615096 0.04026895 0.05949997 -0.01228195 -0.004251956 0.06149995 -0.01228195 -0.004251956 0.05949997 -0.005126953 -0.01140695 0.06149995 -0.005126953 -0.01140695 0.05949997 0.01276296 0.002458989 0.05949997 0.01276296 0.002458989 0.06149995 0.01014399 -0.00731498 0.05949997 0.01014399 -0.00731498 0.06149995 -0.005126953 0.08140701 0.06149995 -0.005126953 0.08140701 0.05949997 -0.01228195 0.074252 0.06149995 -0.01228195 0.074252 0.05949997 0.01276296 0.067541 0.06149995 0.01276296 0.067541 0.05949997 0.01014399 0.07731497 0.06149995 0.01014399 0.07731497 0.05949997 -0.001262962 -0.01244199 0.06149995 -0.001262962 -0.01244199 0.05949997 0.00731498 -0.01014399 0.06149995 0.00731498 -0.01014399 0.05949997 0.00731498 0.08014398 0.06149995 0.00731498 0.08014398 0.05949997 -0.001262962 0.08244198 0.06149995 -0.001262962 0.08244198 0.05949997 0.006184995 0.02920895 0.05949997 0.006184995 0.02920895 0.06149995 0.006184995 0.04079097 0.05949997 0.006184995 0.04079097 0.06149995 -0.02176696 0.02920895 0.05949997 -0.02176696 0.02920895 0.06149995 -0.02176696 0.04079097 0.05949997 -0.02176696 0.04079097 0.06149995 -0.01273 0.07371795 0.06149995 -0.01273 0.07371795 0.05949997 -0.012905 0.07341599 0.06149995 -0.012905 0.07341599 0.05949997 -0.01307898 0.07311397 0.06149995 -0.01307898 0.07311397 0.05949997 0.01288396 0.06615698 0.06149995 0.01288396 0.06615698 0.05949997 0.01288396 0.06650596 0.06149995 0.01288396 0.06650596 0.05949997 0.01288396 0.06685495 0.06149995 0.01288396 0.06685495 0.05949997 -0.002088963 0.08257299 0.06149995 -0.002088963 0.08257299 0.05949997 -0.002297997 0.08256196 0.06149995 -0.002297997 0.08256196 0.05949997 -0.002923965 0.082529 0.06149995 -0.002923965 0.082529 0.05949997 -0.003327965 0.082421 0.06149995 -0.003327965 0.082421 0.05949997 -0.003731966 0.082313 0.06149995 -0.003731966 0.082313 0.05949997 -0.004290997 0.08202797 0.06149995 -0.004290997 0.08202797 0.05949997 -0.004476964 0.08193296 0.06149995 -0.004476964 0.08193296 0.05949997 0.008095979 0.07984399 0.06149995 0.008095979 0.07984399 0.05949997 0.008796989 0.07938897 0.06149995 0.008796989 0.07938897 0.05949997 0.009388983 0.07879698 0.06149995 0.009388983 0.07879698 0.05949997 0.009843945 0.07809597 0.06149995 0.009843945 0.07809597 0.05949997 -0.01273 -0.003717958 0.05949997 -0.01273 -0.003717958 0.06149995 -0.012905 -0.003415942 0.05949997 -0.012905 -0.003415942 0.06149995 -0.01307898 -0.003113985 0.05949997 -0.01307898 -0.003113985 0.06149995 -0.002088963 -0.012573 0.06149995 -0.002088963 -0.012573 0.05949997 -0.002923965 -0.01252895 0.06149995 -0.002923965 -0.01252895 0.05949997 -0.003731966 -0.01231294 0.06149995 -0.003731966 -0.01231294 0.05949997 -0.004476964 -0.01193296 0.06149995 -0.004476964 -0.01193296 0.05949997 0.008095979 -0.009843945 0.06149995 0.008095979 -0.009843945 0.05949997 0.008270978 -0.009729981 0.06149995 0.008270978 -0.009729981 0.05949997 0.008796989 -0.009388983 0.06149995 0.008796989 -0.009388983 0.05949997 0.009092986 -0.009092986 0.06149995 0.009092986 -0.009092986 0.05949997 0.009388983 -0.008796989 0.06149995 0.009388983 -0.008796989 0.05949997 0.009729981 -0.008270978 0.06149995 0.009729981 -0.008270978 0.05949997 0.009843945 -0.008095979 0.06149995 0.009843945 -0.008095979 0.05949997 0.01288396 0.003144979 0.06149995 0.01288396 0.003144979 0.05949997 0.01288396 0.003493964 0.06149995 0.01288396 0.003493964 0.05949997 0.01288396 0.003842949 0.06149995 0.01288396 0.003842949 0.05949997 -0.00683397 0.00948596 0.05949997 -0.00683397 0.00948596 0.06149995 -0.005390942 0.01037395 0.05949997 -0.005390942 0.01037395 0.06149995 -0.005002975 0.01054096 0.05949997 -0.005002975 0.01054096 0.06149995 -0.003835976 0.01104396 0.05949997 -0.003835976 0.01104396 0.06149995 -0.003017961 0.01126295 0.05949997 -0.003017961 0.01126295 0.06149995 -0.002199947 0.011482 0.05949997 -0.002199947 0.011482 0.06149995 -9.38e-4 0.01163095 0.05949997 -9.38e-4 0.01163095 0.06149995 -5.18e-4 0.01167994 0.05949997 -5.18e-4 0.01167994 0.06149995 0.001174986 0.01163196 0.05949997 0.001174986 0.01163196 0.06149995 -0.01339495 0.02874195 0.05949997 -0.01339495 0.02874195 0.06149995 -0.008383989 0.01003897 0.05949997 -0.008383989 0.01003897 0.06149995 -0.00247699 0.02826195 0.05949997 -0.00247699 0.02826195 0.06149995 -0.01225596 0.02998495 0.05949997 -0.01225596 0.02998495 0.06149995 0.002240955 0.01288598 0.05949997 0.002240955 0.01288598 0.06149995 -0.00168395 0.02753597 0.05949997 -0.00168395 0.02753597 0.06149995 -0.01225596 0.04001498 0.05949997 -0.01225596 0.04001498 0.06149995 -0.00247699 0.04173797 0.05949997 -0.00247699 0.04173797 0.06149995 0.001174986 0.05836796 0.05949997 0.001174986 0.05836796 0.06149995 -5.18e-4 0.05831998 0.05949997 -5.18e-4 0.05831998 0.06149995 -9.38e-4 0.05836898 0.05949997 -9.38e-4 0.05836898 0.06149995 -0.002199947 0.05851799 0.05949997 -0.002199947 0.05851799 0.06149995 -0.003017961 0.05873697 0.05949997 -0.003017961 0.05873697 0.06149995 -0.003835976 0.05895596 0.05949997 -0.003835976 0.05895596 0.06149995 -0.005002975 0.05945897 0.05949997 -0.005002975 0.05945897 0.06149995 -0.005390942 0.05962598 0.05949997 -0.005390942 0.05962598 0.06149995 -0.00683397 0.06051397 0.05949997 -0.00683397 0.06051397 0.06149995 0.004829943 0.071294 0.05649995 0.004999995 0.06999999 0.05649995 0.003999948 0.06999999 0.05649995 -0.001293957 0.06516999 0.05649995 -0.002499997 0.06566995 0.05649995 -0.001999974 0.066536 0.05649995 -0.001999974 0.07346397 0.05649995 -0.001293957 0.07482999 0.05649995 0.001999974 0.07346397 0.05649995 0 0.07499998 0.05649995 0.001293957 0.07482999 0.05649995 -0.004329979 0.07249999 0.05649995 -0.003535985 0.07353597 0.05649995 -0.002499997 0.07432997 0.05649995 0.004829943 0.06870597 0.05649995 0.004329979 0.06749999 0.05649995 0.001999974 0.066536 0.05649995 0.003535985 0.066464 0.05649995 -0.004829943 0.071294 0.05649995 -0.003999948 0.06999999 0.05649995 -0.004999995 0.06999999 0.05649995 0.002499997 0.07432997 0.05649995 0.003535985 0.07353597 0.05649995 0.004329979 0.07249999 0.05649995 0.002499997 0.06566995 0.05649995 0.001293957 0.06516999 0.05649995 0 0.06499999 0.05649995 -0.003535985 0.066464 0.05649995 -0.004329979 0.06749999 0.05649995 -0.004829943 0.06870597 0.05649995 0.001039981 0.07489097 0.0575 0.001287996 0.07480996 0.0575 0.002033948 0.07456797 0.0575 0.00248599 0.07430595 0.0575 0.002938985 0.074045 0.0575 0.003521978 0.07352 0.0575 0.003715991 0.07334595 0.0575 0.004329979 0.07249999 0.0575 0.00475496 0.071545 0.0575 0.004809975 0.07128995 0.0575 0.004972994 0.07052296 0.0575 0.004972994 0.06999999 0.0575 0.004972994 0.06947696 0.0575 0.004809975 0.06870996 0.0575 0.00475496 0.06845498 0.0575 0.004329979 0.06749999 0.0575 0.003715991 0.06665396 0.0575 0.003521978 0.06647998 0.0575 0.002938985 0.06595498 0.0575 0.00248599 0.06569397 0.0575 0.002033948 0.06543195 0.0575 0.001287996 0.06518995 0.0575 0.001039981 0.06510895 0.0575 0 0.06499999 0.0575 -0.001039981 0.06510895 0.0575 -0.001287996 0.06518995 0.0575 -0.002033948 0.06543195 0.0575 -0.00248599 0.06569397 0.0575 -0.002938985 0.06595498 0.0575 -0.003521978 0.06647998 0.0575 -0.003715991 0.06665396 0.0575 -0.004329979 0.06749999 0.0575 -0.00475496 0.06845498 0.0575 -0.004809975 0.06870996 0.0575 -0.004972994 0.06947696 0.0575 -0.004972994 0.06999999 0.0575 -0.004972994 0.07052296 0.0575 -0.004809975 0.07128995 0.0575 -0.00475496 0.071545 0.0575 -0.004329979 0.07249999 0.0575 -0.003715991 0.07334595 0.0575 -0.003521978 0.07352 0.0575 -0.002938985 0.074045 0.0575 -0.00248599 0.07430595 0.0575 -0.002033948 0.07456797 0.0575 -0.001287996 0.07480996 0.0575 -0.001039981 0.07489097 0.0575 0 0.07499998 0.0575 -0.001999974 0.066536 0.05949997 0.001999974 0.066536 0.05949997 0.003999948 0.06999999 0.05949997 0.001999974 0.07346397 0.05949997 -0.001999974 0.07346397 0.05949997 -0.003999948 0.06999999 0.05949997 0.006771981 0.04557198 0.05349999 0.006813943 0.04561698 0.05349999 0.006566941 0.04485595 0.05349999 0.004901945 0.04319095 0.05349999 0.004141986 0.04294395 0.05349999 0.004185974 0.04298597 0.05349999 0.005583941 0.04360896 0.05349999 0.006148993 0.04417395 0.05349999 0.003478944 0.04767894 0.03125 0.003366947 0.04985898 0.03125 0.003590941 0.04985898 0.03125 -7.3e-5 0.04601997 0.03125 -1.07e-4 0.04627895 0.03125 0.00207895 0.04627895 0.03125 0.00248897 0.04528898 0.03125 0.002771973 0.04298597 0.03125 0.002266943 0.04557895 0.03125 1.86e-4 0.04557198 0.03125 0.002126991 0.04591697 0.03125 0.00248897 0.04726898 0.03125 1.86e-4 0.04698598 0.03125 0.002778947 0.04749095 0.03125 0.002771973 0.04957199 0.03125 0.003116965 0.04763096 0.03125 0.002946972 0.049712 0.03125 0.003148972 0.04980897 0.03125 0.004468977 0.04528898 0.03125 0.004691958 0.04557895 0.03125 0.006771981 0.04557198 0.03125 0.004830956 0.04591697 0.03125 0.006930947 0.04577898 0.03125 0.004878997 0.04627895 0.03125 0.007030963 0.04601997 0.03125 0.007064998 0.04627895 0.03125 2.7e-5 0.04577898 0.03125 0.003590941 0.04269999 0.03125 0.003366947 0.04269999 0.03125 0.003478944 0.04487895 0.03125 0.004468977 0.04726898 0.03125 0.004185974 0.04957199 0.03125 0.004691958 0.04697895 0.03125 0.006771981 0.04698598 0.03125 0.004830956 0.04664099 0.03125 0.006930947 0.04677897 0.03125 0.007030963 0.04653799 0.03125 0.004178941 0.04749095 0.03125 0.003840982 0.04763096 0.03125 0.004010975 0.049712 0.03125 0.003808975 0.04980897 0.03125 0.002266943 0.04697895 0.03125 0.002126991 0.04664099 0.03125 2.7e-5 0.04677897 0.03125 -7.3e-5 0.04653799 0.03125 0.002778947 0.04506695 0.03125 0.003116965 0.044927 0.03125 0.002946972 0.04284697 0.03125 0.003148972 0.04274898 0.03125 0.004178941 0.04506695 0.03125 0.004185974 0.04298597 0.03125 0.003840982 0.044927 0.03125 0.004010975 0.04284697 0.03125 0.003808975 0.04274898 0.03125 0.004107952 0.04291898 0.05349999 0.004010975 0.04284697 0.05349999 0.003808975 0.04274898 0.05349999 0.003628969 0.04270797 0.05349999 0.003148972 0.04274898 0.05349999 0.003366947 0.04269999 0.05349999 0.003590941 0.04269999 0.05349999 0.00307995 0.04278296 0.05349999 0.002946972 0.04284697 0.05349999 0.006837964 0.04690796 0.05349999 0.006930947 0.04677897 0.05349999 0.007030963 0.04653799 0.05349999 0.00704497 0.04642796 0.05349999 0.007064998 0.04627895 0.05349999 0.007030963 0.04601997 0.05349999 0.006972968 0.04587996 0.05349999 0.006930947 0.04577898 0.05349999 0.002849996 0.04963898 0.05349999 0.002946972 0.049712 0.05349999 0.003148972 0.04980897 0.05349999 0.003329992 0.04984998 0.05349999 0.003808975 0.04980897 0.05349999 0.003590941 0.04985898 0.05349999 0.003366947 0.04985898 0.05349999 0.003877997 0.049775 0.05349999 0.004010975 0.049712 0.05349999 1.2e-4 0.04565095 0.05349999 2.7e-5 0.04577898 0.05349999 -7.3e-5 0.04601997 0.05349999 -8.7e-5 0.04613 0.05349999 -1.07e-4 0.04627895 0.05349999 -7.3e-5 0.04653799 0.05349999 -1.5e-5 0.04667794 0.05349999 2.7e-5 0.04677897 0.05349999 -0.00840795 0.01003199 0.06172299 -0.00841999 0.01002895 0.06175798 -0.01342797 0.02873295 0.06175899 -0.008479952 0.01001298 0.06193399 -0.00851798 0.01000297 0.06199699 -0.01352494 0.02870696 0.06199997 -0.008594989 0.009981989 0.062123 -0.01367795 0.02866595 0.06220698 -0.008670985 0.009961962 0.06220299 -0.008747994 0.009940981 0.06228196 -0.01387798 0.02861195 0.06236594 -0.008869946 0.009908974 0.062361 -0.008930981 0.009891986 0.06240099 -0.01411098 0.02854996 0.06246596 -0.009100973 0.009846985 0.06246298 -0.009134948 0.009837985 0.06247496 -0.00681895 0.009465992 0.06172299 -0.00704497 0.009369969 0.06149995 -0.007034957 0.009346961 0.06172299 -0.007277965 0.00930798 0.06149995 -0.007273972 0.009282946 0.06172299 -0.007518947 0.009302973 0.06149995 -0.007520973 0.009277999 0.06172299 -0.007753968 0.009355962 0.06149995 -0.007761955 0.009332001 0.06172299 -0.007968962 0.009462952 0.06149995 -0.007982969 0.009442985 0.06172299 -0.008152961 0.009619951 0.06149995 -0.008170962 0.009602963 0.06172299 -0.008293986 0.009814977 0.06149995 -0.00831598 0.009802997 0.06172299 -0.006751954 0.009373962 0.06199699 -0.006775975 0.00940597 0.06193399 -0.007007956 0.009277999 0.06193399 -0.006811976 0.009455978 0.06175798 -0.008380949 0.009766995 0.06193399 -0.008225977 0.009552955 0.06193399 -0.008023977 0.009380996 0.06193399 -0.007786989 0.009261965 0.06193399 -0.00752896 0.00920397 0.06193399 -0.007263958 0.00920999 0.06193399 -0.006962954 0.009167969 0.062123 -0.006705999 0.009308993 0.062123 -0.007246971 0.009091973 0.062123 -0.007539987 0.009085953 0.062123 -0.007826983 0.009149968 0.062123 -0.008089959 0.009280979 0.062123 -0.008313 0.009471952 0.062123 -0.008484959 0.009709954 0.062123 -0.00654 0.009077966 0.062361 -0.006612956 0.009180963 0.06228196 -0.006903946 0.009020984 0.06228196 -0.006659984 0.009244978 0.06220299 -0.008623957 0.009633958 0.06228196 -0.008429944 0.009363949 0.06228196 -0.008176982 0.009148955 0.06228196 -0.007879972 0.009000957 0.06228196 -0.007555961 0.008928 0.06228196 -0.007224977 0.008934974 0.06228196 -0.006399989 0.008883953 0.06246298 -0.006502985 0.009026944 0.06240099 -0.006832957 0.008844971 0.06240099 -0.007197976 0.008746981 0.06240099 -0.007574975 0.008739948 0.06240099 -0.007943987 0.008822977 0.06240099 -0.008281946 0.008990943 0.06240099 -0.008568942 0.009235978 0.06240099 -0.008789956 0.009541988 0.06240099 -0.006378948 0.008854985 0.06247496 -0.006753981 0.008648991 0.06247496 -0.007167994 0.008537948 0.06247496 -0.007596969 0.008528947 0.06247496 -0.008014976 0.008622944 0.06247496 -0.008397996 0.00881499 0.06247496 -0.008723974 0.009092986 0.06247496 -0.008974969 0.009439945 0.06247496 -0.01416999 0.02898097 0.06246596 -0.01392894 0.02898395 0.06236594 -0.013722 0.02898597 0.06220698 -0.01356297 0.028988 0.06199997 -0.01346296 0.02898895 0.06175899 -0.01342898 0.02898997 0.06149995 -0.01340097 0.02923798 0.06149995 -0.01343399 0.02924597 0.06175899 -0.01331096 0.02947199 0.06149995 -0.01334095 0.02948796 0.06175899 -0.01316696 0.02967596 0.06149995 -0.01319199 0.02969896 0.06175899 -0.01297599 0.02983796 0.06149995 -0.012995 0.02986598 0.06175899 -0.01275098 0.02994698 0.06149995 -0.01276195 0.02998 0.06175899 -0.01250594 0.029998 0.06149995 -0.01250797 0.03003096 0.06175899 -0.01224994 0.03001898 0.06175899 -0.01353096 0.02926999 0.06199997 -0.01342898 0.02953499 0.06199997 -0.01326495 0.02976596 0.06199997 -0.01304894 0.02994996 0.06199997 -0.01279395 0.030074 0.06199997 -0.01251596 0.03013098 0.06199997 -0.01223295 0.03011697 0.06199997 -0.01368498 0.02930796 0.06220698 -0.01356995 0.02960997 0.06220698 -0.01338297 0.02987396 0.06220698 -0.01313596 0.030083 0.06220698 -0.01284497 0.03022497 0.06220698 -0.012528 0.03028994 0.06220698 -0.012205 0.03027397 0.06220698 -0.01388597 0.02935695 0.06236594 -0.01375198 0.02970695 0.06236594 -0.01353496 0.03001397 0.06236594 -0.01324898 0.03025698 0.06236594 -0.01291197 0.03042095 0.06236594 -0.01254397 0.030496 0.06236594 -0.012169 0.030478 0.06236594 -0.01412099 0.02941399 0.06246596 -0.01396495 0.02982097 0.06246596 -0.013713 0.03017699 0.06246596 -0.013381 0.03045898 0.06246596 -0.01298898 0.030649 0.06246596 -0.01256197 0.03073698 0.06246596 -0.01212698 0.03071498 0.06246596 -0.002193987 0.01144897 0.06175899 -0.003824949 0.01101195 0.06175899 -0.00504899 0.009715974 0.06246596 -0.005160987 0.009929955 0.06236594 -0.005255997 0.01011395 0.06220698 -0.005329966 0.01025497 0.06199997 -0.005375981 0.01034396 0.06175899 -0.003592967 0.01034396 0.06246596 -0.003671944 0.01057195 0.06236594 -0.003739953 0.01076698 0.06220698 -0.003791987 0.01091796 0.06199997 -0.002174973 0.01135098 0.06199997 -0.002144992 0.011195 0.06220698 -0.002105951 0.01099097 0.06236594 -0.002060949 0.010755 0.06246596 -5.17e-4 0.01164597 0.06175899 -5.12e-4 0.01154595 0.06199997 -5.05e-4 0.01138699 0.06220698 -4.96e-4 0.01117998 0.06236594 -4.85e-4 0.010939 0.06246596 0.001099944 0.01089495 0.06246596 0.001124978 0.01113498 0.06236594 0.001144945 0.01134097 0.06220698 0.001160979 0.01149898 0.06199997 0.001170992 0.01159799 0.06175899 -0.008293986 0.009814977 0.05949997 -0.008152961 0.009619951 0.05949997 -0.007968962 0.009462952 0.05949997 -0.007753968 0.009355962 0.05949997 -0.007518947 0.009302973 0.05949997 -0.007277965 0.00930798 0.05949997 -0.00704497 0.009369969 0.05949997 -0.008411943 0.01003098 0.05927795 -0.01342397 0.02873396 0.05927795 -0.01342797 0.02873295 0.05924099 -0.00841695 0.01002997 0.05924099 -0.01349699 0.028714 0.05906897 -0.008485972 0.01001197 0.05906897 -0.01352494 0.02870696 0.05899995 -0.008512973 0.01000398 0.05899995 -0.01361197 0.02868294 0.05888199 -0.00860095 0.009980976 0.05888199 -0.01367795 0.02866595 0.05879294 -0.008666992 0.009962975 0.05879294 -0.01376396 0.02864295 0.05872499 -0.008752942 0.009939968 0.05872499 -0.01387798 0.02861195 0.05863398 -0.008866965 0.009909987 0.05863398 -0.01394498 0.02859395 0.05860495 -0.008932948 0.009891986 0.05860495 -0.01411098 0.02854996 0.05853396 -0.00909996 0.009846985 0.05853396 -0.01414698 0.02853995 0.05852895 -0.009134948 0.009837985 0.05852895 -0.01250594 0.029998 0.05949997 -0.01275098 0.02994698 0.05949997 -0.01297599 0.02983796 0.05949997 -0.01316696 0.02967596 0.05949997 -0.01331096 0.02947199 0.05949997 -0.01340097 0.02923798 0.05949997 -0.01342898 0.02898997 0.05949997 -0.002347946 0.02899199 0.06246596 -0.002389967 0.02875399 0.06236594 -0.002425968 0.02854996 0.06220698 -0.002452969 0.02839398 0.06199997 -0.00247097 0.02829498 0.06175899 0.002273976 0.01289498 0.06175899 -0.001650989 0.02754497 0.06175899 0.002370953 0.01292097 0.06199997 -0.001554965 0.02756994 0.06199997 0.002523958 0.01296198 0.06220698 -0.001400947 0.02761197 0.06220698 0.002723991 0.01301497 0.06236594 -0.001200973 0.02766495 0.06236594 0.002956986 0.01307797 0.06246596 -9.68e-4 0.02772796 0.06246596 0.003015995 0.01266199 0.06246596 0.002774953 0.01265698 0.06236594 0.002567946 0.01265299 0.06220698 0.002408981 0.01264995 0.06199997 0.002308964 0.01264798 0.06175899 0.00227499 0.01264697 0.06149995 0.002250969 0.012407 0.06149995 0.00228399 0.01239997 0.06175899 0.002169966 0.01217997 0.06149995 0.002199947 0.01216495 0.06175899 0.002036988 0.01197898 0.06149995 0.002062976 0.01195698 0.06175899 0.001859962 0.01181596 0.06149995 0.00187999 0.01178795 0.06175899 0.001648962 0.01169896 0.06149995 0.001660943 0.01166796 0.06175899 0.001415967 0.01163697 0.06149995 0.001420974 0.01160299 0.06175899 0.00238198 0.01237797 0.06199997 0.00228995 0.01211994 0.06199997 0.002138972 0.01189196 0.06199997 0.001937985 0.01170694 0.06199997 0.00169897 0.01157498 0.06199997 0.001434981 0.01150399 0.06199997 0.002536952 0.01234298 0.06220698 0.002431988 0.01204895 0.06220698 0.002259969 0.01178896 0.06220698 0.002030968 0.01157796 0.06220698 0.001757979 0.01142799 0.06220698 0.001456975 0.01134699 0.06220698 0.002738952 0.01229798 0.06236594 0.002616941 0.01195698 0.06236594 0.002417981 0.01165497 0.06236594 0.002151966 0.01140999 0.06236594 0.001834988 0.01123595 0.06236594 0.001485943 0.01114195 0.06236594 0.002973973 0.01224499 0.06246596 0.002832949 0.01184898 0.06246596 0.002601981 0.01149898 0.06246596 0.00229299 0.01121395 0.06246596 0.001924991 0.01101195 0.06246596 0.001519978 0.010903 0.06246596 -0.006813943 0.009458959 0.05924099 -0.007031977 0.009337961 0.05924099 -0.006754994 0.009377956 0.05899995 -0.006994962 0.009245991 0.05899995 -0.006661951 0.009248971 0.05879294 -0.006540954 0.009080946 0.05863398 -0.006857991 0.008905947 0.05863398 -0.006399989 0.008884966 0.05853396 -0.006767988 0.008681952 0.05853396 -0.007172942 0.008573949 0.05853396 -0.007592976 0.008564949 0.05853396 -0.008002996 0.008657991 0.05853396 -0.008377969 0.008844971 0.05853396 -0.008697986 0.009116947 0.05853396 -0.008942961 0.009457945 0.05853396 -0.008731961 0.009573996 0.05863398 -0.00852096 0.009280979 0.05863398 -0.008244991 0.009045958 0.05863398 -0.007921993 0.008884966 0.05863398 -0.007568955 0.008804976 0.05863398 -0.007206976 0.008812963 0.05863398 -0.006935 0.009097993 0.05879294 -0.007235944 0.009017944 0.05879294 -0.007547974 0.00901097 0.05879294 -0.007851958 0.009079992 0.05879294 -0.008130967 0.00921899 0.05879294 -0.008367955 0.00942099 0.05879294 -0.008549988 0.009673953 0.05879294 -0.00841099 0.009750962 0.05899995 -0.008250951 0.009528994 0.05899995 -0.008042991 0.009351968 0.05899995 -0.007798969 0.009229958 0.05899995 -0.007532 0.009169995 0.05899995 -0.007258951 0.009174942 0.05899995 -0.007272958 0.009273946 0.05924099 -0.007521986 0.009268999 0.05924099 -0.007764995 0.009323954 0.05924099 -0.007987976 0.009434998 0.05924099 -0.008177995 0.009596943 0.05924099 -0.008323967 0.009798943 0.05924099 -0.01416999 0.02898097 0.05853396 -0.01412099 0.02941399 0.05853396 -0.01396495 0.02982097 0.05853396 -0.013713 0.03017699 0.05853396 -0.013381 0.03045898 0.05853396 -0.01298898 0.030649 0.05853396 -0.01256197 0.03073698 0.05853396 -0.01212096 0.03075098 0.05852895 -0.01392894 0.02898395 0.05863398 -0.01212698 0.03071498 0.05853396 -0.01215696 0.03054499 0.05860495 -0.01254397 0.030496 0.05863398 -0.01291197 0.03042095 0.05863398 -0.01324898 0.03025698 0.05863398 -0.01353496 0.03001397 0.05863398 -0.01375198 0.02970695 0.05863398 -0.01388597 0.02935695 0.05863398 -0.013722 0.02898597 0.05879294 -0.01368498 0.02930796 0.05879294 -0.01356995 0.02960997 0.05879294 -0.01338297 0.02987396 0.05879294 -0.01313596 0.030083 0.05879294 -0.01284497 0.03022497 0.05879294 -0.012528 0.03028994 0.05879294 -0.01356297 0.028988 0.05899995 -0.012169 0.030478 0.05863398 -0.01218998 0.03036099 0.05872499 -0.012205 0.03027397 0.05879294 -0.01221698 0.03020697 0.05888199 -0.01251596 0.03013098 0.05899995 -0.01279395 0.030074 0.05899995 -0.01304894 0.02994996 0.05899995 -0.01326495 0.02976596 0.05899995 -0.01342898 0.02953499 0.05899995 -0.01353096 0.02926999 0.05899995 -0.01346296 0.02898895 0.05924099 -0.01343399 0.02924597 0.05924099 -0.01334095 0.02948796 0.05924099 -0.01319199 0.02969896 0.05924099 -0.012995 0.02986598 0.05924099 -0.01276195 0.02998 0.05924099 -0.01250797 0.03003096 0.05924099 -0.01223295 0.03011697 0.05899995 -0.01223796 0.03008896 0.05906897 -0.01224994 0.03001898 0.05924099 -0.01225095 0.03001397 0.05927795 -0.002258956 0.028198 0.06149995 -0.002245962 0.02822899 0.06175899 -0.002206981 0.02832096 0.06199997 -0.002144992 0.02846699 0.06220698 -0.002063989 0.02865797 0.06236594 -0.001969993 0.02888 0.06246596 -0.002061963 0.02808594 0.06149995 -0.002041995 0.02811396 0.06175899 -0.001984 0.02819395 0.06199997 -0.001889944 0.02832299 0.06220698 -0.001767992 0.02849096 0.06236594 -0.001626968 0.02868598 0.06246596 -0.00189495 0.027933 0.06149995 -0.001869976 0.02795499 0.06175899 -0.00179398 0.02802097 0.06199997 -0.001673996 0.02812498 0.06220698 -0.001517951 0.028261 0.06236594 -0.001335978 0.02841895 0.06246596 -0.001766979 0.02774596 0.06149995 -0.001736998 0.02776199 0.06175899 -0.001648962 0.02780896 0.06199997 -0.001508951 0.027884 0.06220698 -0.001325964 0.02798098 0.06236594 -0.001112997 0.02809399 0.06246596 0.001415967 0.01163697 0.05949997 0.001648962 0.01169896 0.05949997 0.001859962 0.01181596 0.05949997 0.002036988 0.01197898 0.05949997 0.002169966 0.01217997 0.05949997 0.002250969 0.012407 0.05949997 0.00227499 0.01264697 0.05949997 -0.003824949 0.01101195 0.05924099 0.001171946 0.01160299 0.05927795 -5.17e-4 0.01164597 0.05924099 0.001170992 0.01159799 0.05924099 0.001163959 0.011527 0.05906897 -5.12e-4 0.01154595 0.05899995 0.001160979 0.01149898 0.05899995 0.001151978 0.01140797 0.05888199 -5.05e-4 0.01138699 0.05879294 0.001144945 0.01134097 0.05879294 0.001135945 0.01125198 0.05872499 -4.96e-4 0.01117998 0.05863398 -0.005375981 0.01034396 0.05924099 -0.005329966 0.01025497 0.05899995 -0.005255997 0.01011395 0.05879294 -0.005160987 0.009929955 0.05863398 -0.00504899 0.009715974 0.05853396 -0.003791987 0.01091796 0.05899995 -0.003739953 0.01076698 0.05879294 -0.003671944 0.01057195 0.05863398 -0.003592967 0.01034396 0.05853396 -0.002193987 0.01144897 0.05924099 -0.002174973 0.01135098 0.05899995 -0.002144992 0.011195 0.05879294 -0.002105951 0.01099097 0.05863398 -0.002060949 0.010755 0.05853396 -4.85e-4 0.010939 0.05853396 0.001124978 0.01113498 0.05863398 0.001117944 0.01106595 0.05860495 0.001099944 0.01089495 0.05853396 0.001096963 0.01085799 0.05852895 -0.002458989 0.02835899 0.05906599 -0.002471983 0.02828598 0.05927699 -0.002438962 0.02847695 0.05887699 -0.002410948 0.02863299 0.05871796 -0.002377986 0.02881896 0.05859899 -0.002341985 0.02902698 0.05852496 -0.001766979 0.02774596 0.05949997 -0.00189495 0.027933 0.05949997 -0.002061963 0.02808594 0.05949997 -0.002258956 0.028198 0.05949997 0.001418948 0.01161199 0.05927699 0.001429975 0.01153898 0.05906599 0.002991974 0.01308697 0.05852496 0.003051996 0.01266294 0.05852496 0.003008961 0.01223695 0.05852496 0.00286597 0.01183295 0.05852496 0.002628982 0.01147496 0.05852496 0.002313971 0.01118499 0.05852496 0.001938998 0.01097798 0.05852496 0.001524984 0.01086699 0.05852496 0.002726972 0.01301598 0.05863898 0.002787947 0.01303195 0.05859899 0.002840995 0.01265895 0.05859899 0.002957999 0.01307797 0.05853694 0.001494944 0.01107698 0.05859899 0.001859962 0.01117396 0.05859899 0.002190947 0.01135599 0.05859899 0.002467989 0.01161199 0.05859899 0.00267595 0.01192694 0.05859899 0.002802968 0.01228296 0.05859899 0.002527952 0.01296299 0.058797 0.002604961 0.01298296 0.05871796 0.002651989 0.01265496 0.05871796 0.002617955 0.01232498 0.05871796 0.002506971 0.012012 0.05871796 0.002323985 0.01173496 0.05871796 0.002079963 0.01150995 0.05871796 0.001788973 0.01134997 0.05871796 0.001468956 0.01126396 0.05871796 0.002374947 0.01292198 0.05900299 0.002451956 0.01294195 0.05887699 0.002492964 0.01265197 0.05887699 0.002463996 0.01235896 0.05887699 0.002364993 0.01208299 0.05887699 0.002202987 0.01183795 0.05887699 0.00198698 0.01163899 0.05887699 0.001729965 0.01149696 0.05887699 0.001446962 0.01142096 0.05887699 0.002276957 0.012896 0.05924195 0.002336978 0.01291197 0.05906599 0.002373993 0.01264899 0.05906599 0.002346992 0.01238596 0.05906599 0.002258956 0.01213598 0.05906599 0.002111971 0.01191496 0.05906599 0.001917958 0.01173496 0.05906599 0.001685976 0.011608 0.05906599 0.002264976 0.01289194 0.05927699 0.002299964 0.01264798 0.05927699 0.00227499 0.01240199 0.05927699 0.00219196 0.012169 0.05927699 0.002055943 0.01196295 0.05927699 0.001874983 0.01179498 0.05927699 0.001657962 0.01167595 0.05927699 -0.002249956 0.02822095 0.05927699 -0.001080989 0.02811098 0.05852496 -9.33e-4 0.02773696 0.05852496 -9.67e-4 0.02772796 0.05853694 -0.001266956 0.02801197 0.05859899 -0.001136958 0.027682 0.05859899 -0.001197993 0.02766597 0.05863898 -0.001434981 0.02792298 0.05871796 -0.001319944 0.02763295 0.05871796 -0.001396954 0.02761298 0.058797 -0.001574993 0.02784895 0.05887699 -0.001955986 0.02891296 0.05852496 -0.002037942 0.02871894 0.05859899 -0.002111971 0.02854394 0.05871796 -0.00217396 0.02839797 0.05887699 -0.002220988 0.02828896 0.05906599 -0.001604974 0.02871495 0.05852496 -0.001729965 0.02854394 0.05859899 -0.001840949 0.028391 0.05871796 -0.001933991 0.02826297 0.05887699 -0.002003967 0.02816599 0.05906599 -0.001308977 0.02844297 0.05852496 -0.001467943 0.02830398 0.05859899 -0.001610994 0.02818 0.05871796 -0.001730978 0.02807599 0.05887699 -0.001820981 0.02799797 0.05906599 -0.001679956 0.02779299 0.05906599 -0.001472949 0.027592 0.05887699 -0.001549959 0.02757197 0.05900299 -0.001589 0.02756094 0.05906599 -0.001647949 0.02754497 0.05924195 -0.002047955 0.02810597 0.05927699 -0.001875996 0.02794998 0.05927699 -0.001744985 0.027758 0.05927699 -0.001659989 0.02754199 0.05927699 -0.004073977 0.081312 0.06246596 -0.00346595 0.08162099 0.06246596 -0.004204988 0.081514 0.06236594 -0.003552973 0.08184599 0.06236594 -0.004317998 0.08168798 0.06220698 -0.003626942 0.08203899 0.06220698 -0.004403948 0.08182096 0.06199997 -0.003683984 0.08218801 0.06199997 -0.004458963 0.081905 0.06175899 -0.003719985 0.08228099 0.06175899 -0.004602968 0.08088296 0.06246596 -0.004772961 0.08105295 0.06236594 -0.004919946 0.0812 0.06220698 -0.005031943 0.081312 0.06199997 -0.005102992 0.08138298 0.06175899 -0.002918958 0.08249598 0.06175899 -0.002902984 0.08239698 0.06199997 -0.002878963 0.08223998 0.06220698 -0.002845942 0.082035 0.06236594 -0.002807974 0.081797 0.06246596 -0.00209099 0.08253896 0.06175899 -0.002095997 0.082439 0.06199997 -0.002104997 0.08228099 0.06220698 -0.002114951 0.08207398 0.06236594 -0.002127945 0.081833 0.06246596 -0.001454949 0.08172595 0.06246596 -0.00139296 0.081959 0.06236594 -0.001338958 0.08215898 0.06220698 -0.00129795 0.082313 0.06199997 -0.001271963 0.08240896 0.06175899 -0.01226395 0.074234 0.06172299 -0.01225596 0.07422596 0.06175798 -0.01221197 0.07418197 0.06193399 -0.01218396 0.07415395 0.06199699 -0.01212799 0.07409799 0.062123 -0.01207196 0.07404196 0.06220299 -0.01201599 0.07398599 0.06228196 -0.01192599 0.07389599 0.062361 -0.01188194 0.073852 0.06240099 -0.01175695 0.07372695 0.06246298 -0.01173198 0.07370197 0.06247496 0.007308959 0.08011895 0.06172299 0.007305979 0.08010798 0.06175798 0.007289946 0.08004796 0.06193399 0.007278978 0.08000999 0.06199699 0.007258951 0.07993298 0.062123 0.00723797 0.07985597 0.06220299 0.007217943 0.07977998 0.06228196 0.007184982 0.07965797 0.062361 0.007168948 0.07959699 0.06240099 0.007122993 0.079427 0.06246298 0.007113993 0.07939296 0.06247496 -0.01305598 0.07310301 0.06172299 -0.01209294 0.07327198 0.06247496 -0.01256597 0.07225799 0.06247496 -0.01237398 0.07278496 0.06247496 -0.0126 0.07226699 0.06246298 -0.01256597 0.07287496 0.06240099 -0.01226699 0.07339298 0.06240099 -0.01273798 0.07295495 0.06228196 -0.01283198 0.07232898 0.062361 -0.01277095 0.07231199 0.06240099 -0.01242196 0.073502 0.06228196 -0.01288098 0.073022 0.062123 -0.01302999 0.07238197 0.06220299 -0.01295399 0.07236099 0.06228196 -0.01255196 0.07359296 0.062123 -0.01298898 0.07307195 0.06193399 -0.01318299 0.07242298 0.06199699 -0.013107 0.072402 0.062123 -0.01264899 0.07366096 0.06193399 -0.01328098 0.07244896 0.06175798 -0.01322197 0.07243299 0.06193399 -0.01329296 0.072452 0.06172299 -0.01270997 0.07370299 0.06172299 0.009150981 0.07774299 0.06247496 0.007742941 0.07915097 0.06247496 0.007838964 0.07933998 0.06240099 0.009392976 0.07711398 0.06247496 0.009426951 0.07712298 0.06246298 0.009339988 0.07783895 0.06240099 0.007924973 0.07950896 0.06228196 0.009596943 0.077169 0.06240099 0.009657979 0.07718497 0.062361 0.009508967 0.07792496 0.06228196 0.007996976 0.07964998 0.062123 0.009779989 0.07721799 0.06228196 0.009855985 0.07723796 0.06220299 0.009649991 0.07799696 0.062123 0.008050978 0.07975596 0.06193399 0.008307993 0.07878398 0.06247496 0.008440971 0.07894897 0.06240099 0.008559942 0.07909595 0.06228196 0.008659958 0.07921898 0.062123 0.008735001 0.07931196 0.06193399 0.008783996 0.07830798 0.06247496 0.008948981 0.07844096 0.06240099 0.009095966 0.07855999 0.06228196 0.00921899 0.07865995 0.062123 0.009311974 0.07873499 0.06193399 0.009755969 0.07805097 0.06193399 0.008084952 0.079822 0.06172299 0.009932994 0.077259 0.062123 0.01001 0.07727897 0.06199699 0.01004797 0.07728999 0.06193399 0.01010799 0.07730597 0.06175798 0.008780956 0.079369 0.06172299 0.009368956 0.078781 0.06172299 0.009821951 0.078085 0.06172299 0.01011896 0.07730895 0.06172299 -0.02163195 0.04129499 0.06175899 -0.02153599 0.04126995 0.06199997 -0.02138197 0.04122799 0.06220698 -0.021182 0.04117494 0.06236594 -0.020949 0.04111194 0.06246596 0.01273 0.067532 0.06175899 0.01263296 0.06750696 0.06199997 0.01247996 0.067465 0.06220698 0.01227998 0.06741195 0.06236594 0.01204699 0.06734895 0.06246596 -0.02105998 0.04026895 0.06246596 -0.02103197 0.04069399 0.06246596 -0.02130198 0.04026895 0.06236594 -0.021272 0.04072594 0.06236594 -0.02150899 0.04026895 0.06220698 -0.02147698 0.04075294 0.06220698 -0.02166795 0.04026895 0.06199997 -0.02163398 0.04077398 0.06199997 -0.02176696 0.04026895 0.06175899 -0.02173399 0.04078698 0.06175899 0.01214498 0.06678998 0.06246596 0.01238596 0.06681096 0.06236594 0.01259195 0.06682896 0.06220698 0.01274996 0.06684297 0.06199997 0.01284998 0.06685197 0.06175899 0.01214498 0.06622195 0.06246596 0.01204699 0.06566196 0.06246596 0.01238596 0.06620097 0.06236594 0.01227998 0.06559997 0.06236594 0.01259195 0.06618297 0.06220698 0.01247996 0.06554597 0.06220698 0.01274996 0.06616896 0.06199997 0.01263296 0.06550496 0.06199997 0.01284998 0.06615996 0.06175899 0.01273 0.06547898 0.06175899 -0.02176696 0.02973097 0.06175899 -0.02166795 0.02973097 0.06199997 -0.02150899 0.02973097 0.06220698 -0.02130198 0.02973097 0.06236594 -0.02105998 0.02973097 0.06246596 0.005570948 0.04149597 0.06246596 0.005803942 0.04143399 0.06236594 0.006003975 0.04137998 0.06220698 0.006157994 0.04133898 0.06199997 0.006253957 0.04131299 0.06175899 -0.02091395 0.02889698 0.06247097 -0.02103197 0.02930599 0.06246596 -0.020949 0.02888798 0.06246596 -0.02111595 0.02884298 0.06239497 -0.021272 0.02927398 0.06236594 -0.021182 0.02882498 0.06236594 -0.02129697 0.028795 0.06227499 -0.02147698 0.02924698 0.06220698 -0.02138197 0.02877199 0.06220698 -0.02144795 0.02875399 0.06211799 -0.02163398 0.029226 0.06199997 -0.02153599 0.02872997 0.06199997 -0.02156299 0.028723 0.06193095 -0.02173399 0.02921295 0.06175899 -0.02163195 0.028705 0.06175899 -0.02163696 0.02870297 0.06172198 0.006116986 0.04026895 0.06175899 0.00615096 0.04079496 0.06175899 0.006016969 0.04026895 0.06199997 0.006051957 0.04080897 0.06199997 0.005857944 0.04026895 0.06220698 0.005894958 0.040829 0.06220698 0.005650997 0.04026895 0.06236594 0.005688965 0.040856 0.06236594 0.005409955 0.04026895 0.06246596 0.00544995 0.04088795 0.06246596 -0.01256597 -0.002256989 0.06247097 -0.01260095 -0.002266943 0.06246596 -0.01276797 -0.002311944 0.06239497 -0.01283395 -0.002328991 0.06236594 -0.01294898 -0.002359986 0.06227499 -0.01303398 -0.002382993 0.06220698 -0.01309996 -0.002400994 0.06211799 -0.013188 -0.002423942 0.06199997 -0.01321595 -0.002430975 0.06193095 -0.01328396 -0.002449989 0.06175899 -0.01328897 -0.002450942 0.06172198 0.005409955 0.02973097 0.06246596 0.005650997 0.02973097 0.06236594 0.005857944 0.02973097 0.06220698 0.006016969 0.02973097 0.06199997 0.006116986 0.02973097 0.06175899 -0.01173198 -0.003701984 0.06247097 -0.01212298 -0.003292977 0.06246596 -0.012407 -0.002800941 0.06246596 -0.01232099 -0.003430962 0.06236594 -0.01187998 -0.003849983 0.06239497 -0.01175796 -0.003727972 0.06246596 -0.01262599 -0.002902984 0.06236594 -0.01248997 -0.003549993 0.06220698 -0.012012 -0.003981947 0.06227499 -0.01192897 -0.003897964 0.06236594 -0.01281297 -0.002989947 0.06220698 -0.01262098 -0.003640949 0.06199997 -0.01212298 -0.004092991 0.06211799 -0.01207494 -0.00404495 0.06220698 -0.01295799 -0.003056943 0.06199997 -0.01226097 -0.004230976 0.06172198 -0.01225799 -0.004227995 0.06175899 -0.01270198 -0.003697991 0.06175899 -0.01220798 -0.004176974 0.06193095 -0.012187 -0.004156947 0.06199997 -0.01304799 -0.003099977 0.06175899 0.006253957 0.028687 0.06175899 0.00615096 0.02920496 0.06175899 0.006157994 0.02866095 0.06199997 0.006051957 0.02919095 0.06199997 0.006003975 0.02862 0.06220698 0.005894958 0.02917098 0.06220698 0.005803942 0.028566 0.06236594 0.005688965 0.02914398 0.06236594 0.005570948 0.02850395 0.06246596 0.00544995 0.02911198 0.06246596 -0.005105972 -0.01138597 0.06172198 -0.005102992 -0.01138299 0.06175899 -0.00505197 -0.01133197 0.06193095 -0.005031943 -0.01131194 0.06199997 -0.004967987 -0.01124799 0.06211799 -0.004919946 -0.01119995 0.06220698 -0.004856944 -0.01113694 0.06227499 -0.004772961 -0.01105296 0.06236594 -0.004724979 -0.01100498 0.06239497 -0.004602968 -0.01088297 0.06246596 -0.004576981 -0.01085698 0.06247097 0.01273 0.004520952 0.06175899 0.01263296 0.004494965 0.06199997 0.01247996 0.004453957 0.06220698 0.01227998 0.004399955 0.06236594 0.01204699 0.004337966 0.06246596 -0.004073977 -0.01131194 0.06246596 -0.004204988 -0.01151394 0.06236594 -0.004317998 -0.01168799 0.06220698 -0.004403948 -0.01182097 0.06199997 -0.001454949 -0.01172596 0.06246596 -0.002127945 -0.01183295 0.06246596 -0.00139296 -0.01195895 0.06236594 -0.002114951 -0.01207399 0.06236594 -0.001338958 -0.01215898 0.06220698 -0.002104997 -0.012281 0.06220698 -0.00129795 -0.01231294 0.06199997 -0.002095997 -0.01243895 0.06199997 -0.001271963 -0.01240897 0.06175899 -0.00209099 -0.01253896 0.06175899 -0.002807974 -0.01179695 0.06246596 -0.002845942 -0.01203495 0.06236594 -0.002878963 -0.01223999 0.06220698 -0.002902984 -0.01239699 0.06199997 -0.002918958 -0.01249599 0.06175899 -0.00346595 -0.01162099 0.06246596 -0.003552973 -0.01184594 0.06236594 -0.003626942 -0.01203894 0.06220698 -0.003683984 -0.01218795 0.06199997 -0.003719985 -0.012281 0.06175899 -0.004458963 -0.01190495 0.06175899 0.01284998 0.003839969 0.06175899 0.01214498 0.00377798 0.06246596 0.01238596 0.003798961 0.06236594 0.01259195 0.003816962 0.06220698 0.01274996 0.003830969 0.06199997 0.01284998 0.003147959 0.06175899 0.01274996 0.00315696 0.06199997 0.01259195 0.003170967 0.06220698 0.01238596 0.003188967 0.06236594 0.01214498 0.003209948 0.06246596 0.01204699 0.002650976 0.06246596 0.01227998 0.002587974 0.06236594 0.01247996 0.002534985 0.06220698 0.01263296 0.002492964 0.06199997 0.01273 0.002467989 0.06175899 0.007305979 -0.01011097 0.06175899 0.007280945 -0.01001399 0.06199997 0.007238984 -0.009860992 0.06220698 0.007185995 -0.009660959 0.06236594 0.007122993 -0.009427964 0.06246596 0.01011097 -0.007305979 0.06175899 0.01001399 -0.007280945 0.06199997 0.009860992 -0.007238984 0.06220698 0.009660959 -0.007185995 0.06236594 0.009427964 -0.007122993 0.06246596 0.008775949 -0.009361982 0.06175899 0.009361982 -0.008775949 0.06175899 0.009183943 -0.007758975 0.06246596 0.008812963 -0.008331 0.06246596 0.009397983 -0.007868945 0.06236594 0.008999943 -0.008482992 0.06236594 0.009582996 -0.007962942 0.06220698 0.009160995 -0.00861299 0.06220698 0.009724974 -0.008034944 0.06199997 0.009283959 -0.008712947 0.06199997 0.009813964 -0.008079946 0.06175899 0.008712947 -0.009283959 0.06199997 0.00861299 -0.009160995 0.06220698 0.008482992 -0.008999943 0.06236594 0.008331 -0.008812963 0.06246596 0.008079946 -0.009813964 0.06175899 0.008034944 -0.009724974 0.06199997 0.007962942 -0.009582996 0.06220698 0.007868945 -0.009397983 0.06236594 0.007758975 -0.009183943 0.06246596 -0.002953946 0.004064977 0.05772298 -0.003733992 0.003361999 0.05772298 -0.004997968 -5.25e-4 0.05772298 -0.004778981 -0.001552999 0.05772298 -0.002043962 -0.004590988 0.05772298 -0.001044988 -0.004914999 0.05772298 0.002953946 -0.004064977 0.05772298 0.003733992 -0.003361999 0.05772298 0.004778981 0.001552999 0.05772298 0.001044988 0.004914999 0.05772298 0 0.005776941 0.05847495 -0.001200973 0.005650997 0.05847495 -0.002349972 0.005277991 0.05847495 -0.003395974 0.004673957 0.05847495 -0.004293978 0.003865957 0.05847495 -0.005002975 0.002888977 0.05847495 -0.005494952 0.00178498 0.05847495 -0.005745947 6.04e-4 0.05847495 -0.005745947 -6.04e-4 0.05847495 -0.005494952 -0.00178498 0.05847495 -0.005002975 -0.002888977 0.05847495 -0.004293978 -0.003865957 0.05847495 -0.003395974 -0.004673957 0.05847495 -0.002349972 -0.005277991 0.05847495 -0.001200973 -0.005650997 0.05847495 0 -0.005776941 0.05847495 0.001200973 -0.005650997 0.05847495 0.002349972 -0.005277991 0.05847495 0.003395974 -0.004673957 0.05847495 0.004293978 -0.003865957 0.05847495 0.005002975 -0.002888977 0.05847495 0.005494952 -0.00178498 0.05847495 0.005745947 -6.04e-4 0.05847495 0.005745947 6.04e-4 0.05847495 0.005494952 0.00178498 0.05847495 0.005002975 0.002888977 0.05847495 0.004293978 0.003865957 0.05847495 0.003395974 0.004673957 0.05847495 0.002349972 0.005277991 0.05847495 0.001200973 0.005650997 0.05847495 0.001156985 0.00544399 0.05840098 0 0.005565941 0.05840098 0.001117944 0.005258977 0.05828195 0 0.005376994 0.05828195 0.001084983 0.005103945 0.05812299 0 0.005217969 0.05812299 0.001059949 0.004987955 0.05793398 0 0.005098998 0.05793398 0 0.005024969 0.05772298 0.002263963 0.005084991 0.05840098 0.002186954 0.004911959 0.05828195 0.002121984 0.004767 0.05812299 0.002073943 0.004657983 0.05793398 0.002043962 0.004590988 0.05772298 0.002953946 0.004064977 0.05772298 0.003271996 0.004502952 0.05840098 0.003159999 0.004349946 0.05828195 0.003066956 0.004221975 0.05812299 0.002996981 0.004124999 0.05793398 0.003733992 0.003361999 0.05772298 0.004135966 0.003723978 0.05840098 0.003995954 0.003597974 0.05828195 0.003877997 0.003491997 0.05812299 0.003788948 0.003411948 0.05793398 0.004819989 0.002783 0.05840098 0.004655957 0.00268799 0.05828195 0.004518985 0.002608954 0.05812299 0.004415988 0.002549946 0.05793398 0.004351973 0.002512991 0.05772298 0.005293965 0.001719951 0.05840098 0.005112946 0.001660943 0.05828195 0.00496298 0.001612961 0.05812299 0.004848957 0.001575946 0.05793398 0.00553596 5.82e-4 0.05840098 0.005346953 5.62e-4 0.05828195 0.005189955 5.45e-4 0.05812299 0.005070984 5.33e-4 0.05793398 0.004997968 5.25e-4 0.05772298 0.004997968 -5.25e-4 0.05772298 0.00553596 -5.82e-4 0.05840098 0.005346953 -5.62e-4 0.05828195 0.005189955 -5.45e-4 0.05812299 0.005070984 -5.33e-4 0.05793398 0.004778981 -0.001552999 0.05772298 0.005293965 -0.001719951 0.05840098 0.005112946 -0.001660943 0.05828195 0.00496298 -0.001612961 0.05812299 0.004848957 -0.001575946 0.05793398 0.004819989 -0.002783 0.05840098 0.004655957 -0.00268799 0.05828195 0.004518985 -0.002608954 0.05812299 0.004415988 -0.002549946 0.05793398 0.004351973 -0.002512991 0.05772298 0.004135966 -0.003723978 0.05840098 0.003995954 -0.003597974 0.05828195 0.003877997 -0.003491997 0.05812299 0.003788948 -0.003411948 0.05793398 0.003271996 -0.004502952 0.05840098 0.003159999 -0.004349946 0.05828195 0.003066956 -0.004221975 0.05812299 0.002996981 -0.004124999 0.05793398 0.002263963 -0.005084991 0.05840098 0.002186954 -0.004911959 0.05828195 0.002121984 -0.004767 0.05812299 0.002073943 -0.004657983 0.05793398 0.002043962 -0.004590988 0.05772298 0.001044988 -0.004914999 0.05772298 0.001156985 -0.00544399 0.05840098 0.001117944 -0.005258977 0.05828195 0.001084983 -0.005103945 0.05812299 0.001059949 -0.004987955 0.05793398 0 -0.005565941 0.05840098 0 -0.005376994 0.05828195 0 -0.005217969 0.05812299 0 -0.005098998 0.05793398 0 -0.005024969 0.05772298 -0.001156985 -0.00544399 0.05840098 -0.001117944 -0.005258977 0.05828195 -0.001084983 -0.005103945 0.05812299 -0.001059949 -0.004987955 0.05793398 -0.002263963 -0.005084991 0.05840098 -0.002186954 -0.004911959 0.05828195 -0.002121984 -0.004767 0.05812299 -0.002073943 -0.004657983 0.05793398 -0.003271996 -0.004502952 0.05840098 -0.003159999 -0.004349946 0.05828195 -0.003066956 -0.004221975 0.05812299 -0.002996981 -0.004124999 0.05793398 -0.002953946 -0.004064977 0.05772298 -0.003733992 -0.003361999 0.05772298 -0.004135966 -0.003723978 0.05840098 -0.003995954 -0.003597974 0.05828195 -0.003877997 -0.003491997 0.05812299 -0.003788948 -0.003411948 0.05793398 -0.004819989 -0.002783 0.05840098 -0.004655957 -0.00268799 0.05828195 -0.004518985 -0.002608954 0.05812299 -0.004415988 -0.002549946 0.05793398 -0.004351973 -0.002512991 0.05772298 -0.005293965 -0.001719951 0.05840098 -0.005112946 -0.001660943 0.05828195 -0.00496298 -0.001612961 0.05812299 -0.004848957 -0.001575946 0.05793398 -0.00553596 -5.82e-4 0.05840098 -0.005346953 -5.62e-4 0.05828195 -0.005189955 -5.45e-4 0.05812299 -0.005070984 -5.33e-4 0.05793398 -0.00553596 5.82e-4 0.05840098 -0.005346953 5.62e-4 0.05828195 -0.005189955 5.45e-4 0.05812299 -0.005070984 5.33e-4 0.05793398 -0.004997968 5.25e-4 0.05772298 -0.004778981 0.001552999 0.05772298 -0.005293965 0.001719951 0.05840098 -0.005112946 0.001660943 0.05828195 -0.00496298 0.001612961 0.05812299 -0.004848957 0.001575946 0.05793398 -0.004819989 0.002783 0.05840098 -0.004655957 0.00268799 0.05828195 -0.004518985 0.002608954 0.05812299 -0.004415988 0.002549946 0.05793398 -0.004351973 0.002512991 0.05772298 -0.004135966 0.003723978 0.05840098 -0.003995954 0.003597974 0.05828195 -0.003877997 0.003491997 0.05812299 -0.003788948 0.003411948 0.05793398 -0.003271996 0.004502952 0.05840098 -0.003159999 0.004349946 0.05828195 -0.003066956 0.004221975 0.05812299 -0.002996981 0.004124999 0.05793398 -0.002263963 0.005084991 0.05840098 -0.002186954 0.004911959 0.05828195 -0.002121984 0.004767 0.05812299 -0.002073943 0.004657983 0.05793398 -0.002043962 0.004590988 0.05772298 -0.001044988 0.004914999 0.05772298 -0.001156985 0.00544399 0.05840098 -0.001117944 0.005258977 0.05828195 -0.001084983 0.005103945 0.05812299 -0.001059949 0.004987955 0.05793398 -0.003740966 0.07336795 0.05775898 -0.005005955 0.06947398 0.05775898 -0.004787981 0.06844395 0.05775898 -0.002047955 0.06540095 0.05775898 -0.001046955 0.06507599 0.05775898 0.003740966 0.06663197 0.05775898 0.005005955 0.070526 0.05775898 0.004787981 0.07155597 0.05775898 0.002047955 0.07459896 0.05775898 0.001046955 0.07492399 0.05775898 0 0.07574099 0.05846595 -0.001194 0.075616 0.05846595 -0.002334952 0.07524496 0.05846595 -0.003374993 0.07464498 0.05846595 -0.004266977 0.07384198 0.05846595 -0.004971981 0.07287096 0.05846595 -0.005459964 0.071774 0.05846595 -0.005709946 0.07059997 0.05846595 -0.005709946 0.06939995 0.05846595 -0.005459964 0.06822597 0.05846595 -0.004971981 0.06712895 0.05846595 -0.004266977 0.06615799 0.05846595 -0.003374993 0.065355 0.05846595 -0.002334952 0.06475496 0.05846595 -0.001194 0.06438398 0.05846595 0 0.06425899 0.05846595 0.001194 0.06438398 0.05846595 0.002334952 0.06475496 0.05846595 0.003374993 0.065355 0.05846595 0.004266977 0.06615799 0.05846595 0.004971981 0.06712895 0.05846595 0.005459964 0.06822597 0.05846595 0.005709946 0.06939995 0.05846595 0.005709946 0.07059997 0.05846595 0.005459964 0.071774 0.05846595 0.004971981 0.07287096 0.05846595 0.004266977 0.07384198 0.05846595 0.003374993 0.07464498 0.05846595 0.002334952 0.07524496 0.05846595 0.001194 0.075616 0.05846595 0.001143991 0.07537996 0.058366 0 0.07549995 0.058366 0.001099944 0.07517695 0.05820697 0 0.075293 0.05820697 0.001066982 0.07502198 0.05799996 0 0.07513397 0.05799996 0 0.07503396 0.05775898 0.002236962 0.07502496 0.058366 0.002152979 0.074835 0.05820697 0.00208795 0.07468998 0.05799996 0.003232955 0.07444995 0.058366 0.003110945 0.07428199 0.05820697 0.003017961 0.074153 0.05799996 0.002958953 0.07407295 0.05775898 0.003740966 0.07336795 0.05775898 0.004086971 0.07367998 0.058366 0.003932952 0.07354199 0.05820697 0.003814995 0.073435 0.05799996 0.004762947 0.07274997 0.058366 0.004583954 0.07264596 0.05820697 0.00444597 0.07256698 0.05799996 0.00435996 0.07251697 0.05775898 0.005230963 0.07169997 0.058366 0.005033969 0.07163596 0.05820697 0.004882991 0.07158595 0.05799996 0.005469977 0.07057499 0.058366 0.005263984 0.070553 0.05820697 0.005105972 0.07053697 0.05799996 0.005469977 0.06942498 0.058366 0.005263984 0.06944698 0.05820697 0.005105972 0.06946295 0.05799996 0.005005955 0.06947398 0.05775898 0.004787981 0.06844395 0.05775898 0.005230963 0.0683 0.058366 0.005033969 0.06836396 0.05820697 0.004882991 0.06841397 0.05799996 0.004762947 0.06724995 0.058366 0.004583954 0.06735396 0.05820697 0.00444597 0.06743299 0.05799996 0.00435996 0.067483 0.05775898 0.004086971 0.06632 0.058366 0.003932952 0.06645798 0.05820697 0.003814995 0.06656497 0.05799996 0.003232955 0.06554996 0.058366 0.003110945 0.06571799 0.05820697 0.003017961 0.06584697 0.05799996 0.002958953 0.06592696 0.05775898 0.002047955 0.06540095 0.05775898 0.002236962 0.06497597 0.058366 0.002152979 0.06516498 0.05820697 0.00208795 0.06531 0.05799996 0.001046955 0.06507599 0.05775898 0.001143991 0.06461995 0.058366 0.001099944 0.06482297 0.05820697 0.001066982 0.064978 0.05799996 0 0.06449997 0.058366 0 0.06470698 0.05820697 0 0.064866 0.05799996 0 0.06496596 0.05775898 -0.001143991 0.06461995 0.058366 -0.001099944 0.06482297 0.05820697 -0.001066982 0.064978 0.05799996 -0.002236962 0.06497597 0.058366 -0.002152979 0.06516498 0.05820697 -0.00208795 0.06531 0.05799996 -0.003232955 0.06554996 0.058366 -0.003110945 0.06571799 0.05820697 -0.003017961 0.06584697 0.05799996 -0.002958953 0.06592696 0.05775898 -0.003740966 0.06663197 0.05775898 -0.004086971 0.06632 0.058366 -0.003932952 0.06645798 0.05820697 -0.003814995 0.06656497 0.05799996 -0.004762947 0.06724995 0.058366 -0.004583954 0.06735396 0.05820697 -0.00444597 0.06743299 0.05799996 -0.00435996 0.067483 0.05775898 -0.005230963 0.0683 0.058366 -0.005033969 0.06836396 0.05820697 -0.004882991 0.06841397 0.05799996 -0.005469977 0.06942498 0.058366 -0.005263984 0.06944698 0.05820697 -0.005105972 0.06946295 0.05799996 -0.005469977 0.07057499 0.058366 -0.005263984 0.070553 0.05820697 -0.005105972 0.07053697 0.05799996 -0.005005955 0.070526 0.05775898 -0.004787981 0.07155597 0.05775898 -0.005230963 0.07169997 0.058366 -0.005033969 0.07163596 0.05820697 -0.004882991 0.07158595 0.05799996 -0.004762947 0.07274997 0.058366 -0.004583954 0.07264596 0.05820697 -0.00444597 0.07256698 0.05799996 -0.00435996 0.07251697 0.05775898 -0.004086971 0.07367998 0.058366 -0.003932952 0.07354199 0.05820697 -0.003814995 0.073435 0.05799996 -0.003232955 0.07444995 0.058366 -0.003110945 0.07428199 0.05820697 -0.003017961 0.074153 0.05799996 -0.002958953 0.07407295 0.05775898 -0.002047955 0.07459896 0.05775898 -0.002236962 0.07502496 0.058366 -0.002152979 0.074835 0.05820697 -0.00208795 0.07468998 0.05799996 -0.001046955 0.07492399 0.05775898 -0.001143991 0.07537996 0.058366 -0.001099944 0.07517695 0.05820697 -0.001066982 0.07502198 0.05799996 3.49e-4 0.049573 0.05889695 1.8e-4 0.04906296 0.05885899 1.47e-4 0.04906195 0.05895996 2.95e-4 0.04915797 0.058685 4.03e-4 0.04958897 0.05880898 4.54e-4 0.04963696 0.05871295 6.08e-4 0.05010098 0.05873996 5.64e-4 0.05007296 0.05884099 7.59e-4 0.05055898 0.05876594 8.49e-4 0.05104994 0.05886799 9.11e-4 0.05101895 0.05879294 5.07e-4 0.05007296 0.05892598 4.63e-4 0.05008596 0.059017 4.3e-4 0.05010896 0.05911397 -1.56e-4 0.04812395 0.05903196 1.5e-5 0.04856896 0.05881696 -1.29e-4 0.04811495 0.058779 1.27e-4 0.04867994 0.05862498 -3.6e-5 0.04821497 0.05856597 -3.55e-4 0.047306 0.05845195 -3.66e-4 0.04730898 0.05872499 7.16e-4 0.05112898 0.05914199 6.71e-4 0.05116099 0.059291 3.95e-4 0.05016595 0.05930894 6.68e-4 0.05116295 0.05932497 6.67e-4 0.05116397 0.05933296 7.29e-4 0.05111998 0.059098 7.39e-4 0.05111294 0.05906498 7.97e-4 0.05107897 0.05896097 8.39e-4 0.05105495 0.058887 8.47e-4 0.05105096 0.05887299 1.16e-4 0.04916197 0.059291 1.25e-4 0.04908299 0.05907398 -3.77e-4 0.04731196 0.05901497 4.56e-4 0.04909998 0.05831897 3.49e-4 0.04895895 0.05835294 4.8e-4 0.04923295 0.05842596 -10e-5 0.048087 0.058438 -2.02e-4 0.04774999 0.05837196 -6.5e-5 0.04814797 0.05829995 0.001001954 0.05098295 0.05871695 0.001069962 0.05095595 0.05865997 9.54e-4 0.05056995 0.05865198 0.00160098 0.05015999 0.05823194 0.001769959 0.05030798 0.05827599 0.001811981 0.05023497 0.05820697 0.001266956 0.04985797 0.05816996 0.001103997 0.049703 0.05815398 0.001136958 0.04982197 0.05824095 7.58e-4 0.04927498 0.05810099 4.41e-4 0.04893195 0.05813997 4.93e-4 0.04906398 0.05820399 5.78e-4 0.04924196 0.05828696 8.51e-4 0.04953199 0.05824398 7.9e-4 0.04938495 0.05815595 0.001084983 0.04961299 0.05807995 0.001018941 0.04955595 0.05806797 0.001264989 0.04976695 0.05811095 0.001446962 0.049923 0.05814296 0.001283943 0.04996597 0.058254 0.001432955 0.05001097 0.05819594 0.001628994 0.05007898 0.05817496 0.001179993 0.04997396 0.05832397 0.001157999 0.04989397 0.05828398 9.28e-4 0.04972195 0.05832999 6.85e-4 0.04947197 0.05836898 5.76e-4 0.04934996 0.05839699 0.001431941 0.050107 0.05827498 9.71e-4 0.04983097 0.05836999 0.001230955 0.05015295 0.05839598 0.001203954 0.05005997 0.05836194 0.001444995 0.05035597 0.05840694 0.001435995 0.05022394 0.05834698 0.001580953 0.050246 0.05830395 0.001735985 0.05036795 0.05833196 0.001764953 0.050318 0.05828499 0.00111097 0.05019497 0.05846697 0.001017987 0.04995 0.05840694 7.46e-4 0.04960495 0.05840694 0.001058995 0.05034297 0.05853796 0.001197993 0.05043697 0.05850696 0.001284956 0.050345 0.05845195 0.001457989 0.05049496 0.05845296 0.001627981 0.05064594 0.05846297 0.001337945 0.05053496 0.05848896 0.001435995 0.050888 0.05851596 0.001474976 0.05063498 0.058483 0.001520991 0.05089294 0.05850398 0.001527965 0.05089497 0.05850398 0.001611948 0.05070197 0.05847996 0.001609981 0.05073595 0.05848395 0.001609981 0.05073696 0.05848497 0.00119996 0.05091798 0.05858796 0.001247942 0.05090498 0.05856394 0.001162946 0.05062896 0.058559 0.001342952 0.05089294 0.05853694 0.001274943 0.05066895 0.05852794 0.001399993 0.05088496 0.05852097 8.12e-4 0.04974997 0.05844295 7.17e-4 0.04965299 0.05846697 7.14e-4 0.04973798 0.05852198 7.2e-4 0.05012899 0.05869299 6.65e-4 0.04979497 0.05859899 5.61e-4 0.04969996 0.05865997 5.82e-4 0.04959696 0.05857598 3.82e-4 0.04925996 0.058613 8.62e-4 0.05055499 0.05871295 8.19e-4 0.05018496 0.05863296 9.32e-4 0.05025696 0.05858194 7.91e-4 0.04991298 0.05854594 9.41e-4 0.05004894 0.05849999 8.78e-4 0.04989999 0.058474 2.03e-4 0.04883295 0.05855697 4.1e-5 0.04844397 0.05849796 5e-5 0.04841196 0.058357 1.75e-4 0.04869097 0.05842298 3.6e-4 0.04890298 0.05823999 3.25e-4 0.04880696 0.05815398 2.43e-4 0.04873996 0.05827796 1.81e-4 0.04856395 0.05820798 -4.7e-5 0.04817897 0.05829298 3.24e-4 0.04901796 0.05848896 4.94e-4 0.04939699 0.05855 3.97e-4 0.04912197 0.05845695 5.6e-4 0.04947596 0.05852097 6.34e-4 0.04956197 0.05849295 0.001602947 0.05082398 0.05849695 0.001656949 0.05054599 0.05843299 0.001672983 0.05050796 0.058411 0.001690983 0.05046898 0.05838894 0.001433968 0.05016297 0.05831199 0.001709997 0.05042594 0.05836498 0.001729965 0.05038297 0.05833995 0.00108695 0.05094897 0.05864596 0.001053988 0.05059498 0.05859994 9.4e-5 0.048424 0.05804896 3.66e-4 0.04880797 0.05798095 3.62e-4 0.04878896 0.05781996 0.001927971 0.05006498 0.05789995 0.001939952 0.05004894 0.05785697 0.00169599 0.04995399 0.05790996 8.8e-5 0.04839897 0.05786198 -1.17e-4 0.04801297 0.05789798 -1.07e-4 0.04803895 0.05811095 0.001273989 0.04966998 0.05786097 0.001072943 0.04951095 0.05785095 0.001067996 0.049528 0.05792295 0.001847982 0.050179 0.05812299 7.01e-4 0.04916298 0.05778795 0.001097977 0.04949897 0.05764698 3.87e-4 0.04881596 0.05766499 0.001956999 0.05002695 0.057796 0.001511991 0.04978698 0.05772894 0.001519978 0.04977798 0.05765396 3.89e-4 0.04885494 0.05805498 7.16e-4 0.04921698 0.05800294 0.001069962 0.04956197 0.05799597 0.001262962 0.04969096 0.05793499 0.001256942 0.04972594 0.05800998 0.00148195 0.04981797 0.05787998 0.001464962 0.04984396 0.05795794 0.001449942 0.04988294 0.05803698 0.001647949 0.05003297 0.05807596 0.001853942 0.05017095 0.05810999 0.001672983 0.04998797 0.05799394 7e-4 0.04917997 0.05793094 0.001081943 0.04950296 0.05778098 0.001497983 0.04979997 0.05780398 1.19e-4 0.04847896 0.05813097 -3.62e-4 0.04730796 0.05818998 -3.69e-4 0.04730999 0.05793297 0.001973986 0.05000799 0.05767297 0.001974999 0.05000698 0.057666 0.00198698 0.04999297 0.05757498 0.001884996 0.05012398 0.05803996 0.001895964 0.050107 0.05801296 0.001913964 0.05008298 0.05794894 -5.02e-4 0.04657495 0.05789798 -5.17e-4 0.04566699 0.05815398 -5.2e-4 0.04594898 0.05820798 -5.31e-4 0.04605394 0.05813097 -1.93e-4 0.04468095 0.05764698 -2.09e-4 0.04468494 0.05778098 -4.75e-4 0.04566395 0.05781996 1.05e-4 0.04371196 0.05814898 5.7e-5 0.04368698 0.05820697 -2.3e-5 0.04391294 0.05817496 -1.03e-4 0.04413998 0.05814296 -8e-5 0.04417198 0.05803698 -1.68e-4 0.04440498 0.05800998 -1.82e-4 0.04436498 0.05811095 -2.48e-4 0.04464095 0.05799597 -4.8e-5 0.04419797 0.05795794 6e-5 0.04396998 0.05799394 1.7e-5 0.043944 0.05807596 1.19e-4 0.04371899 0.05812597 3e-6 0.04422098 0.05780398 9.8e-5 0.04398798 0.05790996 -2e-5 0.04421299 0.05787998 -1.26e-4 0.04444497 0.05786097 2.1e-5 0.04422497 0.05772894 3.3e-5 0.04422897 0.05765396 -5.18e-4 0.046139 0.05786198 -2.61e-4 0.04458898 0.05807995 -2.9e-4 0.04467099 0.05806797 -3.83e-4 0.04511696 0.05800294 -3.75e-4 0.04504495 0.05810099 -4.85e-4 0.04559296 0.05805498 -4.79e-4 0.04550099 0.05813997 -5.25e-4 0.04643195 0.05829995 -5.06e-4 0.04654794 0.05811095 -5.24e-4 0.04639697 0.05829298 -5.25e-4 0.04611396 0.05804896 -4.82e-4 0.04564499 0.05798095 -4.79e-4 0.04566597 0.05790299 -3.78e-4 0.04515695 0.05793094 -3.73e-4 0.04517197 0.05785995 -2.33e-4 0.04467099 0.05792295 -2.21e-4 0.04468399 0.05785095 -1.46e-4 0.04443198 0.05793499 3.12e-4 0.04380297 0.05766695 1.28e-4 0.04372298 0.05811196 1.73e-4 0.04374498 0.05803799 2.26e-4 0.04376995 0.05795198 2.27e-4 0.04376995 0.05794996 3.12e-4 0.04380297 0.05767399 3.04e-4 0.04380095 0.05773299 2.93e-4 0.043796 0.05776494 2.6e-4 0.04378294 0.05785697 2.44e-4 0.04377698 0.05790197 -1.99e-4 0.04351794 0.05840998 -2.39e-4 0.04348796 0.05843299 -3.21e-4 0.04376596 0.05840694 -8.14e-4 0.04339694 0.05858999 -8.57e-4 0.04340898 0.05861097 -7.16e-4 0.04410696 0.05858194 -2.6e-5 0.04363697 0.05828297 -1.08e-4 0.04358696 0.058357 -1.48e-4 0.04379194 0.05830395 -2.64e-4 0.04346799 0.05844795 -3.07e-4 0.04342299 0.05846399 -3.8e-4 0.04363799 0.05845296 -6.93e-4 0.045246 0.058613 -6.65e-4 0.04507195 0.05855 -7.59e-4 0.04477596 0.05865997 -6.89e-4 0.04485398 0.05857598 -7.16e-4 0.04464095 0.05859899 -8.35e-4 0.04432499 0.05869299 -0.001030981 0.04344499 0.05872595 -0.001016974 0.04393297 0.05876594 -0.001114964 0.04345798 0.05879294 -7.77e-4 0.04422599 0.05863296 -9.35e-4 0.04343098 0.05864995 -0.001018941 0.04344296 0.05871599 -6.04e-4 0.04428297 0.05849999 -5.3e-4 0.04407095 0.05846697 -5.75e-4 0.04381895 0.05850696 -5.03e-4 0.04366397 0.05848896 -5.5e-4 0.04348194 0.05850899 -5.96e-4 0.04330897 0.05851399 -7.5e-4 0.04337894 0.05855798 -6.24e-4 0.04357898 0.05852794 -7.02e-4 0.04366999 0.058559 -6.48e-4 0.04396897 0.05853796 -3.63e-4 0.04336398 0.05848395 -4.34e-4 0.04350799 0.058483 -3.69e-4 0.043356 0.05848497 -3.7e-4 0.04335397 0.05848598 -4.2e-4 0.04327595 0.05849695 -1.6e-5 0.04364299 0.05827397 -8.8e-5 0.04385697 0.05823194 -1.59e-4 0.04407 0.05819594 -2.26e-4 0.04428499 0.05816996 -2.89e-4 0.04450094 0.05815398 -1.64e-4 0.04354494 0.05838996 -2.13e-4 0.043715 0.05836796 -2.08e-4 0.04398697 0.05827498 -2.63e-4 0.04388397 0.05834698 -2.65e-4 0.04418396 0.058254 -4.24e-4 0.04477596 0.05824398 -3.21e-4 0.04438096 0.05824095 -3.6e-4 0.04422897 0.05832397 -3.11e-4 0.04405599 0.05833196 -3.82e-4 0.04414194 0.05836194 -4.05e-4 0.04404795 0.05839598 -4.54e-4 0.04385495 0.05845195 -4.88e-4 0.04433095 0.05840694 -4.69e-4 0.04445695 0.05836999 -4.52e-4 0.04457294 0.05832999 -4.44e-4 0.046835 0.05850899 -5.57e-4 0.04614597 0.058357 -4.03e-4 0.04493397 0.05815595 -5e-4 0.04535996 0.05820399 -5.33e-4 0.04635995 0.05856597 -6.35e-4 0.04570496 0.05855697 -6.24e-4 0.04587596 0.05862498 -7.18e-4 0.04537796 0.058685 -8.2e-4 0.04488295 0.05871295 -9.19e-4 0.04440498 0.05873996 -5.8e-4 0.04612296 0.05849796 -5.88e-4 0.04584199 0.05842298 -6.23e-4 0.04548394 0.05848896 -5.72e-4 0.04552298 0.05835294 -6.43e-4 0.04528498 0.05851995 -5.54e-4 0.04576599 0.05827796 -5.34e-4 0.04556596 0.05823999 -5.5e-4 0.04534798 0.05831897 -5.15e-4 0.04516297 0.05828696 -5.25e-4 0.045044 0.05832898 -5.37e-4 0.04491096 0.05836898 -5.51e-4 0.04476499 0.05840694 -5.66e-4 0.04460698 0.05844295 -5.84e-4 0.04444396 0.058474 -5.01e-4 0.04324096 0.05850195 -4.23e-4 0.04327195 0.05849695 -5.95e-4 0.04330796 0.05851399 -7.67e-4 0.043383 0.05856597 -6.66e-4 0.04447597 0.05854594 -6.45e-4 0.04466599 0.05852198 -6.26e-4 0.04485899 0.05849295 -6.09e-4 0.04504597 0.05846095 -5.95e-4 0.04521995 0.05842596 -5.82e-4 0.04537898 0.05838996 0.008278965 0.049097 0.05909997 0.008298993 0.04909795 0.05914098 0.008034944 0.04807096 0.05911397 0.007796943 0.047607 0.05880898 0.007835984 0.04756695 0.05889695 0.00772798 0.04704099 0.05885899 0.00831896 0.04909896 0.059183 0.008351981 0.04910296 0.05932694 0.008093953 0.04810297 0.05930894 0.007949948 0.04807895 0.05892598 0.007900953 0.04810696 0.05884099 0.007876992 0.04815298 0.05873996 0.007777988 0.04767495 0.05871295 0.007974982 0.04862499 0.05876594 0.008072972 0.04909998 0.05879294 0.008149981 0.049097 0.05888998 0.007675945 0.04717999 0.058685 0.007581949 0.046682 0.05862498 0.00762397 0.04652994 0.05881696 0.007490992 0.04619795 0.05856597 0.007521986 0.04606497 0.058779 0.007401943 0.04572296 0.05850899 0.008373975 0.04910695 0.059421 0.008353948 0.04910397 0.05933398 0.007908999 0.04755395 0.05909597 0.007832944 0.04709398 0.059291 0.007784962 0.04702997 0.05907398 0.007549941 0.04605895 0.05903196 0.007334947 0.045246 0.05901497 0.00732398 0.04524898 0.05872499 0.008072972 0.04858499 0.05894696 0.008204996 0.04909396 0.05895894 0.00821799 0.04909396 0.05897599 0.007313966 0.04525196 0.05845195 0.006608963 0.04298496 0.05889695 0.006777942 0.04349499 0.05885899 0.006810963 0.04349595 0.05895996 0.006662964 0.043401 0.058685 0.006554961 0.04296898 0.05880898 0.006503999 0.04292094 0.05871295 0.006350994 0.04245698 0.05873996 0.006394982 0.04248499 0.05884099 0.006198942 0.04199898 0.05876594 0.006108999 0.04150897 0.05886799 0.00604695 0.04153895 0.05879294 0.006450951 0.04248499 0.05892598 0.006495952 0.042472 0.059017 0.00652796 0.04244899 0.05911397 0.007114946 0.04443395 0.05903196 0.006943941 0.043989 0.05881696 0.007087945 0.04444295 0.058779 0.00683099 0.04387795 0.05862498 0.006993949 0.04434299 0.05856597 0.006241977 0.04142898 0.05914199 0.006286978 0.04139798 0.059291 0.006562948 0.04239195 0.05930894 0.006289958 0.04139494 0.05932497 0.006290972 0.04139399 0.05933296 0.006228983 0.04143899 0.059098 0.006218969 0.04144597 0.05906498 0.006160974 0.04147899 0.05896097 0.006118953 0.04150295 0.058887 0.006110966 0.04150694 0.05887299 0.006841957 0.04339599 0.059291 0.006832957 0.04347497 0.05907398 0.006502985 0.04345899 0.05831897 0.006608963 0.04359894 0.05835294 0.006477952 0.04332494 0.05842596 0.007057964 0.04447197 0.058438 0.007160961 0.04480797 0.05837196 0.007022976 0.04440999 0.05829995 0.005955994 0.04157495 0.05871695 0.005888998 0.04160296 0.05865997 0.006003975 0.04198795 0.05865198 0.005356967 0.04239797 0.05823194 0.005186975 0.04224795 0.05827397 0.00514698 0.04232299 0.05820697 0.005690991 0.04269999 0.05816996 0.00585395 0.04285496 0.05815398 0.005820989 0.04273599 0.05824095 0.006199955 0.04328298 0.05810099 0.006517946 0.04362595 0.05813997 0.006464958 0.04349398 0.05820399 0.006379961 0.04331594 0.05828696 0.006106972 0.04302597 0.05824398 0.006168961 0.04317295 0.05815595 0.005872964 0.04294496 0.05807995 0.00593996 0.04300194 0.05806797 0.005692958 0.04279094 0.05811095 0.005511999 0.04263496 0.05814296 0.005673944 0.04259198 0.058254 0.005524992 0.04254698 0.05819594 0.005328953 0.04247897 0.05817496 0.005777955 0.042584 0.05832397 0.005800962 0.04266399 0.05828398 0.006029963 0.04283595 0.05832999 0.006272971 0.04308599 0.05836898 0.006381988 0.043208 0.05839699 0.005525946 0.04245096 0.05827498 0.005986988 0.04272699 0.05836999 0.005726993 0.04240494 0.05839598 0.005753993 0.04249799 0.05836194 0.005513966 0.04220294 0.05840694 0.005521953 0.04233396 0.05834698 0.005524992 0.04239499 0.05831199 0.005234956 0.04215997 0.05835294 0.005376994 0.04231196 0.05830395 0.005227982 0.04217398 0.05833995 0.005192995 0.04223799 0.05828297 0.005846977 0.04236298 0.05846697 0.00593996 0.04260796 0.05840694 0.006211996 0.04295295 0.05840694 0.005898952 0.04221498 0.05853796 0.005759954 0.04212099 0.05850696 0.005672991 0.04221296 0.05845195 0.005499958 0.04206299 0.05845296 0.005325973 0.04191094 0.05846297 0.005620956 0.042023 0.05848896 0.005521953 0.04166996 0.05851596 0.005482971 0.04192298 0.058483 0.00543797 0.04166495 0.05850398 0.005429983 0.04166299 0.05850398 0.005346953 0.04181998 0.05848598 0.005346953 0.04182195 0.05848497 0.005757987 0.04164099 0.05858796 0.005709946 0.04165399 0.05856394 0.005795955 0.04192996 0.058559 0.005614995 0.04166597 0.05853694 0.005682945 0.04188895 0.05852794 0.005557954 0.041673 0.05852097 0.006146967 0.04280799 0.05844295 0.006240963 0.04290497 0.05846697 0.006243944 0.04281997 0.05852198 0.006237983 0.04242897 0.05869299 0.006292998 0.04276299 0.05859899 0.006397962 0.04285895 0.05865997 0.006375968 0.042961 0.05857598 0.006575942 0.04329794 0.058613 0.006095945 0.04200297 0.05871295 0.00613898 0.042373 0.05863296 0.006025969 0.04230099 0.05858194 0.006167948 0.04264497 0.05854594 0.006016969 0.04250895 0.05849999 0.006079971 0.04265797 0.058474 0.006754994 0.04372495 0.05855697 0.006916999 0.04411399 0.05849796 0.006907999 0.044146 0.058357 0.006782948 0.04386699 0.05842298 0.006598949 0.04365497 0.05823999 0.006632983 0.043751 0.05815398 0.006714999 0.04381799 0.05827796 0.006776988 0.04399394 0.05820798 0.007004976 0.04437994 0.05829298 0.006633996 0.04354 0.05848896 0.006463944 0.04316198 0.05855 0.006560981 0.04343599 0.05845695 0.006397962 0.04308199 0.05852097 0.006323993 0.04299598 0.05849295 0.005352973 0.04170596 0.05849796 0.005347967 0.04181599 0.05848699 0.005308985 0.04197996 0.05844497 0.005280971 0.04204797 0.05840998 0.005263984 0.04208797 0.05838894 0.005245983 0.04213196 0.05836695 0.005871951 0.04160898 0.05864596 0.005903959 0.04196298 0.05859994 0.006863951 0.04413396 0.05804896 0.006591975 0.04374998 0.05798095 0.006595969 0.043769 0.05781996 0.006869971 0.04415899 0.05786198 0.007074952 0.04454499 0.05789798 0.007064998 0.04451894 0.05811095 0.005684971 0.04288899 0.05786097 0.005884945 0.04304796 0.05785095 0.005889952 0.04302996 0.05792295 0.006256997 0.04339498 0.05778795 0.005859971 0.04305899 0.05764698 0.00544697 0.04277098 0.05772894 0.00543797 0.04278099 0.05765396 0.006570994 0.043742 0.05766499 0.006568968 0.04370296 0.05805498 0.00624299 0.04334098 0.05800294 0.005887985 0.042997 0.05799597 0.005694985 0.042867 0.05793499 0.005700945 0.04283195 0.05800998 0.005112946 0.04237794 0.05813699 0.005309998 0.04252499 0.05807596 0.005475997 0.04273998 0.05787998 0.005492985 0.04271399 0.05795794 0.005507946 0.04267495 0.05803698 0.005108952 0.04238295 0.05812698 0.005103945 0.042391 0.05811297 0.005284965 0.04256999 0.05799394 0.006257951 0.04337799 0.05793094 0.005875945 0.04305499 0.05778098 0.005459964 0.04275798 0.05780398 0.006838977 0.04407894 0.05813097 0.007319986 0.04524999 0.05818998 0.00732696 0.04524797 0.05793297 0.005022943 0.04251098 0.05785697 0.005002975 0.04253596 0.05776399 0.004989981 0.04255294 0.05770295 0.004986941 0.04255497 0.05767399 0.004985988 0.04255497 0.05766695 0.005077958 0.04243195 0.05803698 0.005046963 0.04247897 0.05794894 0.005261957 0.04260396 0.05790996 0.00503695 0.04249399 0.05792194 0.006860971 0.04857099 0.05790996 0.006977975 0.04834496 0.05787998 0.006954967 0.04833799 0.05780398 0.006647944 0.04875195 0.057666 0.006649971 0.04875195 0.05767297 0.006924986 0.04832899 0.05765396 0.007459998 0.04598295 0.05789798 0.007474958 0.04689097 0.05815398 0.007477998 0.04660898 0.05820798 0.007488965 0.04650497 0.05813097 0.007150948 0.04787695 0.05764698 0.007166981 0.04787296 0.05778098 0.00743395 0.04689395 0.05781996 0.006936967 0.04833298 0.05772894 0.00673896 0.04878795 0.05794894 0.006767988 0.048801 0.05801796 0.006832957 0.04883497 0.05810999 0.006841957 0.04883998 0.05812299 0.006941974 0.04861396 0.05807596 0.006900966 0.04887098 0.05820697 0.006980955 0.04864495 0.05817496 0.007060945 0.04841798 0.05814296 0.007037997 0.04838597 0.05803698 0.007125973 0.04815298 0.05800998 0.007140994 0.04819297 0.05811095 0.007205963 0.04791694 0.05799597 0.006897985 0.04858797 0.05799394 0.007005989 0.04835999 0.05795794 0.007083952 0.04811298 0.05786097 0.007475972 0.04641896 0.05786198 0.00721997 0.04796898 0.05807995 0.007248997 0.04788696 0.05806797 0.007340967 0.04744094 0.05800294 0.007333993 0.04751294 0.05810099 0.007442951 0.046965 0.05805498 0.00743699 0.04705697 0.05813997 0.007482945 0.04612594 0.05829995 0.007464945 0.04600995 0.05811095 0.007482945 0.04616099 0.05829298 0.007482945 0.04644399 0.05804896 0.00743997 0.04691296 0.05798095 0.00743699 0.04689198 0.05790299 0.00733596 0.04740196 0.05793094 0.007331967 0.04738599 0.05785995 0.007191956 0.04788696 0.05792295 0.007178962 0.04787397 0.05785095 0.007103979 0.04812598 0.05793499 0.006630957 0.04874795 0.05758094 0.006668984 0.04875695 0.05776494 0.006674945 0.04875898 0.05779796 0.006699979 0.04876995 0.05785596 0.006717979 0.04877895 0.05789995 -0.02163195 0.028705 0.05924099 -0.01328396 -0.002449989 0.05924099 -0.02153599 0.02872997 0.05899995 -0.013188 -0.002423942 0.05899995 -0.02138197 0.02877199 0.05879294 -0.01303398 -0.002382993 0.05879294 -0.021182 0.02882498 0.05863398 -0.01283395 -0.002328991 0.05863398 -0.020949 0.02888798 0.05853396 -0.01260095 -0.002266943 0.05853396 -0.01304799 -0.003099977 0.05924099 -0.01226097 -0.004230976 0.05927795 -0.01270198 -0.003697991 0.05924099 -0.01225799 -0.004227995 0.05924099 -0.01220798 -0.004176974 0.05906897 -0.01262098 -0.003640949 0.05899995 -0.012187 -0.004156947 0.05899995 -0.01212298 -0.004092991 0.05888199 -0.01248997 -0.003549993 0.05879294 -0.01207494 -0.00404495 0.05879294 -0.012012 -0.003981947 0.05872499 -0.01232099 -0.003430962 0.05863398 -0.01192897 -0.003897964 0.05863398 -0.01187998 -0.003849983 0.05860495 -0.01212298 -0.003292977 0.05853396 -0.01175796 -0.003727972 0.05853396 -0.01173198 -0.003701984 0.05852895 -0.01295799 -0.003056943 0.05899995 -0.01281297 -0.002989947 0.05879294 -0.01262599 -0.002902984 0.05863398 -0.012407 -0.002800941 0.05853396 -0.02177196 0.02973097 0.05927795 -0.02173399 0.02921295 0.05924099 -0.02176696 0.02973097 0.05924099 -0.02169597 0.02973097 0.05906897 -0.02163398 0.029226 0.05899995 -0.02166795 0.02973097 0.05899995 -0.021577 0.02973097 0.05888199 -0.02147698 0.02924698 0.05879294 -0.02150899 0.02973097 0.05879294 -0.02142 0.02973097 0.05872499 -0.021272 0.02927398 0.05863398 -0.02130198 0.02973097 0.05863398 -0.02123296 0.02973097 0.05860495 -0.02103197 0.02930599 0.05853396 -0.02102398 0.02973097 0.05852895 -0.02105998 0.02973097 0.05853396 -0.005056977 -0.01133698 0.05906599 -0.005108952 -0.01138895 0.05927699 -0.004972994 -0.01125299 0.05887699 -0.004860997 -0.011141 0.05871796 -0.004726946 -0.01100695 0.05859899 -0.004576981 -0.01085698 0.05852496 -0.02102398 0.04026895 0.05852895 -0.02105998 0.04026895 0.05853396 -0.02123296 0.04026895 0.05860495 -0.02130198 0.04026895 0.05863398 -0.02142 0.04026895 0.05872499 -0.02150899 0.04026895 0.05879294 -0.021577 0.04026895 0.05888199 -0.02166795 0.04026895 0.05899995 -0.02169597 0.04026895 0.05906897 -0.02176696 0.04026895 0.05924099 -0.02177196 0.04026895 0.05927795 -0.001269996 -0.01241797 0.05927699 -0.00209099 -0.01254796 0.05927699 -0.001272976 -0.01240599 0.05924195 -0.00209397 -0.012474 0.05906599 -0.002100944 -0.01235496 0.05887699 -0.001298964 -0.012308 0.05900299 -0.00128895 -0.01234698 0.05906599 -0.002108991 -0.01219695 0.05871796 -0.001339972 -0.01215499 0.058797 -0.001319944 -0.01223194 0.05887699 -0.002118945 -0.01200795 0.05859899 -0.001393973 -0.01195597 0.05863898 -0.001360952 -0.012079 0.05871796 -0.002129971 -0.01179695 0.05852496 -0.001454949 -0.01172494 0.05853694 -0.001409947 -0.011895 0.05859899 -0.001464962 -0.01169097 0.05852496 -0.002919971 -0.01250499 0.05927699 -0.002908945 -0.01243197 0.05906599 -0.00288999 -0.01231396 0.05887699 -0.002864956 -0.01215696 0.05871796 -0.002835988 -0.01196998 0.05859899 -0.002802968 -0.01176095 0.05852496 -0.003722965 -0.01228898 0.05927699 -0.003696978 -0.01221996 0.05906599 -0.003653943 -0.01210898 0.05887699 -0.003596961 -0.01196098 0.05871796 -0.003528952 -0.01178395 0.05859899 -0.003452956 -0.01158696 0.05852496 -0.00446397 -0.01191198 0.05927699 -0.004422962 -0.01184999 0.05906599 -0.004357993 -0.01174998 0.05887699 -0.004271984 -0.011617 0.05871796 -0.004168987 -0.01145797 0.05859899 -0.00405395 -0.01128095 0.05852496 -0.02173399 0.04078698 0.05924099 -0.02163398 0.04077398 0.05899995 -0.02147698 0.04075294 0.05879294 -0.021272 0.04072594 0.05863398 -0.02103197 0.04069399 0.05853396 -0.02163195 0.04129499 0.05924099 -0.02153599 0.04126995 0.05899995 -0.02138197 0.04122799 0.05879294 -0.021182 0.04117494 0.05863398 -0.020949 0.04111194 0.05853396 0.007305979 -0.01011097 0.05924099 0.007280945 -0.01001399 0.05899995 0.007238984 -0.009860992 0.05879294 0.007185995 -0.009660959 0.05863398 0.007122993 -0.009427964 0.05853396 -0.01329296 0.072452 0.05927699 -0.01328098 0.07244896 0.05924195 -0.01322197 0.07243299 0.05906599 -0.01318299 0.07242298 0.05900299 -0.013107 0.072402 0.05887699 -0.01302999 0.07238197 0.058797 -0.01295399 0.07236099 0.05871796 -0.01283198 0.07232898 0.05863898 -0.01277095 0.07231199 0.05859899 -0.0126 0.07226699 0.05853694 -0.01256597 0.07225799 0.05852496 0.008079946 -0.009813964 0.05924099 0.01011496 -0.007307946 0.05927795 0.009813964 -0.008079946 0.05924099 0.01011097 -0.007305979 0.05924099 0.008775949 -0.009361982 0.05924099 0.01004195 -0.007287979 0.05906897 0.009724974 -0.008034944 0.05899995 0.01001399 -0.007280945 0.05899995 0.009926974 -0.007256984 0.05888199 0.009582996 -0.007962942 0.05879294 0.009860992 -0.007238984 0.05879294 0.009774982 -0.007215976 0.05872499 0.009397983 -0.007868945 0.05863398 0.009660959 -0.007185995 0.05863398 0.009593963 -0.007167994 0.05860495 0.009183943 -0.007758975 0.05853396 0.009427964 -0.007122993 0.05853396 0.009391963 -0.007113993 0.05852895 0.009361982 -0.008775949 0.05924099 0.009283959 -0.008712947 0.05899995 0.009160995 -0.00861299 0.05879294 0.008999943 -0.008482992 0.05863398 0.008812963 -0.008331 0.05853396 0.008712947 -0.009283959 0.05899995 0.00861299 -0.009160995 0.05879294 0.008482992 -0.008999943 0.05863398 0.008331 -0.008812963 0.05853396 0.008034944 -0.009724974 0.05899995 0.007962942 -0.009582996 0.05879294 0.007868945 -0.009397983 0.05863398 0.007758975 -0.009183943 0.05853396 -0.01270997 0.07370299 0.05927699 -0.01305598 0.07310301 0.05927699 -0.01298898 0.07307195 0.05906599 -0.01288098 0.073022 0.05887699 -0.01273798 0.07295495 0.05871796 -0.01256597 0.07287496 0.05859899 -0.01237398 0.07278496 0.05852496 -0.01264899 0.07366096 0.05906599 -0.01255196 0.07359296 0.05887699 -0.01242196 0.073502 0.05871796 -0.01226699 0.07339298 0.05859899 -0.01209294 0.07327198 0.05852496 -0.01226395 0.074234 0.05927699 -0.01221197 0.07418197 0.05906599 -0.01212799 0.07409799 0.05887699 -0.01201599 0.07398599 0.05871796 -0.01188194 0.073852 0.05859899 -0.01173198 0.07370197 0.05852496 0.01273399 0.002465963 0.05927795 0.01273 0.002467989 0.05924099 0.01266098 0.00248599 0.05906897 0.01263296 0.002492964 0.05899995 0.01254498 0.002516984 0.05888199 0.01247996 0.002534985 0.05879294 0.01239395 0.002557992 0.05872499 0.01227998 0.002587974 0.05863398 0.01221299 0.002605974 0.05860495 0.01204699 0.002650976 0.05853396 0.01201099 0.002659976 0.05852895 -0.005105972 0.08138597 0.05927795 -0.005102992 0.08138298 0.05924099 -0.00505197 0.08133196 0.05906897 -0.005031943 0.081312 0.05899995 -0.004967987 0.08124798 0.05888199 -0.004919946 0.0812 0.05879294 -0.004856944 0.081137 0.05872499 -0.004772961 0.08105295 0.05863398 -0.004724979 0.08100497 0.05860495 -0.004602968 0.08088296 0.05853396 -0.004576981 0.08085697 0.05852895 0.01284998 0.003147959 0.05924099 0.01274996 0.00315696 0.05899995 0.01259195 0.003170967 0.05879294 0.01238596 0.003188967 0.05863398 0.01273 0.004520952 0.05924099 0.01284998 0.003839969 0.05924099 0.01263296 0.004494965 0.05899995 0.01274996 0.003830969 0.05899995 0.01247996 0.004453957 0.05879294 0.01259195 0.003816962 0.05879294 0.01227998 0.004399955 0.05863398 0.01238596 0.003798961 0.05863398 0.01204699 0.004337966 0.05853396 0.01214498 0.00377798 0.05853396 0.01214498 0.003209948 0.05853396 -0.004458963 0.081905 0.05924099 -0.002918958 0.08249598 0.05924099 -0.001270949 0.08241397 0.05927795 -0.00209099 0.08253896 0.05924099 -0.004403948 0.08182096 0.05899995 -0.001271963 0.08240896 0.05924099 -0.001290977 0.08234 0.05906897 -0.002095997 0.082439 0.05899995 -0.004317998 0.08168798 0.05879294 -0.00129795 0.082313 0.05899995 -0.001321971 0.08222496 0.05888199 -0.002104997 0.08228099 0.05879294 -0.004204988 0.081514 0.05863398 -0.001338958 0.08215898 0.05879294 -0.001361966 0.08207398 0.05872499 -0.002114951 0.08207398 0.05863398 -0.004073977 0.081312 0.05853396 -0.003719985 0.08228099 0.05924099 -0.003683984 0.08218801 0.05899995 -0.003626942 0.08203899 0.05879294 -0.003552973 0.08184599 0.05863398 -0.00346595 0.08162099 0.05853396 -0.002902984 0.08239698 0.05899995 -0.002878963 0.08223998 0.05879294 -0.002845942 0.082035 0.05863398 -0.002807974 0.081797 0.05853396 -0.002127945 0.081833 0.05853396 -0.00139296 0.081959 0.05863398 -0.001410961 0.08189296 0.05860495 -0.001454949 0.08172595 0.05853396 -0.001464962 0.08169096 0.05852895 0.006262958 0.02868896 0.05927699 0.006250977 0.02868598 0.05924195 0.006191968 0.02866995 0.05906599 0.006152987 0.02865999 0.05900299 0.006075978 0.02863895 0.05887699 0.005999982 0.02861899 0.058797 0.005923986 0.02859795 0.05871796 0.005800962 0.028566 0.05863898 0.005739986 0.02854895 0.05859899 0.005569994 0.02850395 0.05853694 0.00553596 0.02849495 0.05852496 0.007308959 0.08011895 0.05927699 0.007289946 0.08004796 0.05906599 0.007258951 0.07993298 0.05887699 0.007217943 0.07977998 0.05871796 0.007168948 0.07959699 0.05859899 0.007113993 0.07939296 0.05852496 0.005413949 0.02910697 0.05852496 0.005623996 0.02913498 0.05859899 0.005372941 0.02973097 0.05852496 0.005408942 0.02973097 0.05853694 0.005811989 0.02915996 0.05871796 0.005584955 0.02973097 0.05859899 0.005647957 0.02973097 0.05863898 0.005968987 0.02917999 0.05887699 0.005932986 0.02973097 0.05887699 0.00585395 0.02973097 0.058797 0.005773961 0.02973097 0.05871796 0.006011962 0.02973097 0.05900299 0.006086945 0.02919596 0.05906599 0.006159961 0.02920597 0.05927699 0.006051957 0.02973097 0.05906599 0.006113946 0.02973097 0.05924195 0.006125986 0.02973097 0.05927699 -0.00909996 0.06015294 0.06246596 -0.008942961 0.06054198 0.06246596 -0.008866965 0.06009 0.06236594 -0.008731961 0.06042599 0.06236594 -0.008666992 0.06003695 0.06220698 -0.008549988 0.06032598 0.06220698 -0.008512973 0.05999594 0.06199997 -0.00841099 0.06024897 0.06199997 -0.00841695 0.05996996 0.06175899 -0.008323967 0.06020098 0.06175899 -0.008293986 0.06018495 0.06149995 -0.008152961 0.06037998 0.06149995 -0.008177995 0.06040298 0.06175899 -0.007968962 0.06053698 0.06149995 -0.007987976 0.06056499 0.06175899 -0.007753968 0.06064397 0.06149995 -0.007764995 0.06067597 0.06175899 -0.007518947 0.06069695 0.06149995 -0.007521986 0.06073099 0.06175899 -0.007277965 0.06069195 0.06149995 -0.007272958 0.06072598 0.06175899 -0.00704497 0.06062996 0.06149995 -0.007031977 0.06066197 0.06175899 -0.006813943 0.06054097 0.06175899 -0.008250951 0.06047099 0.06199997 -0.008042991 0.06064796 0.06199997 -0.007798969 0.06076997 0.06199997 -0.007532 0.06082999 0.06199997 -0.007258951 0.06082499 0.06199997 -0.006994962 0.060754 0.06199997 -0.006754994 0.06062197 0.06199997 -0.008367955 0.060579 0.06220698 -0.008130967 0.060781 0.06220698 -0.007851958 0.06092 0.06220698 -0.007547974 0.06098896 0.06220698 -0.007235944 0.06098198 0.06220698 -0.006935 0.06090199 0.06220698 -0.006661951 0.06075096 0.06220698 -0.00852096 0.06071895 0.06236594 -0.008244991 0.06095397 0.06236594 -0.007921993 0.06111496 0.06236594 -0.007568955 0.06119495 0.06236594 -0.007206976 0.06118696 0.06236594 -0.006857991 0.06109398 0.06236594 -0.006540954 0.06091898 0.06236594 -0.008697986 0.06088298 0.06246596 -0.008377969 0.06115496 0.06246596 -0.008002996 0.061342 0.06246596 -0.007592976 0.06143498 0.06246596 -0.007172942 0.06142598 0.06246596 -0.006767988 0.06131798 0.06246596 -0.006399989 0.06111496 0.06246596 0.008084952 0.079822 0.05927699 0.008050978 0.07975596 0.05906599 0.007996976 0.07964998 0.05887699 0.007924973 0.07950896 0.05871796 0.007838964 0.07933998 0.05859899 0.007742941 0.07915097 0.05852496 0.008780956 0.079369 0.05927699 0.008735001 0.07931196 0.05906599 0.008659958 0.07921898 0.05887699 0.008559942 0.07909595 0.05871796 0.008440971 0.07894897 0.05859899 0.008307993 0.07878398 0.05852496 0.009368956 0.078781 0.05927699 0.009311974 0.07873499 0.05906599 0.00921899 0.07865995 0.05887699 0.009095966 0.07855999 0.05871796 0.008948981 0.07844096 0.05859899 0.008783996 0.07830798 0.05852496 0.009821951 0.078085 0.05927699 0.009755969 0.07805097 0.05906599 0.009649991 0.07799696 0.05887699 0.009508967 0.07792496 0.05871796 0.009339988 0.07783895 0.05859899 0.009150981 0.07774299 0.05852496 0.01011896 0.07730895 0.05927699 0.01004797 0.07728999 0.05906599 0.009932994 0.077259 0.05887699 0.009779989 0.07721799 0.05871796 0.009596943 0.077169 0.05859899 0.009392976 0.07711398 0.05852496 0.006116986 0.04026895 0.05924099 0.006016969 0.04026895 0.05899995 0.005857944 0.04026895 0.05879294 0.005650997 0.04026895 0.05863398 0.005409955 0.04026895 0.05853396 -0.01342797 0.04126697 0.06175899 -0.01352494 0.04129296 0.06199997 -0.01367795 0.04133397 0.06220698 -0.01387798 0.04138797 0.06236594 -0.01411098 0.04144996 0.06246596 -0.008293986 0.06018495 0.05949997 -0.008152961 0.06037998 0.05949997 -0.007968962 0.06053698 0.05949997 -0.007753968 0.06064397 0.05949997 -0.007518947 0.06069695 0.05949997 -0.007277965 0.06069195 0.05949997 -0.00704497 0.06062996 0.05949997 -0.003824949 0.05898797 0.06175899 -0.002193987 0.05855095 0.06175899 -4.85e-4 0.05906099 0.06246596 -0.002060949 0.05924499 0.06246596 -4.96e-4 0.05881994 0.06236594 -0.002105951 0.05900895 0.06236594 -5.05e-4 0.058613 0.06220698 -0.002144992 0.05880498 0.06220698 -5.12e-4 0.05845397 0.06199997 -0.002174973 0.058649 0.06199997 -5.17e-4 0.05835396 0.06175899 0.001099944 0.05910497 0.06246596 0.001124978 0.05886495 0.06236594 0.001144945 0.05865895 0.06220698 0.001160979 0.058501 0.06199997 0.001170992 0.058402 0.06175899 -0.003592967 0.05965596 0.06246596 -0.003671944 0.05942797 0.06236594 -0.003739953 0.05923295 0.06220698 -0.003791987 0.05908197 0.06199997 -0.005375981 0.05965596 0.06175899 -0.005329966 0.05974495 0.06199997 -0.005255997 0.05988597 0.06220698 -0.005160987 0.06006997 0.06236594 -0.00504899 0.06028395 0.06246596 0.01273399 0.06753396 0.05927795 0.01273 0.067532 0.05924099 0.01266098 0.067514 0.05906897 0.01263296 0.06750696 0.05899995 0.01254498 0.067483 0.05888199 0.01247996 0.067465 0.05879294 0.01239395 0.06744199 0.05872499 0.01227998 0.06741195 0.05863398 0.01221299 0.06739395 0.05860495 0.01204699 0.06734895 0.05853396 0.01201099 0.06733995 0.05852895 0.005481958 0.04151999 0.05852198 0.00544995 0.04088795 0.05853396 0.005570948 0.04149597 0.05853396 0.005707979 0.04145896 0.05859297 0.005688965 0.040856 0.05863398 0.005803942 0.04143399 0.05863398 0.005909979 0.04140496 0.05871796 0.005894958 0.040829 0.05879294 0.006003975 0.04137998 0.05879294 0.006076991 0.04136097 0.05889099 0.006051957 0.04080897 0.05899995 0.006157994 0.04133898 0.05899995 0.006197988 0.04132795 0.05909997 0.00615096 0.04079496 0.05924099 0.006265997 0.04130995 0.05933398 0.006253957 0.04131299 0.05924099 0.01284998 0.06685197 0.05924099 0.01274096 0.065476 0.05933398 0.01284998 0.06615996 0.05924099 0.01274996 0.06684297 0.05899995 0.01273 0.06547898 0.05924099 0.01267296 0.06549495 0.05909997 0.01274996 0.06616896 0.05899995 0.01259195 0.06682896 0.05879294 0.01263296 0.06550496 0.05899995 0.01255196 0.06552696 0.05889099 0.01259195 0.06618297 0.05879294 0.01238596 0.06681096 0.05863398 0.01247996 0.06554597 0.05879294 0.01238495 0.06557196 0.05871796 0.01238596 0.06620097 0.05863398 0.01214498 0.06678998 0.05853396 0.01214498 0.06622195 0.05853396 0.01227998 0.06559997 0.05863398 0.01218295 0.06562596 0.05859297 0.01204699 0.06566196 0.05853396 0.01195698 0.06568598 0.05852198 -0.01225095 0.03998595 0.06172198 -0.01250594 0.04000198 0.06149995 -0.01223796 0.03991097 0.06193095 -0.01224994 0.03998094 0.06175899 -0.01250797 0.03996896 0.06175899 -0.01275098 0.04005295 0.06149995 -0.01276195 0.04001998 0.06175899 -0.01297599 0.04016196 0.06149995 -0.012995 0.04013395 0.06175899 -0.01316696 0.04032397 0.06149995 -0.01319199 0.04030096 0.06175899 -0.01331096 0.04052799 0.06149995 -0.01334095 0.04051196 0.06175899 -0.01340097 0.04076194 0.06149995 -0.01343399 0.04075396 0.06175899 -0.01342898 0.04100996 0.06149995 -0.01346296 0.04101097 0.06175899 -0.01221698 0.03979295 0.06211799 -0.01223295 0.03988295 0.06199997 -0.01251596 0.03986895 0.06199997 -0.01279395 0.03992599 0.06199997 -0.01304894 0.04004997 0.06199997 -0.01326495 0.04023396 0.06199997 -0.01342898 0.04046499 0.06199997 -0.01353096 0.04072999 0.06199997 -0.01356297 0.04101198 0.06199997 -0.01218998 0.03963899 0.06227499 -0.012205 0.03972595 0.06220698 -0.012528 0.03970998 0.06220698 -0.01284497 0.03977495 0.06220698 -0.01313596 0.03991699 0.06220698 -0.01338297 0.04012596 0.06220698 -0.01356995 0.04038995 0.06220698 -0.01368498 0.04069197 0.06220698 -0.013722 0.04101395 0.06220698 -0.01215696 0.03945499 0.06239497 -0.012169 0.03952199 0.06236594 -0.01254397 0.03950399 0.06236594 -0.01291197 0.03957897 0.06236594 -0.01324898 0.03974294 0.06236594 -0.01353496 0.03998595 0.06236594 -0.01375198 0.04029297 0.06236594 -0.01388597 0.04064297 0.06236594 -0.01392894 0.04101598 0.06236594 -0.01212096 0.039249 0.06247097 -0.01212698 0.039285 0.06246596 -0.01256197 0.03926295 0.06246596 -0.01298898 0.03935098 0.06246596 -0.013381 0.03954094 0.06246596 -0.013713 0.03982299 0.06246596 -0.01396495 0.04017895 0.06246596 -0.01412099 0.04058599 0.06246596 -0.01416999 0.04101896 0.06246596 -0.00841695 0.05996996 0.05924099 -0.008323967 0.06020098 0.05924099 -0.008512973 0.05999594 0.05899995 -0.00841099 0.06024897 0.05899995 -0.008666992 0.06003695 0.05879294 -0.008549988 0.06032598 0.05879294 -0.008866965 0.06009 0.05863398 -0.008731961 0.06042599 0.05863398 -0.00909996 0.06015294 0.05853396 -0.008942961 0.06054198 0.05853396 -0.008697986 0.06088298 0.05853396 -0.008377969 0.06115496 0.05853396 -0.008002996 0.061342 0.05853396 -0.007592976 0.06143498 0.05853396 -0.007172942 0.06142598 0.05853396 -0.006767988 0.06131798 0.05853396 -0.006399989 0.06111496 0.05853396 -0.00852096 0.06071895 0.05863398 -0.008244991 0.06095397 0.05863398 -0.007921993 0.06111496 0.05863398 -0.007568955 0.06119495 0.05863398 -0.007206976 0.06118696 0.05863398 -0.006857991 0.06109398 0.05863398 -0.006540954 0.06091898 0.05863398 -0.008367955 0.060579 0.05879294 -0.008130967 0.060781 0.05879294 -0.007851958 0.06092 0.05879294 -0.007547974 0.06098896 0.05879294 -0.007235944 0.06098198 0.05879294 -0.006935 0.06090199 0.05879294 -0.006661951 0.06075096 0.05879294 -0.008250951 0.06047099 0.05899995 -0.008042991 0.06064796 0.05899995 -0.007798969 0.06076997 0.05899995 -0.007532 0.06082999 0.05899995 -0.007258951 0.06082499 0.05899995 -0.006994962 0.060754 0.05899995 -0.006754994 0.06062197 0.05899995 -0.008177995 0.06040298 0.05924099 -0.007987976 0.06056499 0.05924099 -0.007764995 0.06067597 0.05924099 -0.007521986 0.06073099 0.05924099 -0.007272958 0.06072598 0.05924099 -0.007031977 0.06066197 0.05924099 -0.006813943 0.06054097 0.05924099 0.001519978 0.05909699 0.06246596 0.001485943 0.05885797 0.06236594 0.001456975 0.05865299 0.06220698 0.001434981 0.05849599 0.06199997 0.001420974 0.05839699 0.06175899 0.001415967 0.05836296 0.06149995 0.001648962 0.05830097 0.06149995 0.001660943 0.05833196 0.06175899 0.001859962 0.05818396 0.06149995 0.00187999 0.05821198 0.06175899 0.002036988 0.05802094 0.06149995 0.002062976 0.058043 0.06175899 0.002169966 0.05781996 0.06149995 0.002199947 0.05783498 0.06175899 0.002250969 0.05759298 0.06149995 0.00228399 0.05759996 0.06175899 0.00227499 0.05735296 0.06149995 0.002308964 0.05735194 0.06175899 0.002273976 0.057105 0.06175899 0.00169897 0.05842494 0.06199997 0.001937985 0.05829298 0.06199997 0.002138972 0.05810797 0.06199997 0.00228995 0.05787998 0.06199997 0.00238198 0.05762195 0.06199997 0.002408981 0.05734997 0.06199997 0.002370953 0.05707895 0.06199997 0.001757979 0.05857199 0.06220698 0.002030968 0.05842196 0.06220698 0.002259969 0.05821096 0.06220698 0.002431988 0.05795097 0.06220698 0.002536952 0.057657 0.06220698 0.002567946 0.05734699 0.06220698 0.002523958 0.05703794 0.06220698 0.001834988 0.05876398 0.06236594 0.002151966 0.05858999 0.06236594 0.002417981 0.05834496 0.06236594 0.002616941 0.058043 0.06236594 0.002738952 0.057702 0.06236594 0.002774953 0.05734294 0.06236594 0.002723991 0.05698496 0.06236594 0.001924991 0.05898797 0.06246596 0.00229299 0.05878597 0.06246596 0.002601981 0.058501 0.06246596 0.002832949 0.05815094 0.06246596 0.002973973 0.05775499 0.06246596 0.003015995 0.05733799 0.06246596 0.002956986 0.05692195 0.06246596 -0.001650989 0.04245495 0.06175899 -0.001554965 0.04242998 0.06199997 -0.001400947 0.04238796 0.06220698 -0.001200973 0.04233497 0.06236594 -9.68e-4 0.04227197 0.06246596 -0.00247097 0.04170894 0.06172198 -0.00247097 0.04170495 0.06175899 -0.002457976 0.04163396 0.06193095 -0.002452969 0.04160594 0.06199997 -0.002437949 0.04151695 0.06211799 -0.002425968 0.04144996 0.06220698 -0.002409994 0.04136198 0.06227499 -0.002389967 0.04124599 0.06236594 -0.002377986 0.04117798 0.06239497 -0.002347946 0.04100799 0.06246596 -0.002341985 0.04097199 0.06247097 -0.01250594 0.04000198 0.05949997 -0.01275098 0.04005295 0.05949997 -0.01297599 0.04016196 0.05949997 -0.01316696 0.04032397 0.05949997 -0.01331096 0.04052799 0.05949997 -0.01340097 0.04076194 0.05949997 -0.01342898 0.04100996 0.05949997 -0.01342797 0.04126697 0.05924099 -0.01352494 0.04129296 0.05899995 -0.01367795 0.04133397 0.05879294 -0.01387798 0.04138797 0.05863398 -0.01411098 0.04144996 0.05853396 0.007482945 0.049308 0.05850297 0.007552981 0.04924994 0.05851596 0.007484972 0.04929298 0.05850398 0.007552981 0.04924899 0.05851596 0.007723987 0.04917097 0.05856597 0.007749974 0.04916095 0.05857497 0.007771968 0.04915595 0.05858695 0.007595956 0.04922199 0.05852395 0.007988989 0.04911196 0.05872499 0.007976949 0.04911297 0.05871599 0.007910966 0.04912197 0.05866199 0.00781399 0.04914498 0.05860894 -0.005375981 0.05965596 0.05924099 -0.002193987 0.05855095 0.05924099 0.001171946 0.05839699 0.05927795 -5.17e-4 0.05835396 0.05924099 0.001170992 0.058402 0.05924099 0.001163959 0.05847299 0.05906897 -5.12e-4 0.05845397 0.05899995 0.001160979 0.058501 0.05899995 0.001151978 0.05859196 0.05888199 -5.05e-4 0.058613 0.05879294 0.001144945 0.05865895 0.05879294 0.001135945 0.05874794 0.05872499 -4.96e-4 0.05881994 0.05863398 0.001124978 0.05886495 0.05863398 0.001117944 0.05893397 0.05860495 -4.85e-4 0.05906099 0.05853396 0.001099944 0.05910497 0.05853396 0.001096963 0.05914199 0.05852895 -0.002174973 0.058649 0.05899995 -0.002144992 0.05880498 0.05879294 -0.002105951 0.05900895 0.05863398 -0.002060949 0.05924499 0.05853396 -0.003824949 0.05898797 0.05924099 -0.003791987 0.05908197 0.05899995 -0.003739953 0.05923295 0.05879294 -0.003671944 0.05942797 0.05863398 -0.003592967 0.05965596 0.05853396 -0.005329966 0.05974495 0.05899995 -0.005255997 0.05988597 0.05879294 -0.005160987 0.06006997 0.05863398 -0.00504899 0.06028395 0.05853396 0.001415967 0.05836296 0.05949997 0.001648962 0.05830097 0.05949997 0.001859962 0.05818396 0.05949997 0.002036988 0.05802094 0.05949997 0.002169966 0.05781996 0.05949997 0.002250969 0.05759298 0.05949997 0.00227499 0.05735296 0.05949997 -0.002258956 0.04180198 0.06149995 -0.002245962 0.04177099 0.06175899 -0.002206981 0.04167896 0.06199997 -0.002144992 0.04153299 0.06220698 -0.002063989 0.04134196 0.06236594 -0.001766979 0.04225397 0.06149995 -0.001736998 0.04223799 0.06175899 -0.001648962 0.04219096 0.06199997 -0.001508951 0.04211598 0.06220698 -0.001325964 0.04201894 0.06236594 -0.001112997 0.04190599 0.06246596 -0.00189495 0.04206699 0.06149995 -0.001869976 0.04204499 0.06175899 -0.00179398 0.04197895 0.06199997 -0.001673996 0.041875 0.06220698 -0.001517951 0.04173898 0.06236594 -0.001335978 0.04158097 0.06246596 -0.002061963 0.04191398 0.06149995 -0.002041995 0.04188597 0.06175899 -0.001984 0.04180598 0.06199997 -0.001889944 0.04167699 0.06220698 -0.001767992 0.04150897 0.06236594 -0.001626968 0.04131394 0.06246596 -0.001969993 0.04111999 0.06246596 -0.01212096 0.039249 0.05852895 -0.01215696 0.03945499 0.05860495 -0.01212698 0.039285 0.05853396 -0.01256197 0.03926295 0.05853396 -0.01298898 0.03935098 0.05853396 -0.013381 0.03954094 0.05853396 -0.013713 0.03982299 0.05853396 -0.01396495 0.04017895 0.05853396 -0.01412099 0.04058599 0.05853396 -0.01416999 0.04101896 0.05853396 -0.01218998 0.03963899 0.05872499 -0.012169 0.03952199 0.05863398 -0.01254397 0.03950399 0.05863398 -0.01291197 0.03957897 0.05863398 -0.01324898 0.03974294 0.05863398 -0.01353496 0.03998595 0.05863398 -0.01375198 0.04029297 0.05863398 -0.01388597 0.04064297 0.05863398 -0.01392894 0.04101598 0.05863398 -0.01221698 0.03979295 0.05888199 -0.012205 0.03972595 0.05879294 -0.012528 0.03970998 0.05879294 -0.01284497 0.03977495 0.05879294 -0.01313596 0.03991699 0.05879294 -0.01338297 0.04012596 0.05879294 -0.01356995 0.04038995 0.05879294 -0.01368498 0.04069197 0.05879294 -0.013722 0.04101395 0.05879294 -0.01223796 0.03991097 0.05906897 -0.01223295 0.03988295 0.05899995 -0.01251596 0.03986895 0.05899995 -0.01279395 0.03992599 0.05899995 -0.01304894 0.04004997 0.05899995 -0.01326495 0.04023396 0.05899995 -0.01342898 0.04046499 0.05899995 -0.01353096 0.04072999 0.05899995 -0.01356297 0.04101198 0.05899995 -0.01225095 0.03998595 0.05927795 -0.01224994 0.03998094 0.05924099 -0.01250797 0.03996896 0.05924099 -0.01276195 0.04001998 0.05924099 -0.012995 0.04013395 0.05924099 -0.01319199 0.04030096 0.05924099 -0.01334095 0.04051196 0.05924099 -0.01343399 0.04075396 0.05924099 -0.01346296 0.04101097 0.05924099 0.007673978 0.04845094 0.05858194 0.007106959 0.04876595 0.05830395 0.007027983 0.04894697 0.05832898 0.007120966 0.04901599 0.05838894 0.007269978 0.04850196 0.05833196 0.00731796 0.04832899 0.05832397 0.007278978 0.048177 0.05824095 0.007116973 0.04848796 0.05819594 0.007381975 0.047782 0.05824398 0.007187962 0.04906594 0.05843299 0.007193982 0.04907095 0.05843496 0.007278978 0.048792 0.05840694 0.007262945 0.04913896 0.05846297 0.007650971 0.04731196 0.058613 0.007622957 0.04748594 0.05855 0.007716953 0.047782 0.05865997 0.007646977 0.04770398 0.05857598 0.007673978 0.04791694 0.05859899 0.007792949 0.04823297 0.05869299 0.007735967 0.04833197 0.05863296 0.007561981 0.04827594 0.05849999 0.007487952 0.04848694 0.05846697 0.007533967 0.04873895 0.05850696 0.007461965 0.04889398 0.05848896 0.007507979 0.04907596 0.05850899 0.007582962 0.04897898 0.05852794 0.007659971 0.04888796 0.058559 0.007606983 0.04858899 0.05853796 0.007309973 0.04918599 0.05848199 0.007392942 0.04904997 0.058483 0.00732398 0.04920595 0.05848497 0.007324993 0.04920697 0.05848497 0.007376968 0.04928296 0.05849695 0.007247984 0.04805696 0.05815398 0.007045984 0.04870098 0.05823194 0.007183969 0.04827296 0.05816996 0.00722295 0.04837399 0.058254 0.007165968 0.04857099 0.05827498 0.007220983 0.04867398 0.05834698 0.007171988 0.04884296 0.05836796 0.007337987 0.04891997 0.05845296 0.007362961 0.04850995 0.05839598 0.007339954 0.04841697 0.05836194 0.006982982 0.04891997 0.05828595 0.006972968 0.04891395 0.05827599 0.007411956 0.04870295 0.05845195 0.007445991 0.04822695 0.05840694 0.007426977 0.04810094 0.05836999 0.007409989 0.04798495 0.05832999 0.007514953 0.04641199 0.058357 0.007361948 0.04762399 0.05815595 0.007457971 0.04719799 0.05820399 0.007592976 0.04685294 0.05855697 0.007538974 0.04643499 0.05849796 0.007545948 0.04671597 0.05842298 0.007580995 0.04707396 0.05848896 0.007529973 0.04703497 0.05835294 0.007600963 0.04727298 0.05851995 0.007511973 0.04679197 0.05827796 0.007492959 0.046992 0.05823999 0.007507979 0.04720997 0.05831897 0.007472991 0.04739499 0.05828696 0.007482945 0.04751396 0.05832898 0.007494986 0.04764699 0.05836898 0.007508993 0.04779297 0.05840694 0.007524967 0.04795098 0.05844295 0.007542967 0.048114 0.058474 0.007379949 0.04928696 0.05849695 0.007624983 0.04808199 0.05854594 0.007602989 0.04789197 0.05852198 0.007583975 0.04769897 0.05849295 0.007567942 0.04751199 0.05846095 0.007552981 0.04733794 0.05842596 0.007540941 0.04717898 0.05838996 0.007154941 0.04904198 0.058411 0.001468956 0.05873596 0.05871796 0.001494944 0.05892294 0.05859899 0.001859962 0.05882596 0.05859899 0.001524984 0.05913299 0.05852496 0.001938998 0.05902194 0.05852496 0.002313971 0.058815 0.05852496 0.002628982 0.05852496 0.05852496 0.00286597 0.05816698 0.05852496 0.003008961 0.05776298 0.05852496 0.003051996 0.05733698 0.05852496 0.003045976 0.05689799 0.05851894 0.002991974 0.05691295 0.05852496 0.002818942 0.05695897 0.05858796 0.002840995 0.05734097 0.05859899 0.002802968 0.05771696 0.05859899 0.00267595 0.05807298 0.05859899 0.002467989 0.05838799 0.05859899 0.002190947 0.05864399 0.05859899 0.001788973 0.05864995 0.05871796 0.002079963 0.05848997 0.05871796 0.002323985 0.05826497 0.05871796 0.002506971 0.05798798 0.05871796 0.002617955 0.057675 0.05871796 0.002651989 0.05734497 0.05871796 0.001446962 0.05857896 0.05887699 0.001729965 0.05850297 0.05887699 0.00198698 0.05836099 0.05887699 0.002202987 0.05816197 0.05887699 0.002364993 0.05791699 0.05887699 0.002463996 0.05764096 0.05887699 0.002492964 0.05734795 0.05887699 0.001429975 0.05846095 0.05906599 0.002787947 0.05696797 0.05859899 0.002613961 0.05701398 0.05871194 0.002604961 0.05701696 0.05871796 0.002451956 0.05705797 0.05887699 0.002445995 0.05705899 0.05888599 0.002373993 0.05735099 0.05906599 0.002346992 0.05761396 0.05906599 0.002258956 0.05786395 0.05906599 0.002111971 0.05808496 0.05906599 0.001917958 0.05826497 0.05906599 0.001685976 0.05839198 0.05906599 0.001418948 0.05838799 0.05927699 0.001657962 0.05832397 0.05927699 0.001874983 0.05820494 0.05927699 0.002055943 0.05803698 0.05927699 0.00219196 0.05783098 0.05927699 0.00227499 0.05759799 0.05927699 0.002299964 0.05735194 0.05927699 0.002336978 0.05708795 0.05906599 0.002325952 0.05709099 0.059098 0.002264976 0.05710798 0.05927699 0.002258956 0.05710899 0.05933296 -0.001766979 0.04225397 0.05949997 -0.00189495 0.04206699 0.05949997 -0.002061963 0.04191398 0.05949997 -0.002258956 0.04180198 0.05949997 -0.00247097 0.04170894 0.05927795 -0.00247097 0.04170495 0.05924099 -0.002457976 0.04163396 0.05906897 -0.002452969 0.04160594 0.05899995 -0.002437949 0.04151695 0.05888199 -0.002425968 0.04144996 0.05879294 -0.002409994 0.04136198 0.05872499 -0.002389967 0.04124599 0.05863398 -0.002377986 0.04117798 0.05860495 -0.002347946 0.04100799 0.05853396 -0.002341985 0.04097199 0.05852895 0.004565954 0.04234099 0.05790299 0.004598975 0.04221999 0.058115 0.004645943 0.04205197 0.05828899 0.004546999 0.04240995 0.05766797 0.003706991 0.04227095 0.05766797 0.002856969 0.04231297 0.05766797 0.002034962 0.04253399 0.05766797 0.001277983 0.04292196 0.05766797 6.2e-4 0.04346197 0.05766797 5.69e-4 0.04341197 0.05790299 4.79e-4 0.04332298 0.058115 3.55e-4 0.04320096 0.05828899 2.05e-4 0.04305297 0.05841499 3.7e-5 0.04288697 0.05848598 0.004764974 0.04162096 0.05848598 0.005344986 0.04172998 0.05849695 8.29e-4 0.04223799 0.05848598 0.001740992 0.04176998 0.05848598 0.002729952 0.04150497 0.05848598 0.00375396 0.04145395 0.05848598 0.004701972 0.041848 0.05841499 9.58e-4 0.04243499 0.05841499 0.001824975 0.04198998 0.05841499 0.002766966 0.04173797 0.05841499 0.003739953 0.04168999 0.05841499 0.001073956 0.04261195 0.05828899 0.00190097 0.04218697 0.05828899 0.002799987 0.04194694 0.05828899 0.003727972 0.04190099 0.05828899 0.001169979 0.04275697 0.058115 0.001963973 0.04234999 0.058115 0.002826988 0.04211896 0.058115 0.003717958 0.04207497 0.058115 0.001238942 0.04286295 0.05790299 0.002009987 0.04246795 0.05790299 0.002845942 0.042243 0.05790299 0.003710985 0.04220098 0.05790299 0.004100978 0.05024498 0.05766797 0.002312958 0.05050599 0.05828899 0.006602942 0.04935699 0.05828899 0.006753981 0.04950499 0.05841499 0.006921947 0.04967099 0.05848598 0.001612961 0.05082798 0.05849695 0.006128966 0.05031996 0.05848598 0.005217969 0.05078798 0.05848598 0.004227995 0.05105298 0.05848598 0.003204941 0.05110394 0.05848598 0.002193987 0.05093699 0.05848598 0.002255976 0.05070996 0.05841499 0.002358973 0.05033898 0.058115 0.002392947 0.05021697 0.05790299 0.002410948 0.05014896 0.05766797 0.003250956 0.05028694 0.05766797 0.004922986 0.05002397 0.05766797 0.005679965 0.04963594 0.05766797 0.006338953 0.04909598 0.05766797 0.006388962 0.04914599 0.05790299 0.006478965 0.04923498 0.058115 0.005999982 0.05012297 0.05841499 0.005132973 0.05056798 0.05841499 0.004190981 0.05081999 0.05841499 0.003217995 0.05086797 0.05841499 0.005883991 0.04994595 0.05828899 0.005056977 0.05037099 0.05828899 0.004158973 0.05061095 0.05828899 0.003229975 0.05065697 0.05828899 0.005787968 0.04980099 0.058115 0.004993975 0.05020797 0.058115 0.004131972 0.050439 0.058115 0.003239989 0.05048298 0.058115 0.005718946 0.04969495 0.05790299 0.004948973 0.05008995 0.05790299 0.004111945 0.05031496 0.05790299 0.003246963 0.05035698 0.05790299 -8.79e-4 0.04224795 0.05852198 -0.001112997 0.04190599 0.05853396 -0.001969993 0.04111999 0.05853396 -0.001325964 0.04201894 0.05863398 -0.00110495 0.04230898 0.05859297 -9.68e-4 0.04227197 0.05853396 -0.002063989 0.04134196 0.05863398 -0.001508951 0.04211598 0.05879294 -0.001306951 0.04236298 0.05871796 -0.001200973 0.04233497 0.05863398 -0.002144992 0.04153299 0.05879294 -0.001648962 0.04219096 0.05899995 -0.001473963 0.04240798 0.05889099 -0.001400947 0.04238796 0.05879294 -0.002206981 0.04167896 0.05899995 -0.001662969 0.04245895 0.05933398 -0.001650989 0.04245495 0.05924099 -0.001736998 0.04223799 0.05924099 -0.00159496 0.04243999 0.05909997 -0.001554965 0.04242998 0.05899995 -0.001335978 0.04158097 0.05853396 -0.001517951 0.04173898 0.05863398 -0.001673996 0.041875 0.05879294 -0.00179398 0.04197895 0.05899995 -0.001869976 0.04204499 0.05924099 -0.001626968 0.04131394 0.05853396 -0.001767992 0.04150897 0.05863398 -0.001889944 0.04167699 0.05879294 -0.001984 0.04180598 0.05899995 -0.002041995 0.04188597 0.05924099 -0.002245962 0.04177099 0.05924099 -0.001325964 0.04346799 0.05909699 -0.001340985 0.04346698 0.05914098 -0.001076996 0.04448699 0.05911397 -0.001400947 0.04345995 0.05933296 -8.39e-4 0.04495096 0.05880898 -8.78e-4 0.04499095 0.05889695 -7.7e-4 0.04551798 0.05885899 -9.92e-4 0.04447895 0.05892598 -9.43e-4 0.04445099 0.05884099 -0.001185953 0.04346299 0.05887097 -0.001114964 0.04397296 0.05894696 -6.66e-4 0.04602795 0.05881696 -5.64e-4 0.04649299 0.058779 -0.001397967 0.04346096 0.05930697 -0.001134991 0.04445499 0.05930894 -9.5e-4 0.04500395 0.05909597 -8.75e-4 0.04546397 0.059291 -8.27e-4 0.04552799 0.05907398 -5.92e-4 0.04649895 0.05903196 -0.001195967 0.043464 0.05888599 -0.001242995 0.04346495 0.05896198 -0.001322984 0.04346799 0.05908697 0.002821981 0.04978996 0.05352497 0.003897964 0.05024194 0.05395096 0.003325998 0.04996997 0.05355 0.004171967 0.049766 0.05351996 0.004254996 0.05018198 0.053945 0.003901958 0.05019599 0.05382299 0.004242956 0.05012398 0.05379998 0.003901958 0.05012196 0.05370897 0.004223942 0.05002999 0.05367594 0.003897964 0.05002498 0.05361396 0.004199981 0.04990798 0.05357998 0.003890991 0.04990899 0.05354297 0.003329992 0.05026298 0.05394697 0.003326952 0.05022299 0.05382597 0.003325998 0.05015897 0.05371695 0.003324985 0.05007296 0.05362397 0.002755999 0.05019295 0.05394798 0.002762973 0.05013597 0.05380594 0.002777993 0.05004596 0.05368298 0.002797961 0.04992794 0.05358695 0.002703964 0.05018198 0.053945 0.002714991 0.05012398 0.05379998 0.002733945 0.05002999 0.05367594 0.002757966 0.04990798 0.05357998 0.00278598 0.049766 0.05351996 0.005144953 0.04989296 0.053945 0.006944954 0.04696798 0.05351495 0.006707966 0.04776698 0.05351996 0.006965994 0.04697197 0.05352199 0.007068991 0.046992 0.053559 0.006838977 0.04782795 0.05357998 0.007105946 0.04699999 0.05358296 0.007180988 0.04701399 0.05363094 0.006951987 0.04787999 0.05367594 0.007226943 0.04702395 0.05367797 0.007273972 0.04703295 0.05372595 0.00703895 0.04791998 0.05379998 0.007321 0.04704195 0.05380195 0.007343947 0.04704695 0.05383998 0.007092952 0.04794496 0.053945 0.007379949 0.04705399 0.053945 0.006270945 0.04847997 0.05351996 0.006384968 0.04856997 0.05357998 0.006481945 0.04864597 0.05367594 0.006556987 0.04870599 0.05379998 0.006603956 0.04874294 0.053945 0.007387995 0.04705595 0.05396598 0.005943 0.04940396 0.053945 0.005905985 0.04935699 0.05379998 0.005846977 0.04928195 0.05367594 0.005769968 0.04918497 0.05357998 0.005679965 0.04907095 0.05351996 0.005119979 0.04983896 0.05379998 0.005079984 0.04975199 0.05367594 0.005027949 0.04963898 0.05357998 0.004966974 0.04950797 0.05351996 -1.35e-4 0.04794496 0.053945 3.54e-4 0.04874294 0.053945 1.3e-5 0.04696798 0.05351495 2.5e-4 0.04776698 0.05351996 -7e-6 0.04697197 0.05352199 -1.11e-4 0.046992 0.053559 1.19e-4 0.04782795 0.05357998 -1.48e-4 0.04699999 0.05358296 -2.23e-4 0.04701399 0.05363094 6e-6 0.04787999 0.05367594 -2.69e-4 0.04702395 0.05367797 -3.16e-4 0.04703295 0.05372595 -8.1e-5 0.04791998 0.05379998 0.001990973 0.04950797 0.05351996 0.001930952 0.04963898 0.05357998 0.001878976 0.04975199 0.05367594 0.001838982 0.04983896 0.05379998 0.001813948 0.04989296 0.053945 0.001015961 0.04940396 0.053945 0.001052975 0.04935699 0.05379998 0.001111984 0.04928195 0.05367594 0.001188993 0.04918497 0.05357998 0.001277983 0.04907095 0.05351996 4.01e-4 0.04870599 0.05379998 4.76e-4 0.04864597 0.05367594 5.73e-4 0.04856997 0.05357998 6.87e-4 0.04847997 0.05351996 -3.63e-4 0.04704195 0.05380195 -3.86e-4 0.04704695 0.05383998 -4.22e-4 0.04705399 0.053945 -4.29e-4 0.04705595 0.05396598 0.006944954 0.04559099 0.05351495 0.007090985 0.04586797 0.05353498 0.007105946 0.04555797 0.05358296 0.007068991 0.04556596 0.053559 0.007193982 0.04586094 0.05359095 0.006965994 0.04558598 0.05352199 0.007226943 0.04553395 0.05367797 0.007180988 0.04554396 0.05363094 0.007282972 0.04585695 0.05366498 0.007356941 0.04585599 0.05375599 0.007273972 0.04552495 0.05372595 0.007379949 0.04550397 0.053945 0.007343947 0.04551094 0.05383998 0.007411956 0.04585695 0.05385798 0.007321 0.04551595 0.05380195 0.007445991 0.04586094 0.05396997 0.007387995 0.04550296 0.05396598 0.007153987 0.046431 0.053541 0.006968975 0.04693299 0.05351895 0.007244944 0.04643297 0.05359995 0.007324993 0.04643297 0.05367499 0.007089972 0.04695397 0.05356597 0.007197976 0.04697299 0.05363798 0.007388949 0.04643195 0.05376195 0.007287979 0.04698699 0.05373197 0.007355988 0.04699796 0.05384498 0.00743699 0.04642999 0.05385994 0.007465958 0.04642796 0.05396497 0.007397949 0.04700297 0.05396896 -1.33e-4 0.04668998 0.05353498 -2.35e-4 0.04669696 0.05359095 -3.25e-4 0.04670095 0.05366498 -3.99e-4 0.04670196 0.05375599 -4.53e-4 0.04670095 0.05385798 -4.88e-4 0.04669696 0.05396997 -1.96e-4 0.04612696 0.053541 -1.1e-5 0.04562497 0.05351895 -2.87e-4 0.04612499 0.05359995 -3.67e-4 0.04612499 0.05367499 -1.32e-4 0.04560399 0.05356597 -2.4e-4 0.04558497 0.05363798 1.3e-5 0.04559099 0.05351495 -7e-6 0.04558598 0.05352199 -1.11e-4 0.04556596 0.053559 -1.48e-4 0.04555797 0.05358296 -2.23e-4 0.04554396 0.05363094 -2.69e-4 0.04553395 0.05367797 -4.31e-4 0.04612594 0.05376195 -3.3e-4 0.04557096 0.05373197 -3.16e-4 0.04552495 0.05372595 -3.98e-4 0.04556 0.05384498 -4.79e-4 0.04612797 0.05385994 -3.63e-4 0.04551595 0.05380195 -3.86e-4 0.04551094 0.05383998 -4.22e-4 0.04550397 0.053945 -5.08e-4 0.04613 0.05396497 -4.4e-4 0.04555499 0.05396896 -4.29e-4 0.04550296 0.05396598 0.007092952 0.044613 0.053945 0.006603956 0.04381495 0.053945 0.006707966 0.04479098 0.05351996 0.006838977 0.04472994 0.05357998 0.006951987 0.04467797 0.05367594 0.00703895 0.04463899 0.05379998 0.004171967 0.04279196 0.05351996 0.004966974 0.04304999 0.05351996 0.004199981 0.04264998 0.05357998 0.005027949 0.04291898 0.05357998 0.004223942 0.04252797 0.05367594 0.005079984 0.04280596 0.05367594 0.004242956 0.04243499 0.05379998 0.005119979 0.04271894 0.05379998 0.004254996 0.04237598 0.053945 0.005144953 0.042665 0.053945 0.005943 0.043154 0.053945 0.005905985 0.04320096 0.05379998 0.005846977 0.04327595 0.05367594 0.005769968 0.04337298 0.05357998 0.005679965 0.04348695 0.05351996 0.006556987 0.04385298 0.05379998 0.006481945 0.04391199 0.05367594 0.006384968 0.043989 0.05357998 0.006270945 0.04407799 0.05351996 0.001813948 0.042665 0.053945 0.001015961 0.043154 0.053945 2.5e-4 0.04479098 0.05351996 1.19e-4 0.04472994 0.05357998 6e-6 0.04467797 0.05367594 -8.1e-5 0.04463899 0.05379998 -1.35e-4 0.044613 0.053945 3.54e-4 0.04381495 0.053945 4.01e-4 0.04385298 0.05379998 4.76e-4 0.04391199 0.05367594 5.73e-4 0.043989 0.05357998 6.87e-4 0.04407799 0.05351996 0.001052975 0.04320096 0.05379998 0.001111984 0.04327595 0.05367594 0.001188993 0.04337298 0.05357998 0.001277983 0.04348695 0.05351996 0.001838982 0.04271894 0.05379998 0.001878976 0.04280596 0.05367594 0.001930952 0.04291898 0.05357998 0.001990973 0.04304999 0.05351996 0.002703964 0.04237598 0.053945 0.002714991 0.04243499 0.05379998 0.002733945 0.04252797 0.05367594 0.002757966 0.04264998 0.05357998 0.00278598 0.04279196 0.05351996 0.004136979 0.042768 0.05352497 0.003060996 0.04231595 0.05395096 0.003631949 0.04258799 0.05355 0.003056943 0.04236298 0.05382299 0.003055989 0.042436 0.05370897 0.003059983 0.04253298 0.05361396 0.003066956 0.04264897 0.05354297 0.003627955 0.04229497 0.05394697 0.003630995 0.04233497 0.05382597 0.003632962 0.04239898 0.05371695 0.003632962 0.04248499 0.05362397 0.004202961 0.04236495 0.05394798 0.004194974 0.04242199 0.05380594 0.004180967 0.04251199 0.05368298 0.004161 0.04262995 0.05358695 0.003478944 0.04487895 0.03624999 0.003116965 0.044927 0.03624999 0.002778947 0.04506695 0.03624999 0.00248897 0.04528898 0.03624999 0.002266943 0.04557895 0.03624999 0.002126991 0.04591697 0.03624999 0.00207895 0.04627895 0.03624999 0.002126991 0.04664099 0.03624999 0.002266943 0.04697895 0.03624999 0.00248897 0.04726898 0.03624999 0.002778947 0.04749095 0.03624999 0.003116965 0.04763096 0.03624999 0.003478944 0.04767894 0.03624999 0.003840982 0.04763096 0.03624999 0.004178941 0.04749095 0.03624999 0.004468977 0.04726898 0.03624999 0.004691958 0.04697895 0.03624999 0.004830956 0.04664099 0.03624999 0.004878997 0.04627895 0.03624999 0.004830956 0.04591697 0.03624999 0.004691958 0.04557895 0.03624999 0.004468977 0.04528898 0.03624999 0.004178941 0.04506695 0.03624999 0.003840982 0.044927 0.03624999 0.003478944 0.04627895 0.03624999</float_array>
          <technique_common>
            <accessor source="#obj1-mesh-positions-array" count="4001" stride="3">
              <param name="X" type="float"/>
              <param name="Y" type="float"/>
              <param name="Z" type="float"/>
            </accessor>
          </technique_common>
        </source>
        <source id="obj1-mesh-normals">
          <float_array id="obj1-mesh-normals-array" count="12525">7.33174e-5 0 -1 -1.40071e-6 -4.70877e-6 -1 5.10737e-6 1.69128e-6 -1 -1.3534e-5 -1.05798e-5 -1 -4.4927e-6 -5.16511e-6 -1 1.65263e-7 0 -1 -4.98444e-6 -2.49594e-6 -1 0 6.22124e-6 -1 -3.63588e-6 3.11062e-6 -1 -3.80725e-6 9.15863e-6 -1 0 0 -1 -1.97291e-5 6.29947e-6 -1 7.63685e-7 -6.19516e-6 -1 -3.95998e-6 -6.78003e-6 -1 7.26588e-5 0 -1 -8.3223e-6 2.05115e-5 -1 -7.25593e-5 0 -1 3.05474e-7 1.0021e-5 -1 1.14646e-5 3.21865e-5 -1 -4.17978e-6 2.27429e-6 -1 2.12342e-6 2.91318e-6 -1 5.42698e-5 0 -1 1.65738e-5 9.3244e-6 -1 -6.81728e-7 -6.07222e-6 -1 -0.1948567 -0.9808318 2.27988e-6 -0.1027469 -0.9947076 -3.12923e-5 -0.1549622 -0.9879204 -2.36299e-5 2.07412e-4 -1 -7.41333e-6 -0.2585518 -0.9659974 -1.97366e-5 -0.2588181 -0.9659261 4.03259e-6 -0.4185307 -0.9082028 1.85519e-6 -0.3597545 -0.9330471 5.3437e-6 -0.4998545 -0.8661094 -1.79559e-5 -0.5001934 -0.8659138 -3.2552e-6 -0.5483775 -0.8362309 -2.73423e-5 -0.6190611 -0.7853428 -3.06815e-5 -0.7071335 -0.7070801 -2.42228e-5 -0.70711 -0.7071036 -9.93908e-6 -0.7123361 -0.7018386 -3.28449e-5 -0.78535 -0.6190521 -2.80067e-5 -0.7866094 -0.617451 -2.17653e-6 -0.8613973 -0.5079315 5.88312e-4 -0.8661147 -0.4998454 -2.00421e-6 -0.8660495 -0.499958 5.58447e-4 -0.8711376 -0.4910389 4.30216e-4 -0.9082013 -0.4185338 -2.27839e-5 -0.9165663 -0.3998829 7.33614e-6 -0.9183743 -0.395713 1.13714e-6 -0.9659934 -0.258567 -3.52636e-5 -0.9659884 -0.2585852 5.30414e-4 -0.9808285 -0.1948727 -1.08518e-5 -0.9853983 -0.1702655 7.15465e-6 -0.9834713 -0.1810644 -2.83234e-5 -0.9872679 -0.1590668 1.83121e-5 -0.9993415 -0.03628528 -9.64478e-6 -0.9982279 -0.05950576 5.19243e-4 -0.9999932 -1.46509e-4 0.003685712 -1 1.26876e-4 2.10282e-4 -0.9999033 0.01391017 1.21241e-4 -0.9988008 0.04895997 7.44686e-6 -0.9947066 0.1027569 -2.06158e-5 -0.9659258 0.2588192 0 -0.9808313 0.1948586 -8.29622e-6 -0.965994 0.2585646 -3.38629e-5 -0.8662412 0.4996261 2.65644e-4 -0.866104 0.4998639 -2.30999e-5 -0.8895867 0.4567664 7.07433e-6 -0.9082021 0.418532 -6.13669e-7 -0.8976533 0.4407026 4.07125e-5 -0.4998638 0.8661041 -4.25428e-5 -0.619056 0.7853468 -2.61264e-5 -0.5853393 0.8107885 7.17572e-6 -0.8347114 0.5506874 5.92909e-4 -0.7681888 0.6402234 -5.30109e-6 -0.7853475 0.6190553 -3.80948e-5 -0.7646808 0.6444094 2.17928e-5 -0.7071099 0.7071037 -1.31577e-5 -0.7073057 0.7069076 5.42366e-4 -0.5974642 0.8018956 -6.92299e-6 -0.5001494 0.865939 6.52743e-4 -0.4920241 0.8705814 5.53928e-4 -0.4185358 0.9082003 -3.11732e-5 -0.3724924 0.9280353 2.70025e-6 -0.2585594 0.9659954 -3.43546e-5 -0.2659839 0.9639775 -3.13429e-5 -0.258868 0.9659128 -8.95439e-6 -2.18716e-4 1 2.9178e-7 -1.41669e-4 0.9999831 0.005815982 -0.03629076 0.9993413 -1.91806e-5 -0.05679017 0.9983862 -1.76206e-5 -0.1810652 0.9834711 -3.86196e-5 -0.1948862 0.980826 -2.77651e-5 0.1027577 0.9947065 8.0131e-6 0.154965 0.98792 -3.19476e-5 0.1948705 0.9808291 -1.30013e-5 0.2585523 0.9659973 -1.59517e-5 0.2588193 0.9659258 -1.37051e-5 0.4185367 0.9081999 -4.32879e-5 0.3597548 0.9330469 -9.81946e-6 0.4998544 0.8661094 -3.63737e-5 0.5001909 0.8659153 -2.32726e-6 0.6190564 0.7853466 -3.03239e-5 0.5483804 0.836229 2.36451e-6 0.7071067 0.7071069 2.01911e-6 0.7071373 0.7070763 -2.23515e-5 0.7123461 0.7018285 6.95073e-6 0.7853444 0.6190592 -1.97142e-5 0.7866142 0.617445 -1.3249e-5 0.8661097 0.4998541 -2.90051e-5 0.8613865 0.5079498 6.87671e-4 0.8660625 0.4999356 5.70157e-4 0.8711373 0.4910392 4.63518e-4 0.9082039 0.418528 -2.88039e-5 0.9165747 0.3998636 -2.56416e-6 0.9183824 0.395694 -1.09058e-6 0.965997 0.2585531 -2.71276e-5 0.9659819 0.2586092 5.3203e-4 0.9808301 0.1948652 6.02752e-6 0.9853971 0.1702724 -3.53483e-6 0.9834718 0.1810617 -3.6709e-5 0.987269 0.1590598 1.87867e-5 0.9993414 0.03628784 -2.45869e-7 0.9982262 0.05953353 5.00527e-4 0.9999933 1.3538e-4 0.003665983 1 -1.28195e-4 2.16311e-4 0.9999029 -0.01394033 1.39316e-4 0.9987999 -0.04897731 8.8606e-6 0.9947063 -0.1027595 5.4799e-6 0.9659271 -0.2588148 9.67993e-6 0.9808286 -0.1948727 -2.16253e-5 0.9659942 -0.2585642 -3.08082e-5 0.8661084 -0.4998565 -1.82763e-5 0.9082038 -0.4185284 -1.30857e-6 0.8896003 -0.4567398 1.36676e-5 0.8976516 -0.4407058 4.31174e-5 0.8662306 -0.4996446 2.54808e-4 0.8347112 -0.5506877 4.80827e-4 0.7853507 -0.6190512 -3.11956e-5 0.768202 -0.6402076 -2.04863e-5 0.7646818 -0.6444082 1.55851e-5 0.7071054 -0.7071082 -3.03388e-5 0.7073194 -0.706894 5.34624e-4 0.6190569 -0.7853462 -1.77696e-5 0.5974528 -0.8019042 1.69547e-6 0.5853521 -0.8107793 2.55277e-5 0.4998532 -0.8661102 -7.50273e-6 0.5001557 -0.8659352 6.75988e-4 0.4920102 -0.8705893 5.47648e-4 0.4185382 -0.9081992 -1.57729e-5 0.2588806 -0.9659094 -4.67931e-6 0.2585328 -0.9660025 -6.19588e-6 0.2659859 -0.9639769 -3.08082e-5 0.3725031 -0.928031 2.41026e-6 1.46471e-4 -0.9999831 0.005817592 0.0356782 -0.9993633 -4.22001e-5 0.05679261 -0.9983861 3.42727e-7 0.1810869 -0.9834671 1.48546e-7 0.1948851 -0.9808261 -3.60827e-5 -0.9659257 0.2588195 -1.55717e-6 -0.9659253 0.2588208 -1.21443e-5 -0.965923 0.2588297 -5.23403e-6 -0.9659275 0.2588133 -2.37376e-5 -0.9659286 0.258809 5.96792e-6 -0.9659242 0.2588257 -1.82726e-5 -0.9659297 0.2588048 2.28509e-5 -0.9659246 0.258824 -3.28291e-5 -0.9659255 0.2588205 -1.93883e-5 0 0 1 -2.79113e-5 2.49259e-5 1 -5.465e-6 1.65775e-6 1 -1.58185e-5 -2.49607e-5 1 -3.42451e-6 0 1 -1.34259e-5 -2.42889e-5 1 5.1716e-6 0 1 -1.67377e-5 -9.09716e-6 1 7.99866e-6 0 1 -2.11783e-5 -2.16886e-5 1 3.59344e-6 0 1 -8.58014e-7 0 1 -1.16981e-6 0 1 -1.94384e-7 0 1 3.23821e-6 1.10986e-5 1 -2.64198e-5 2.35215e-5 1 1.46031e-6 -5.01238e-6 1 -6.0685e-6 6.89505e-6 1 -4.62122e-6 1.72469e-5 1 9.53488e-6 -3.71411e-6 1 7.3798e-6 -1.87196e-5 1 -1.64919e-5 3.52859e-5 1 -3.241e-6 3.53158e-6 1 -3.0672e-6 0 1 9.03225e-6 0 1 -4.90737e-6 2.94968e-5 1 -7.37608e-6 2.47099e-5 1 3.62098e-6 -1.72146e-5 1 -1.09896e-6 8.95932e-7 1 -6.70273e-6 -1.38916e-5 1 -4.29293e-6 -9.5974e-6 1 7.63219e-6 -2.83669e-5 1 8.01124e-6 -1.68411e-5 1 -3.29311e-7 0 1 -2.93553e-6 4.90434e-6 1 -1.68011e-5 -2.38493e-5 1 1.64844e-6 3.37884e-6 1 -1.44129e-5 2.82954e-5 1 1.69295e-5 0 1 1.33667e-4 1.09151e-4 1 -1.26497e-6 1.1107e-5 1 -6.7316e-6 4.34287e-7 1 5.18841e-4 1.88649e-5 0.9999999 -8.04767e-4 -1.52983e-4 0.9999998 -1.74181e-5 8.86805e-6 1 -6.40564e-6 6.02566e-7 1 -1.8985e-6 4.2608e-7 1 9.10834e-6 0 1 7.55861e-6 -1.34669e-6 1 3.13972e-6 -7.27573e-6 1 3.42732e-6 0 1 2.09734e-5 -3.74801e-5 1 5.27315e-6 -9.11206e-6 1 -2.06046e-5 -3.19756e-5 1 -7.43172e-6 -5.70202e-6 1 7.43573e-4 -2.93262e-4 0.9999997 -1.33584e-5 -1.21463e-5 1 8.6166e-6 -3.36953e-6 1 3.67797e-5 -1.01943e-5 1 -1.83124e-7 0 1 3.22135e-5 -4.45917e-6 1 3.29763e-5 -8.25897e-6 1 7.04518e-7 0 1 4.21578e-6 0 1 1.71438e-5 -1.91405e-5 1 2.38866e-5 -1.7792e-5 1 -2.63751e-6 -1.9446e-6 1 4.85405e-6 -4.28734e-6 1 8.21985e-6 1.49978e-5 1 1.05277e-5 -2.63527e-5 1 0 1.96919e-5 1 -2.69245e-6 3.27602e-5 1 -4.12241e-5 -8.65478e-6 1 -3.8743e-6 8.28411e-6 1 -4.26546e-6 1.05463e-5 1 7.66665e-6 -1.90455e-6 1 1.53482e-5 9.70438e-6 1 1.64283e-5 2.04216e-5 1 1.13146e-5 2.69106e-5 1 7.07246e-6 2.0992e-5 1 5.91017e-6 2.08146e-5 1 -1.47521e-6 -3.82564e-6 1 -6.58166e-6 1.89139e-5 1 2.96608e-5 1.56537e-5 1 1.57505e-5 -3.44589e-7 1 2.98768e-5 2.19233e-6 1 1.75536e-5 2.4559e-6 1 -4.68641e-6 3.91295e-6 1 2.07201e-5 -4.89317e-6 1 -7.50626e-4 1.3943e-4 0.9999998 -2.85963e-6 5.84772e-7 1 -3.84357e-6 -3.97698e-6 1 -2.68593e-6 -2.55206e-5 1 -4.70504e-6 -1.20513e-6 1 5.08875e-6 3.69921e-6 1 9.63733e-6 2.55508e-6 1 -1.80751e-5 -8.90251e-6 1 -1.39903e-5 -3.91901e-6 1 3.90038e-6 2.28435e-5 1 -2.12342e-6 7.30157e-7 1 -1.48714e-5 -1.00536e-5 1 2.03233e-5 1.50669e-5 1 1.44634e-5 3.23541e-6 1 -1.2435e-5 3.45195e-6 1 5.22632e-6 9.33185e-6 1 -1.90213e-5 8.46107e-7 1 3.0387e-5 -1.52923e-6 1 -3.88697e-5 1.1499e-5 1 1.46006e-5 -8.68179e-6 1 2.16067e-6 -5.32623e-6 1 1.01887e-5 6.27991e-6 1 -1.68756e-6 -3.25963e-6 1 2.32558e-5 1.03451e-5 1 2.47359e-6 -3.72715e-6 1 4.04231e-5 -3.85009e-6 1 -2.6105e-6 -5.2182e-6 1 3.89236e-6 0 1 1.71922e-5 3.43146e-6 1 2.51611e-6 0 1 3.23579e-5 5.87246e-6 1 3.63961e-6 1.46218e-6 1 -1.35666e-5 -3.23071e-5 1 2.99364e-5 -3.0864e-6 1 -1.52029e-5 -2.07126e-6 1 -2.88077e-5 1.24983e-5 1 5.08875e-6 -8.9095e-6 1 -2.81446e-5 2.83034e-5 1 -1.71177e-5 2.84206e-5 1 -4.41447e-6 8.34838e-6 1 -1.33822e-5 3.34669e-5 1 9.19402e-6 -5.90587e-6 1 -9.25269e-7 -2.18339e-5 1 -6.43008e-6 3.63179e-5 1 -1.04122e-6 -1.30497e-5 1 -1.16322e-5 -2.63564e-5 1 -2.51792e-5 -1.57803e-5 1 -1.2625e-5 -5.75185e-6 1 -3.56808e-5 3.40492e-6 1 -1.86674e-5 -2.08474e-5 1 -2.82638e-5 -2.91597e-5 1 3.37437e-5 5.88479e-6 1 -2.44174e-5 -2.22353e-5 1 2.44193e-5 1.0964e-5 1 3.77223e-5 1.44364e-5 1 -1.31428e-5 -3.7998e-7 -1 -1.92523e-5 1.11414e-5 -1 4.25242e-6 -1.71131e-5 -1 -7.10413e-6 -9.73046e-6 -1 -2.64496e-6 -3.31963e-5 -1 2.35811e-5 -2.80561e-5 -1 -6.92531e-6 -7.37607e-7 -1 1.36234e-5 -1.49831e-5 -1 3.01748e-7 -4.00562e-6 -1 3.75696e-5 -8.40891e-6 -1 -2.20537e-6 -2.78279e-6 -1 -9.26666e-6 2.3745e-5 -1 8.58679e-6 -8.05501e-6 -1 -2.49706e-5 5.65126e-6 -1 -6.42334e-4 5.71907e-5 -0.9999999 -2.54251e-5 1.42772e-6 -1 -5.04311e-6 6.23614e-6 -1 -1.94833e-6 -6.94301e-7 -1 1.86265e-6 2.04891e-7 -1 -7.23405e-6 6.28456e-6 -1 6.19888e-6 -2.63228e-5 -1 -6.95232e-6 -2.68151e-5 -1 -9.66713e-7 -4.00469e-6 -1 7.35372e-6 -4.45923e-4 -1 -3.83109e-5 5.73695e-7 -1 3.29501e-5 5.49667e-6 -1 -2.43038e-5 2.43168e-6 -1 6.11693e-6 -3.55626e-6 -1 2.25063e-5 -2.63639e-5 -1 9.52929e-6 1.23046e-5 -1 4.45545e-6 -2.68444e-5 -1 1.91778e-5 2.84608e-5 -1 3.13949e-6 -3.23914e-5 -1 1.16155e-5 -1.54488e-5 -1 1.20327e-6 4.31761e-6 -1 2.45548e-5 -8.5663e-6 -1 4.65676e-6 1.85613e-6 -1 -4.88758e-6 -9.22149e-6 -1 -5.04056e-6 -2.10665e-6 -1 -1.07884e-5 2.42144e-7 -1 3.37756e-6 4.42937e-6 -1 1.49012e-7 -1.14739e-6 -1 7.52881e-6 -2.3013e-6 -1 -9.00403e-6 -9.38028e-6 -1 -7.6117e-6 -5.63217e-7 -1 3.88212e-5 2.43261e-6 -1 1.71398e-6 -2.20686e-5 -1 6.07222e-6 -2.55375e-5 -1 9.90927e-6 -3.19951e-5 -1 -3.33227e-5 1.62758e-5 -1 -6.0444e-4 -2.14972e-4 -0.9999998 2.5304e-5 -2.35811e-5 -1 1.99825e-5 -1.47522e-6 -1 1.30814e-5 3.72529e-6 -1 1.96975e-5 1.87559e-5 -1 -3.80352e-6 5.99585e-6 -1 1.84886e-5 -1.64472e-5 -1 -7.82125e-6 -1.43684e-5 -1 -2.72505e-5 5.22612e-6 -1 -1.97478e-5 -1.6205e-7 -1 9.28063e-6 2.84147e-6 -1 6.4373e-6 2.69152e-7 -1 3.23065e-4 -4.00491e-4 -1 6.41495e-6 2.4559e-6 -1 2.90796e-5 1.12113e-5 -1 9.94024e-6 -8.28877e-6 -1 3.48873e-6 -6.28643e-7 -1 2.94298e-6 -2.95974e-6 -1 2.79676e-6 1.94237e-5 -1 5.05988e-6 -4.10486e-6 -1 -4.58863e-6 1.05798e-5 -1 -1.52607e-5 2.21729e-5 -1 8.34838e-6 2.8871e-6 -1 2.96645e-5 2.47695e-5 -1 4.09409e-6 6.57886e-6 -1 9.89065e-6 -3.70294e-6 -1 -8.33068e-6 1.89636e-5 -1 -5.61029e-6 -3.56976e-6 -1 3.12753e-4 4.30852e-4 -1 2.04667e-5 2.86568e-6 -1 1.01151e-5 -2.27615e-6 -1 -4.71808e-6 1.41189e-6 -1 -4.85405e-6 -5.08502e-6 -1 -2.66377e-5 -1.73319e-5 -1 -4.07547e-6 -1.57505e-5 -1 1.16104e-6 4.33656e-6 -1 -2.17259e-5 -3.56585e-5 -1 2.63751e-6 -1.23167e-5 -1 -1.2273e-5 -3.97414e-5 -1 5.49853e-6 2.57045e-6 -1 -1.82688e-5 1.01225e-5 -1 -1.28821e-5 1.2707e-5 -1 -8.06525e-6 -2.29292e-6 -1 4.90528e-6 -2.79443e-6 -1 3.12552e-6 -1.40294e-5 -1 -1.0462e-6 -2.553e-6 -1 2.61515e-6 -6.36186e-6 -1 2.7936e-5 -1.0265e-5 -1 3.53754e-5 -3.86126e-6 -1 -2.18228e-5 2.60249e-5 -1 8.23609e-6 -2.96533e-6 -1 -2.00584e-7 -1.47037e-5 -1 9.55351e-6 8.82894e-7 -1 -1.21975e-5 -1.83471e-5 -1 -2.20891e-5 -2.45161e-5 -1 8.28318e-6 6.17839e-6 -1 1.30013e-6 6.26966e-6 -1 5.7593e-6 4.24683e-7 -1 2.41771e-6 0 -1 1.13039e-6 1.26219e-5 -1 6.47362e-6 7.73021e-6 -1 -1.02189e-6 1.16357e-6 -1 4.96162e-6 8.05594e-6 -1 1.93156e-6 1.04681e-6 -1 3.61353e-5 1.39512e-5 -1 -1.24536e-5 2.32644e-5 -1 -1.22236e-5 1.15733e-5 -1 2.04891e-6 -2.52947e-6 -1 -2.03606e-5 2.9352e-5 -1 -4.90318e-6 3.66196e-6 -1 2.0843e-5 5.2806e-6 -1 1.61007e-5 6.78934e-6 -1 -9.27597e-7 -1.2964e-6 -1 6.17444e-6 8.76677e-6 -1 1.94907e-5 1.47559e-5 -1 3.34904e-6 9.39891e-6 -1 6.672e-6 2.7772e-5 -1 7.84639e-7 1.24555e-5 -1 9.85339e-7 -5.01424e-6 -1 9.4641e-6 2.27336e-5 -1 -2.83122e-7 -6.12438e-6 -1 -2.49092e-5 6.41868e-6 -1 -6.86944e-6 9.49949e-7 -1 2.80961e-5 4.68828e-6 -1 8.95455e-6 5.90459e-7 -1 0 -4.60912e-6 -1 9.78261e-6 3.21493e-6 -1 2.49781e-6 5.95255e-6 -1 6.51693e-6 3.80687e-5 -1 -8.06991e-7 -1.55382e-5 -1 -7.99634e-6 2.73213e-5 -1 -3.89572e-6 6.03497e-7 -1 -1.11721e-5 1.7833e-5 -1 -1.74008e-5 3.45893e-5 -1 -5.66803e-6 3.22126e-5 -1 -1.06823e-6 6.53043e-6 -1 2.51457e-7 1.58772e-5 -1 7.16187e-7 5.80028e-6 -1 3.27975e-5 -4.99561e-6 -1 3.03742e-5 4.12203e-6 -1 2.07331e-5 -5.81145e-6 -1 2.12679e-6 2.93832e-6 -1 4.55487e-6 2.54251e-5 -1 -1.96509e-6 -8.74326e-6 -1 3.84264e-6 4.83543e-6 -1 2.41585e-6 1.0103e-5 -1 -1.21538e-6 -2.05636e-6 -1 7.01659e-6 -6.46338e-6 -1 1.66968e-5 8.89972e-6 -1 -3.00724e-6 2.12565e-5 -1 2.58833e-5 2.2145e-5 -1 -6.64964e-6 2.12947e-6 -1 -3.68203e-5 -2.05776e-6 -1 9.6485e-7 1.03191e-6 -1 -8.10809e-6 3.93763e-6 -1 3.20375e-7 2.71387e-6 -1 1.51433e-5 1.88313e-5 -1 -1.72853e-6 -1.30525e-6 -1 2.70072e-6 3.50177e-5 -1 -4.50166e-6 -1.65403e-6 -1 -2.64496e-5 -2.09138e-5 -1 -1.35601e-6 -6.63102e-7 -1 -4.15463e-6 4.47035e-6 -1 -1.66073e-5 -2.20862e-5 -1 -1.39456e-5 1.592e-5 -1 -1.59973e-5 1.72034e-5 -1 -3.41423e-6 3.54182e-6 -1 4.00841e-6 7.48783e-7 -1 -1.29417e-5 -1.71028e-5 -1 -3.16334e-5 -7.02543e-6 -1 -8.08435e-6 -1.08033e-5 -1 -1.90865e-5 -3.26345e-5 -1 -7.1663e-6 -1.2238e-5 -1 -2.2538e-6 -9.08226e-6 -1 1.69221e-6 8.75443e-7 -1 -3.2559e-6 -1.1418e-5 -1 -8.9407e-7 7.18981e-7 -1 -9.03849e-7 -3.21716e-5 -1 6.60121e-6 2.17324e-6 -1 0 -6.76885e-6 -1 0 5.41937e-6 -1 2.48104e-6 -1.41487e-5 -1 1.55829e-5 -3.3129e-5 -1 8.82056e-6 -1.31105e-5 -1 1.05035e-5 -1.98409e-5 -1 3.82867e-6 2.70456e-6 -1 1.80826e-5 -2.16328e-5 -1 1.32993e-5 -2.04984e-6 -1 2.2687e-6 -5.49667e-6 -1 -3.65078e-6 2.56859e-6 -1 2.57436e-5 -1.73226e-5 -1 1.42078e-5 -6.85081e-6 -1 -1.96143e-7 1 0 1.57871e-7 1 0 0.2587835 0.9659354 0 0.2587841 0.9659353 0 0.4999357 0.8660625 0 0.4998165 0.8661313 0 0.7071091 0.7071045 0 0.7071083 0.7071053 0 0.8661327 0.4998143 -1.75735e-7 0.8660636 0.4999338 0 0.9659353 0.2587841 0 0.9659352 0.2587845 0 1 -1.76529e-6 0 1 -6.74541e-7 0 0.9659358 -0.2587822 0 0.965936 -0.2587813 0 0.8660659 -0.4999299 0 0.8660656 -0.4999305 2.41636e-7 0.7071093 -0.7071043 0 0.7071081 -0.7071056 0 0.4999286 -0.8660666 0 0.4999278 -0.8660671 0 0.2587848 -0.965935 0 0.2587845 -0.9659352 0 1.86576e-7 -1 0 -1.57872e-7 -1 0 -0.2587844 -0.9659352 0 -0.258785 -0.965935 0 -0.4999283 -0.8660668 0 -0.4999282 -0.866067 2.22286e-7 -0.7071091 -0.7071045 0 -0.7071083 -0.7071053 0 -0.8660658 -0.4999303 0 -0.8661344 -0.4998112 0 -0.9659358 -0.2587817 0 -0.9659359 -0.2587816 0 -1 -6.74541e-7 0 -1 -1.76529e-6 0 -0.9659352 0.2587845 0 -0.9659353 0.2587841 0 -0.8660641 0.499933 0 -0.8661323 0.499815 0 -0.7071093 0.7071043 0 -0.7071081 0.7071056 0 -0.4999361 0.8660624 0 -0.4999352 0.8660629 0 -0.2587839 0.9659352 0 -0.2587836 0.9659354 0 0.9659231 -0.2588295 -1.68085e-5 0.9659227 -0.2588307 4.09782e-6 0.9659301 -0.2588036 -8.86619e-6 0.9659297 -0.2588048 3.22238e-5 -0.8660199 -0.5000097 0 -0.8660194 -0.5000106 0 -0.8660191 -0.5000109 0 -0.8660186 -0.5000118 0 -0.8660199 0.5000097 0 -0.8660194 0.5000106 0 -0.8660191 0.5000109 0 -0.8660187 0.5000118 0 0 1 0 0.8660199 0.5000097 0 0.8660194 0.5000106 0 0.8660191 0.5000109 0 0.8660186 0.5000118 0 0.8660199 -0.5000097 0 0.8660194 -0.5000106 0 0.8660191 -0.5000109 0 0.8660187 -0.5000118 0 0 -1 0 6.48455e-7 -1 -3.00705e-5 0.2588194 -0.9659258 1.05631e-5 0.2079087 -0.9781482 -3.38294e-5 0.5000028 -0.8660239 1.62181e-5 0.4067426 -0.9135428 -3.6696e-5 0.2586106 -0.9659818 -8.09921e-6 0.707109 -0.7071047 -1.62721e-5 0.5877787 -0.8090218 -1.01421e-6 0.4999994 -0.8660259 1.33408e-6 0.8660246 -0.5000015 -2.8301e-5 0.7431418 -0.6691341 -7.17118e-7 0.7072589 -0.7069547 0 0.965925 -0.2588223 -1.90791e-5 0.9510535 -0.3090263 -1.33831e-5 0.8660266 -0.499998 -1.67079e-5 1 8.68466e-7 -2.86549e-5 0.9945219 -0.1045292 4.59701e-6 0.965875 -0.2590089 -2.29853e-5 0.9659253 0.2588212 -1.92449e-5 0.9945216 0.1045313 4.30178e-6 1 -4.05896e-6 4.35859e-7 0.8660242 0.5000021 -2.83076e-5 0.9510545 0.3090233 -3.67886e-5 0.9658673 0.2590377 -4.72755e-6 0.7071082 0.7071055 -1.64565e-5 0.7431491 0.669126 -2.35587e-5 0.8660264 0.4999982 -1.50539e-5 0.5000026 0.866024 1.61584e-5 0.5877856 0.8090169 -3.84022e-5 0.7072464 0.7069672 -2.83239e-5 0.2588191 0.9659258 1.05891e-5 0.4067389 0.9135446 -3.88315e-5 0.5000002 0.8660253 2.93475e-6 -6.48455e-7 1 -3.00705e-5 0.2079073 0.9781485 -6.59889e-6 0.2586358 0.9659749 -1.91075e-5 -0.2588194 0.9659258 1.05631e-5 -0.2079087 0.9781482 -3.38294e-5 4.3604e-6 1 -2.48849e-6 -0.5000028 0.8660239 1.62181e-5 -0.4067426 0.9135428 -3.6696e-5 -0.2586106 0.9659818 -8.09921e-6 -0.707109 0.7071047 -1.62721e-5 -0.5877787 0.8090218 -1.01421e-6 -0.4999994 0.8660259 1.33408e-6 -0.8660246 0.5000015 -2.8301e-5 -0.7431418 0.6691341 -7.17118e-7 -0.7072589 0.7069547 0 -0.965925 0.2588223 -1.90791e-5 -0.9510535 0.3090263 -1.33831e-5 -0.8660266 0.499998 -1.67079e-5 -1 -8.68466e-7 -2.86549e-5 -0.9945217 0.1045299 -2.65613e-6 -0.965875 0.2590089 -2.29853e-5 -0.9659253 -0.2588212 -1.92449e-5 -0.9945216 -0.1045313 4.15556e-6 -1 4.05606e-6 -2.87928e-5 -0.8660242 -0.5000021 -2.83076e-5 -0.9510545 -0.3090233 -3.67886e-5 -0.9658673 -0.2590377 -4.72755e-6 -0.7071082 -0.7071055 -1.64565e-5 -0.7431491 -0.669126 -2.35587e-5 -0.8660264 -0.4999982 -1.50539e-5 -0.5000026 -0.866024 1.61584e-5 -0.5877837 -0.8090181 -3.75304e-5 -0.7072464 -0.7069672 -2.83239e-5 -0.2588191 -0.9659258 1.05891e-5 -0.4067381 -0.913545 -3.89405e-5 -0.5000061 -0.8660219 -1.28085e-5 -4.3604e-6 -1 -2.48849e-6 -0.2079068 -0.9781486 -6.55465e-6 -0.2586358 -0.9659749 -1.91075e-5 0 0 -1 -5.78319e-7 0 -1 -4.1766e-6 0 -1 -3.34129e-7 0 -1 1.70578e-6 0 -1 5.86028e-7 0 -1 7.67349e-6 0 -1 7.10784e-7 0 -1 2.19137e-6 0 -1 5.78304e-7 0 -1 4.1766e-6 0 -1 -0.9659272 -0.258814 1.03339e-5 -0.9659268 -0.2588153 -1.76281e-5 -0.965922 -0.2588335 1.0103e-5 -0.9659225 -0.2588313 -1.8768e-5 -0.9659248 0.2588232 1.16453e-5 -0.9659194 0.2588431 -2.6647e-5 -0.9659269 0.2588152 1.19209e-6 -0.9659272 0.2588143 -1.27107e-5 0.9659284 -0.2588098 -1.36867e-5 0.965926 -0.2588185 -3.6839e-5 0.9659286 -0.2588087 8.3521e-6 0.9659267 -0.2588162 7.09761e-6 0.9659259 -0.2588192 -1.62562e-6 0.9659308 -0.258801 -2.16439e-5 0.9659332 -0.2587919 3.51779e-5 0.9659263 -0.2588174 -1.78367e-5 0.965927 -0.2588149 -2.71415e-5 0.9659262 0.2588177 5.22282e-6 0.9659314 0.2587987 -3.53344e-5 0.9659277 0.2588124 4.90248e-6 0.9659302 0.2588029 -2.61217e-5 -4.68663e-6 0 -1 7.52634e-7 0 -1 9.19201e-7 0 -1 -1.39779e-6 0 -1 2.0841e-6 0 -1 3.75114e-6 0 -1 4.68663e-6 0 -1 -7.52634e-7 0 -1 -9.19201e-7 0 -1 1.39779e-6 0 -1 -2.0841e-6 0 -1 -3.75114e-6 0 -1 -1.65869e-5 0 -1 -2.67537e-6 0 -1 -3.43323e-7 0 -1 -2.24283e-6 0 -1 -1.30385e-5 0 -1 3.43323e-7 0 -1 2.24283e-6 0 -1 1.30385e-5 0 -1 1.65869e-5 0 -1 2.67537e-6 0 -1 -1.96143e-7 -1 0 1.62655e-7 -1 0 0.2587817 -0.9659359 0 0.2587823 -0.9659358 0 0.4998131 -0.8661333 0 0.499813 -0.8661334 0 0.7071068 -0.7071067 0 0.7071067 -0.7071068 0 0.8663167 -0.4994953 0 0.8660647 -0.4999321 0 0.965936 -0.2587815 0 0.9659357 -0.2587822 0 1 5.4059e-7 0 1 -5.07102e-7 0 0.9659359 0.2587818 0 0.8660649 0.4999316 0 0.8661332 0.4998133 -1.75735e-7 0.7071071 0.7071065 0 0.7071065 0.7071071 0 0.4999325 0.8660644 0 0.4999316 0.8660649 0 0.2587821 0.9659357 0 0.2587819 0.9659358 0 1.96143e-7 1 0 -1.62655e-7 1 0 -0.2587817 0.9659359 0 -0.2587823 0.9659358 0 -0.4998131 0.8661333 0 -0.499813 0.8661334 0 -0.7071068 0.7071067 0 -0.7071067 0.7071068 0 -0.8663167 0.4994953 0 -0.8660647 0.4999321 0 -0.965936 0.2587815 0 -0.9659357 0.2587822 0 -1 -5.4059e-7 0 -1 5.07102e-7 0 -0.9659359 -0.2587818 0 -0.8660649 -0.4999316 0 -0.8661332 -0.4998133 -1.75735e-7 -0.7071071 -0.7071065 0 -0.7071065 -0.7071071 0 -0.4999325 -0.8660644 0 -0.4999316 -0.8660649 0 -0.2587821 -0.9659357 0 -0.2587819 -0.9659358 0 -1 6.48946e-6 -8.49366e-7 -1 2.28379e-5 -3.59789e-5 -1 -1.20886e-5 4.08441e-5 -1 -1.08331e-5 -3.279e-5 1 1.19023e-5 1.92747e-5 1 1.66707e-6 -9.43243e-6 1 -7.07059e-6 2.16588e-5 1 -7.17491e-6 -2.13757e-5 -0.7071115 -0.7071022 2.48849e-6 -0.7071124 -0.7071012 6.1132e-6 -0.7071042 -0.7071093 -2.37674e-6 -0.7070931 -0.7071205 -3.07188e-5 0.9659307 -0.2588011 -1.9759e-5 0.9659285 -0.258809 8.08761e-6 0.9659231 -0.2588296 -1.00508e-5 0.9659268 -0.2588157 4.03821e-6 -0.7071089 0.7071048 8.02427e-6 -0.7071053 0.7071083 1.30758e-6 -0.7071105 0.707103 -5.37559e-6 -0.7071222 0.7070914 -3.56548e-5 0.9659251 0.2588219 9.25354e-6 0.9659301 0.2588034 -1.093e-5 0.9659172 0.2588517 2.61441e-5 0.9659242 0.2588257 -2.62623e-6 0.258822 -0.9659251 1.02297e-5 0.2588094 -0.9659285 -1.43498e-5 0.2588186 -0.9659259 -1.65403e-6 0.2588216 -0.9659252 9.16421e-7 0.2588358 0.9659214 2.31788e-5 0.2588284 0.9659234 -1.45622e-5 0.2588192 0.9659258 9.98378e-7 0.258817 0.9659265 -1.94609e-5 0.9914446 0.1305283 -3.24436e-5 0.9914715 0.1303241 3.48911e-5 0.991444 -0.1305335 1.19209e-6 0.9914833 -0.130234 1.3344e-5 -0.9914437 -0.1305355 1.2815e-6 -0.9914113 -0.1307814 1.09598e-5 -0.9914441 0.1305331 -2.75523e-5 -0.9914445 0.130529 2.76789e-5 -0.8191506 0.5735786 3.63626e-5 -0.8191508 0.5735783 -2.04071e-5 -0.8660266 0.4999979 4.07323e-5 -0.8659866 0.5000674 7.79331e-6 -0.9063091 0.4226156 -2.563e-6 -0.9065436 0.4221122 -2.43448e-5 0.9961943 -0.08716022 1.66669e-5 0.9961729 -0.0874058 -1.2897e-5 1 3.12639e-6 3.99947e-5 1 0 -2.60025e-6 0.9961948 0.08715516 9.6336e-6 0.9961769 0.08736002 7.45058e-7 0.05233854 0.9986294 -4.78327e-6 0.05232232 0.9986303 -3.59267e-5 2.04382e-4 1 2.36258e-5 2.0957e-4 1 -1.09076e-5 -0.156426 0.9876897 1.02371e-5 -0.1561225 0.9877378 -2.22772e-5 -0.258812 0.9659277 3.36543e-5 -0.258253 0.9660774 6.77258e-6 -0.3583695 0.9335798 3.3617e-5 -0.3583682 0.9335803 -3.07858e-5 -0.5001863 0.8659178 1.9148e-6 -0.5001833 0.8659196 -4.64171e-6 -0.5446429 0.8386681 3.08603e-5 -0.5451316 0.8383506 2.02656e-6 0.453983 0.8910105 2.29748e-5 0.4539915 0.8910061 -1.4592e-5 0.6293168 0.777149 3.37092e-5 0.6293151 0.7771502 5.65126e-6 0.7771493 0.6293165 2.68463e-5 0.7771483 0.6293177 -1.46814e-5 0.8910044 0.4539949 2.129e-5 0.8910064 0.4539909 -1.80528e-5 -0.8191506 -0.5735787 -3.37735e-5 -0.8186762 -0.5742555 1.63913e-7 -0.8660233 -0.5000039 -3.8743e-7 -0.8660336 -0.4999858 3.70294e-5 -0.9063089 -0.4226159 3.94881e-7 -0.9064774 -0.4222545 4.17605e-5 0.05234336 -0.9986292 2.73371e-5 0.05233913 -0.9986294 7.26804e-6 -0.1564227 -0.9876903 1.07819e-5 -0.156424 -0.9876901 -3.64669e-5 -0.3583681 -0.9335804 -2.1141e-7 -0.3583708 -0.9335793 -4.01884e-5 -0.5446406 -0.8386697 1.26343e-5 -0.5446438 -0.8386676 -3.57516e-5 0.4539945 -0.8910045 1.93417e-5 0.4547915 -0.8905979 -6.83218e-6 0.4998121 -0.8661339 3.35276e-6 0.4998156 -0.8661319 -2.07351e-5 0.6293187 -0.7771474 -4.26918e-6 0.6290714 -0.7773476 -2.13459e-5 0.7071112 -0.7071024 5.32716e-6 0.7071101 -0.7071036 -1.46925e-5 0.7771509 -0.6293144 2.07275e-5 0.7774457 -0.6289502 -3.26931e-5 0.866125 -0.4998276 1.74418e-5 0.8661378 -0.4998053 -7.59214e-6 0.8910068 -0.4539901 1.49906e-5 0.8906701 -0.4546502 -3.65898e-5 0.9961947 -0.08715605 2.17408e-5 0.9961766 -0.08736336 -2.21953e-5 1 3.12818e-6 4.17978e-6 1 0 -3.59118e-6 0.9961947 0.08715617 1.17272e-5 0.996195 0.08715242 -3.53157e-5 -0.5844838 0.8114053 -1.66595e-5 -0.5844648 0.8114191 1.59293e-5 -0.4611375 0.8873288 -6.37025e-6 -0.4604356 0.8876931 3.47421e-5 -0.4287297 0.9034328 -1.20327e-5 -0.4287458 0.9034253 9.46224e-7 -0.3281025 0.9446422 -1.87978e-5 -0.328016 0.9446722 1.68979e-5 -0.2588214 0.9659252 -2.71499e-5 -0.2586929 0.9659596 2.75522e-5 -0.1881827 0.9821341 -1.16676e-5 -0.1883961 0.9820932 4.06057e-5 -0.08042877 0.9967604 -3.47197e-5 -0.08042234 0.996761 3.13222e-5 -0.0443108 0.9990179 -5.73695e-6 -0.0438233 0.9990394 -3.31551e-6 0.1004765 0.9949395 -3.91156e-6 0.1004759 0.9949396 2.13161e-5 0.9659293 0.2588065 -1.40817e-5 0.9659331 0.2587922 2.23145e-5 0.9659175 0.2588502 -2.03922e-5 0.9659249 0.2588227 9.65223e-6 -0.1735772 -0.9848203 -2.37599e-5 -0.1735648 -0.9848225 1.17421e-5 -0.1735551 -0.9848242 -4.23193e-6 -0.173565 -0.9848224 6.29577e-6 -0.9659277 -0.2588123 -9.90927e-6 -0.9659301 -0.2588037 2.8193e-5 -0.9659165 -0.2588544 -2.63155e-5 -0.9659225 -0.2588317 2.98767e-5 -0.1735336 0.9848279 -2.69488e-5 -0.1735473 0.9848256 1.64136e-5 -0.1735711 0.9848214 -1.07363e-5 -0.1735741 0.9848209 1.23009e-5 0.1004615 -0.9949411 -1.85482e-5 0.1004436 -0.9949427 1.5229e-5 -0.0443136 -0.9990178 -3.04729e-6 -0.04383903 -0.9990386 3.41758e-5 -0.08042055 -0.9967611 -3.62545e-5 -0.08042699 -0.9967605 2.08914e-5 -0.1881802 -0.9821346 -1.71065e-5 -0.1882669 -0.9821179 1.40071e-5 -0.2588158 -0.9659268 -4.00618e-5 -0.2586902 -0.9659603 4.16934e-5 -0.3281013 -0.9446426 -9.6038e-6 -0.3280752 -0.9446516 2.29105e-5 -0.4287355 -0.9034301 -6.10203e-6 -0.4287381 -0.9034289 1.43572e-5 -0.4611353 -0.8873299 5.34952e-6 -0.4609032 -0.8874505 6.48946e-6 -0.5844767 -0.8114105 -9.31323e-7 -0.5844743 -0.8114123 5.05876e-6 -6.68035e-6 0 -1 -1.47063e-6 0 -1 -1.13776e-6 0 -1 3.51312e-6 0 -1 1.94073e-6 0 -1 1.01847e-6 0 -1 2.5762e-7 0 -1 -1.14239e-6 0 -1 -1.31484e-6 0 -1 1.13772e-6 0 -1 6.0284e-7 0 -1 2.50446e-6 0 -1 1.40517e-6 0 -1 -6.68037e-6 0 -1 -1.65761e-6 0 -1 -9.48916e-7 0 -1 -3.33924e-6 0 -1 9.25559e-7 0 -1 -2.81033e-6 0 -1 5.68591e-7 0 -1 9.50774e-7 0 -1 -1.40515e-6 0 -1 -2.57612e-7 0 -1 1.31483e-6 0 -1 3.68141e-6 0 -1 2.41078e-6 0 -1 6.68037e-6 0 -1 0.2079091 0.9781482 -3.76897e-5 0.2588196 0.9659257 8.21426e-6 -6.48461e-7 1 -3.00668e-5 0.2586085 0.9659823 -1.01282e-5 0.4067339 0.9135468 -2.14782e-5 0.5000026 0.866024 1.60225e-5 0.5000044 0.866023 8.06226e-6 0.5877852 0.8090171 -2.41185e-5 0.7071082 0.7071055 -1.51303e-5 0.7072502 0.7069634 -2.79551e-5 0.7431415 0.6691344 6.40703e-6 0.8660245 0.5000018 -2.68072e-5 0.86603 0.4999923 2.06381e-6 0.9510563 0.3090178 -2.01054e-5 0.9659252 0.2588213 -1.81887e-5 0.9658717 0.2590214 -1.99298e-5 0.9945215 0.1045325 -1.47074e-5 1 6.13534e-7 -2.78987e-5 1 -4.78217e-6 3.34904e-6 0.994522 -0.1045281 -5.18281e-6 0.9659253 -0.2588214 -1.99061e-5 0.965873 -0.2590164 -2.10772e-5 0.9510559 -0.3090191 -3.29874e-5 0.8660246 -0.5000014 -2.88086e-5 0.8660236 -0.5000032 -2.27764e-5 0.7431437 -0.6691319 4.43682e-6 0.707108 -0.7071056 -1.56276e-5 0.7072528 -0.7069608 -1.02046e-5 0.5877829 -0.8090188 -4.35915e-5 0.5000028 -0.8660238 1.44783e-5 0.4999993 -0.8660259 -2.16305e-5 0.406736 -0.9135459 -2.74209e-5 0.2588146 -0.9659271 -3.6519e-5 0.2586168 -0.9659801 -2.13929e-5 0.2079037 -0.9781493 -1.82916e-5 6.49628e-7 -1 -2.53143e-5 -3.68814e-6 -1 -1.3791e-5 -0.2079051 -0.978149 -4.71249e-6 -0.2588198 -0.9659256 1.23139e-5 -0.2586297 -0.9659766 -3.30234e-5 -0.4067407 -0.9135437 -2.84519e-5 -0.500003 -0.8660237 1.50073e-5 -0.500004 -0.8660232 -2.97678e-5 -0.5877771 -0.8090231 -1.35861e-5 -0.7071081 -0.7071055 -1.56034e-5 -0.7072446 -0.7069689 -2.83784e-5 -0.7431475 -0.6691277 -4.04706e-5 -0.8660243 -0.500002 -2.93208e-5 -0.8660239 -0.5000027 -4.2446e-5 -0.9510564 -0.3090177 -1.81235e-5 -0.9659252 -0.2588214 -1.99843e-5 -0.9658717 -0.2590214 -1.81529e-5 -0.9945216 -0.1045317 -1.27144e-5 -1 -6.13858e-7 -2.80179e-5 -1 -1.43291e-5 3.34531e-6 -0.9945219 0.104529 -2.89269e-6 -0.9659253 0.2588214 -1.85967e-5 -0.9658729 0.2590164 -2.73916e-5 -0.9510558 0.3090192 -3.38401e-5 -0.8660246 0.5000016 -2.71406e-5 -0.8660216 0.5000066 -3.01078e-5 -0.7431434 0.6691322 -3.96594e-5 -0.7071085 0.7071051 -1.58232e-5 -0.7072656 0.7069479 -4.65427e-6 -0.58778 0.8090208 -9.00216e-6 -0.5000025 0.866024 1.46944e-5 -0.4999995 0.8660257 -3.25819e-5 -0.4067407 0.9135437 -2.80552e-5 -0.2588195 0.9659257 8.18446e-6 -0.2586169 0.9659801 -1.3797e-5 -0.2079038 0.9781493 -1.72602e-5 3.5356e-6 1 -2.5928e-6 -0.8660193 0.5000107 0 -0.8660189 0.5000113 0 -0.8660191 0.5000112 0 -0.8660186 0.5000118 0 -0.8660193 -0.5000108 0 -0.8660189 -0.5000113 0 -0.866019 -0.5000112 0 -0.8660187 -0.5000118 0 0.8660193 -0.5000107 0 0.8660189 -0.5000113 0 0.8660191 -0.5000112 0 0.8660186 -0.5000118 0 0.8660193 0.5000108 0 0.8660189 0.5000113 0 0.866019 0.5000112 0 0.8660187 0.5000118 0 7.20284e-7 0 -1 2.25388e-7 0 -1 9.81019e-7 0 -1 9.36515e-7 0 -1 1.63185e-6 0 -1 0 0 -1 2.91159e-6 0 -1 -2.61204e-6 0 -1 1.81677e-7 0 -1 3.36431e-6 0 -1 7.84787e-6 0 -1 -1.63505e-6 0 -1 -9.36509e-7 0 -1 -1.61509e-7 0 -1 -1.63182e-6 0 -1 -1.98437e-7 0 -1 -4.03264e-6 0 -1 4.61003e-6 0 -1 1.68299e-5 0 -1 -7.84787e-6 0 -1 3.74708e-6 0 -1 1.85573e-6 0 -1 -3.74703e-6 0 -1 -2.25959e-6 0 -1 1.82535e-6 0 -1 9.93162e-6 -6.72787e-6 -1 2.68221e-6 -5.97537e-6 -1 1.57002e-5 -1.47298e-5 -1 9.05246e-6 -1.87233e-5 -1 -3.66166e-5 0 -1 1.12839e-5 -5.4501e-6 -1 5.82263e-6 -1.51992e-6 -1 0.7070845 -0.7071291 0 0.7070884 -0.7071253 -1.36465e-6 0.5320188 -0.8467326 0 0.6625362 -0.74903 -4.19095e-7 0.6305398 -0.7761571 -1.00162e-5 0.5320427 -0.8467175 0 0.3302686 -0.9438871 0 0.3300946 -0.943948 -1.18159e-5 0.1499619 -0.9886918 0 0.1118799 -0.9937218 -1.18611e-5 -0.3303103 -0.9438724 4.74749e-7 -0.1118494 -0.9937252 0 -0.1118984 -0.9937196 0 0.1119489 -0.993714 0 -0.4016251 -0.9158042 8.73362e-7 -0.5319767 -0.8467591 1.77912e-5 -0.3300867 -0.9439507 0 -0.7071027 -0.707111 0 -0.7071114 -0.7071022 1.98049e-6 -0.662528 -0.7490372 -7.0421e-7 -0.532018 -0.8467332 0 0.7071169 0.7070967 0 0.7071083 0.7071053 -4.10713e-7 0.8659193 0.5001838 -3.92827e-7 0.7490562 0.6625065 -2.32906e-6 0.7761101 0.6305974 5.91038e-6 0.8660181 0.5000128 0 0.9659246 0.2588238 0 0.9886269 0.1503893 1.07483e-6 1 -1.91834e-6 0 0.9658944 0.2589363 0 1 -1.7561e-5 0 0.9659653 -0.2586719 0 0.9658945 -0.2589362 -1.88805e-6 0.9156557 -0.4019635 0 0.8660258 -0.4999994 9.44201e-7 0.7071128 -0.7071009 0 0.7071302 -0.7070834 5.56033e-6 0.7490597 -0.6625025 -9.91955e-7 0.8660197 -0.5000101 0 -0.7070853 0.7071284 0 -0.7070925 0.7071211 3.0169e-7 -0.5322131 0.8466104 -6.83854e-7 -0.6625209 0.7490435 -7.09086e-7 -0.6305705 0.7761321 -9.03134e-6 -0.5320292 0.8467261 -6.99103e-6 -0.3302419 0.9438964 0 -0.3302432 0.943896 1.13638e-5 -0.1499701 0.9886906 0 -0.1121473 0.9936916 4.0326e-6 0.3302567 0.9438912 -2.26457e-7 0.112139 0.9936926 0 0.1121389 0.9936926 0 -0.1119703 0.9937116 0 0.4016401 0.9157976 1.24129e-6 0.532152 0.8466489 -1.19565e-4 0.3302509 0.9438932 0 0.7070975 0.7071161 0 0.7070851 0.7071285 -2.47893e-6 0.6625407 0.749026 -7.6849e-7 0.5320469 0.8467149 0 -0.7071166 -0.707097 0 -0.7071032 -0.7071104 7.49016e-7 -0.865747 -0.5004819 -9.29912e-7 -0.7490453 -0.6625188 -1.81561e-6 -0.7760892 -0.6306233 7.43605e-6 -0.8660221 -0.500006 0 -0.9659249 -0.2588229 0 -0.9886265 -0.1503916 1.07481e-6 -1 0 0 -0.9659855 -0.2585963 5.77379e-7 -1 -3.5631e-5 0 -0.9659663 0.2586684 0 -0.9658944 0.2589367 -1.92738e-6 -0.9156566 0.4019618 0 -0.8659573 0.500118 -4.27767e-5 -0.7071232 0.7070904 0 -0.7071251 0.7070886 -1.90687e-6 -0.7490519 0.6625114 -1.09678e-6 -0.8660215 0.5000068 0 0.9416974 0.2523643 0.2225271 0.9330632 0.2500395 0.2585994 0.9330118 0.2500046 0.258818 0.8702633 0.2332126 0.4338824 0.8365975 0.2241954 0.4998412 0.8365249 0.2241201 0.4999964 0.7551893 0.2023494 0.6234933 0.6830157 0.1829779 0.7071129 0.6830034 0.1830372 0.7071095 0.6022272 0.1614013 0.7818388 0.4829651 0.1293867 0.8660276 0.4828046 0.1293768 0.8661186 0.4191021 0.1122935 0.9009681 0.2499988 0.06697201 0.9659272 0.2497622 0.06691932 0.965992 0.214922 0.05760794 0.9749308 -0.5698001 0.7910845 0.2225158 -0.3733292 0.927699 2.09454e-5 -0.363968 0.9044315 0.2225559 -0.1404735 0.9900845 -6.01634e-7 -0.1369585 0.9652561 0.2225377 0.1005403 0.994933 1.74902e-6 0.09801751 0.9699867 0.2225273 0.3357192 0.9419621 3.36058e-5 0.3273006 0.9183393 0.2225475 0.5513941 0.8342449 5.6345e-6 0.5375642 0.8133317 0.2225233 0.7350072 0.6780595 3.778e-5 0.7165501 0.6610698 0.2225823 0.8759208 0.4824551 4.53927e-6 0.8539479 0.4703665 0.2225499 -0.5062122 0.7027956 0.4998277 -0.5265842 0.7310602 0.4338895 -0.3363513 0.8358205 0.4339032 -0.5646107 0.7838075 0.2585743 0.7891761 0.4346791 0.4338838 0.6622135 0.6109063 0.4338973 0.49678 0.7516239 0.4339023 0.3024692 0.8486611 0.4339203 0.09058612 0.8963962 0.4338988 -0.1265689 0.8920314 0.4338898 -0.2918751 0.7252912 0.6235076 -0.4569439 0.6344053 0.623484 -0.10983 0.7740616 0.6235113 0.07860451 0.7778568 0.6235066 0.262476 0.736452 0.6234942 0.4310905 0.6522405 0.6234928 0.5746685 0.5301288 0.6234738 0.6848009 0.3771893 0.623519 -0.292146 0.4055504 0.8661292 -0.3644149 0.5059099 0.7818294 -0.2327575 0.5783818 0.7818558 -0.4132892 0.5737407 0.7071164 0.5461096 0.3007975 0.7818474 0.4582633 0.4227533 0.7818406 0.3437871 0.520159 0.7818216 0.2093129 0.5872852 0.7818467 0.06268531 0.6202974 0.7818578 -0.08759009 0.6173124 0.781827 -0.1511282 0.2098119 0.9659914 -0.2535832 0.3520678 0.9009684 -0.1619737 0.4024927 0.9009796 -0.06095075 0.4295825 0.9009683 0.04361778 0.4316529 0.9009847 0.1456562 0.4086909 0.9009751 0.2392353 0.3619621 0.9009717 0.3189167 0.294207 0.9009631 0.3800423 0.2093267 0.9009718 -0.1300447 0.1805517 0.9749306 -0.08306813 0.2064265 0.9749297 -0.03125691 0.2202829 0.9749351 0.02236837 0.2213814 0.9749308 0.07469487 0.2095969 0.9749307 0.1226951 0.1856327 0.974929 0.1635538 0.150874 0.9749293 0.1948877 0.1073477 0.9749335 0.2587801 0.002830803 0.9659322 0.4999528 0.00545895 0.8660355 0.7070527 0.007720351 0.7071189 0.8659696 0.009459972 0.5000074 0.9658665 0.01055145 0.2588255 0.9999405 0.01091265 -8.86619e-7 0.9713469 -0.2376663 3.01003e-6 0.9382438 -0.229566 0.2588398 0.8819366 -0.4713683 2.52053e-5 0.8518635 -0.4552991 0.2589042 0.7373062 -0.6755588 -2.55182e-6 0.7121797 -0.6525372 0.2588346 0.5465092 -0.8374533 2.53059e-5 0.5279014 -0.8088921 0.2588702 0.3214982 -0.9469102 0 0.3105393 -0.9146281 0.2588842 0.07635951 -0.9970804 2.52165e-5 0.07377398 -0.9631112 0.258794 -0.1676376 -0.9512892 0.2587404 0.8412219 -0.2058219 0.4999831 0.7637804 -0.4082202 0.4999958 0.6385155 -0.5850339 0.5000334 0.4732933 -0.7252337 0.5000296 0.2784246 -0.8200367 0.5000196 0.06613028 -0.8635081 0.4999806 -0.1503076 -0.8530952 0.4996361 0.686832 -0.1680446 0.7071231 0.6236029 -0.3332993 0.7071287 0.5213683 -0.4776976 0.7070927 0.3864416 -0.5921706 0.7071046 0.2273389 -0.6695575 0.7071138 0.05399942 -0.7050372 0.7071115 -0.1227151 -0.6960322 0.7074463 0.4856603 -0.1188273 0.8660337 0.4409788 -0.2356854 0.8660197 0.3686394 -0.3377698 0.866035 0.2732489 -0.4187013 0.8660395 0.1607453 -0.4734366 0.8660362 0.03817981 -0.4985418 0.8660246 -0.08675813 -0.4924116 0.8660276 0.2514076 -0.06151175 0.9659248 0.228286 -0.1220133 0.9659184 0.1908125 -0.1748333 0.9659317 0.1414404 -0.216736 0.9659298 0.0831992 -0.2450498 0.965934 0.01975905 -0.2580311 0.9659346 -0.0449419 -0.2548916 0.9659247 -0.181771 0.948672 0.2588065 -0.316919 0.912457 0.2588142 -0.1193561 0.2296959 0.9659162 -0.2305721 0.4436796 0.8660167 -0.3260658 0.6274493 0.7070987 -0.3993567 0.7684439 0.5000084 -0.4453895 0.8571308 0.2587568 -0.08492273 0.2444996 0.9659235 -0.1640423 0.4722989 0.8660392 -0.2319988 0.6679573 0.7071136 -0.2841526 0.8181176 0.499941 -0.1629713 0.8505593 0.4999894 -0.1330612 0.6944774 0.7071039 -0.09409403 0.4910926 0.8660107 -0.04870599 0.2542345 0.9659155 -0.04279637 0.9650188 0.2586645 -0.03836965 0.8651765 0.4999976 -0.03132975 0.706403 0.7071162 -0.02216094 0.4995235 0.8660169 -0.01146996 0.2585514 0.9659295 0.02602708 0.2575105 0.965925 0.05020475 0.4974733 0.8660254 0.07100909 0.7035306 0.7071086 0.0869981 0.8616435 0.500002 0.09702771 0.9610418 0.2588132 0.8759202 0.482456 -1.2137e-5 0.7350069 0.6780598 2.33203e-6 0.5513899 0.8342477 -2.56002e-5 0.3357206 0.9419617 -1.82539e-5 0.1005422 0.9949329 -3.43025e-5 -0.1404782 0.9900838 -2.49669e-5 -0.3733326 0.9276976 -4.0099e-5 0.941621 0.2523233 -0.2228965 0.941625 0.2523131 -0.2228912 0.9330243 0.2499635 -0.2588127 0.9330069 0.2500177 -0.2588232 0.8701205 0.2331199 -0.4342184 0.8701056 0.2331603 -0.4342263 0.8365233 0.2241228 -0.4999977 0.8365103 0.2241707 -0.499998 0.7550963 0.2023259 -0.6236135 0.7551014 0.2023568 -0.6235973 0.6830109 0.1829881 -0.7071149 0.6830102 0.1830032 -0.7071117 0.6023579 0.1613671 -0.7817453 0.6023437 0.161423 -0.7817446 0.4829574 0.1294208 -0.8660269 0.4829656 0.1294044 -0.8660247 0.4194223 0.112379 -0.9008086 0.4194289 0.1123893 -0.9008042 0.2500005 0.06696587 -0.9659273 0.2499921 0.06700366 -0.9659268 0.2152858 0.05768048 -0.9748462 0.215281 0.05768775 -0.9748468 0.07635647 -0.9970806 7.59959e-7 0.3214989 -0.94691 -2.68817e-5 0.5465058 -0.8374553 5.81145e-6 0.7373036 -0.6755616 -3.14936e-5 0.8819338 -0.4713735 -3.48687e-5 0.9713488 -0.2376585 2.5332e-7 0.9999404 0.01092469 -5.96046e-7 -0.04489803 -0.2549003 0.9659245 -0.0867722 -0.492414 0.866025 -0.1227504 -0.69637 0.7071077 -0.1503271 -0.8528776 0.5000016 -0.167647 -0.9512662 0.258819 -0.9330191 -0.2499717 0.2588237 -0.9330134 -0.2499921 0.258824 -0.8365145 -0.224143 0.5000035 -0.8365125 -0.2241593 0.4999997 -0.6830129 -0.1829845 0.707114 -0.683012 -0.1830009 0.7071106 -0.4829633 -0.1293913 0.866028 -0.4829621 -0.1294118 0.8660255 -0.2499966 -0.06698125 0.9659271 -0.2500066 -0.06698042 0.9659246 -0.258758 -0.005209743 0.9659282 -0.4998908 -0.01007127 0.8660299 -0.706958 -0.01424044 0.7071123 -0.8658415 -0.01744037 0.5000146 -0.9657146 -0.01945835 0.258876 -0.9997972 -0.02014112 1.14515e-5 -0.9755652 0.2197105 1.08015e-5 -0.9423183 0.21222 0.2588416 -0.8946352 0.4467976 4.02965e-5 -0.8641504 0.4315533 0.2588553 -0.7617194 0.6479072 2.36947e-5 -0.735772 0.6258231 0.2588149 -0.5845351 0.8113685 1.20625e-5 -0.5646311 0.7837236 0.2587842 -0.3733892 0.9276748 1.47745e-5 -0.3606562 0.8960604 0.2588493 -0.1405224 0.9900776 4.67151e-6 -0.1357496 0.9563294 0.2588559 -0.8448742 0.1902748 0.4999832 -0.7747676 0.3869249 0.5000243 -0.6596574 0.5610948 0.5000249 -0.5062167 0.7026453 0.5000344 -0.3233608 0.8033992 0.4999877 -0.1216969 0.857416 0.5000278 -0.6898174 0.1553571 0.7071182 -0.6326025 0.3159266 0.7071101 -0.5386107 0.4581328 0.7071159 -0.4133322 0.5737215 0.7071069 -0.2640178 0.6559647 0.7071102 -0.0993666 0.700063 0.7071337 -0.4877572 0.1098455 0.866041 -0.4473033 0.2233813 0.8660374 -0.3808609 0.32395 0.8660262 -0.292258 0.4056655 0.8660376 -0.1866913 0.4638417 0.8660238 -0.07027161 0.4950487 0.8660189 -0.2525058 0.0568605 0.9659233 -0.231532 0.1156308 0.9659309 -0.1971377 0.1676798 0.9659298 -0.1512921 0.2100015 0.9659245 -0.09663164 0.2400805 0.9659315 -0.03637051 0.2562512 0.9659258 -0.5645651 0.7837589 -0.2588211 -0.3606196 0.8960586 -0.2589065 -0.5061761 0.7027026 -0.4999949 -0.3233184 0.8034061 -0.5000039 -0.4132969 0.5737435 -0.7071097 -0.2922303 0.4057174 -0.8660225 -0.1866711 0.4638506 -0.8660234 -0.1512553 0.2100133 -0.9659277 -0.09661859 0.24008 -0.965933 -0.0363574 0.2562259 -0.965933 0.02601683 0.2574816 -0.9659329 0.08688193 0.2437767 -0.9659319 0.1427026 0.2159105 -0.9659289 0.190248 0.1754975 -0.9659225 0.2266943 0.1248663 -0.9659286 0.4379495 0.2412235 -0.8660321 0.3674932 0.3390131 -0.8660364 0.2756721 0.4170938 -0.8660472 0.1678566 0.470968 -0.866033 0.05027127 0.4974787 -0.8660183 -0.07023823 0.4950302 -0.8660321 -0.2639904 0.6559784 -0.7071079 -0.09932965 0.7000928 -0.7071095 0.07109898 0.7035093 -0.7071207 0.2373828 0.6660531 -0.7071228 0.3898884 0.5898971 -0.7071128 0.5197299 0.4794599 -0.7071062 0.6193487 0.3411412 -0.7071279 0.7585628 0.4178182 -0.5000106 0.6365375 0.5872082 -0.5000066 0.4775163 0.7224748 -0.5000085 0.2907401 0.8157593 -0.500007 0.08707016 0.8616355 -0.5000031 -0.1216598 0.8574398 -0.499996 -0.135692 0.9563487 -0.2588141 0.09711867 0.9610371 -0.2587969 0.32428 0.9098623 -0.2588303 0.5325908 0.8058143 -0.2588639 0.709959 0.6549357 -0.2588772 0.8460621 0.4660257 -0.2588418 0.258786 0.002830803 -0.9659305 0.251381 -0.06150561 -0.9659321 0.2282385 -0.1219875 -0.9659329 0.1908074 -0.1748287 -0.9659336 0.141431 -0.2167197 -0.9659348 0.08320039 -0.2450528 -0.9659332 0.01976001 -0.2580617 -0.9659264 -0.0386911 -0.2195025 -0.9748445 0.4999552 0.005460262 -0.866034 -0.04492437 -0.2548896 -0.9659261 -0.07537424 -0.4276514 -0.9007958 0.03817987 -0.4985415 -0.8660246 0.1607527 -0.4734616 -0.8660213 0.2732602 -0.4187198 -0.8660269 0.3686339 -0.3377646 -0.8660393 0.4409784 -0.2356848 -0.86602 0.4856848 -0.1188329 -0.8660191 0.7070466 0.007719337 -0.7071248 0.6868649 -0.1680552 -0.7070884 0.6236203 -0.3333101 -0.7071084 0.5213567 -0.4776859 -0.7071093 0.3864417 -0.5921733 -0.7071023 0.2273402 -0.6695569 -0.707114 0.0539993 -0.7050318 -0.7071169 0.8659598 0.009459733 -0.5000242 -0.08675199 -0.4924212 -0.8660228 -0.108225 -0.6141498 -0.7817336 -0.122732 -0.6963737 -0.7071072 -0.135683 -0.7698724 -0.6236079 0.0661292 -0.8634839 -0.5000227 0.2784286 -0.8200439 -0.5000055 0.4732957 -0.725238 -0.5000209 0.6385309 -0.5850513 -0.4999933 0.7637733 -0.4082193 -0.5000075 0.8412094 -0.2058192 -0.5000055 0.9658622 0.01055121 -0.2588415 0.938253 -0.229573 -0.2588004 0.8518633 -0.4553106 -0.2588847 0.7121819 -0.652539 -0.2588239 0.5278958 -0.808906 -0.2588384 0.3105387 -0.9146347 -0.2588617 0.0737521 -0.9630956 -0.2588581 -0.1502734 -0.852539 -0.5005949 -0.1563224 -0.8871362 -0.4342266 -0.1676177 -0.9512706 -0.2588213 -0.1691517 -0.960061 -0.2228689 -0.3906611 -0.9205346 2.72393e-5 -0.3773402 -0.8891672 0.258836 -0.3383311 -0.7972047 0.4999969 -0.2762328 -0.6509054 0.7071194 -0.1953337 -0.4602785 0.8660187 -0.1010999 -0.2382262 0.9659333 -0.5877386 -0.8090509 3.90168e-5 -0.5677157 -0.7814816 0.2588155 -0.5089886 -0.7006419 0.5000317 -0.4155939 -0.5720731 0.7071168 -0.2938693 -0.4045204 0.8660278 -0.1521209 -0.2094008 0.9659247 -0.7546843 -0.6560882 2.47266e-5 -0.7289744 -0.6337149 0.2588473 -0.6535853 -0.5681935 0.4999824 -0.5336239 -0.4638987 0.7071377 -0.3773245 -0.3280239 0.8660408 -0.1953128 -0.1697942 0.9659311 -0.8829423 -0.4694816 3.7834e-5 -0.8528395 -0.4534985 0.2588516 -0.7646463 -0.4065872 0.5000029 -0.6243178 -0.3319741 0.7071213 -0.4414697 -0.2347399 0.8660264 -0.2284976 -0.1214998 0.9659331 -0.1405336 0.990076 -1.46963e-5 -0.3733928 0.9276735 -2.07163e-5 -0.5845459 0.8113607 -4.55976e-6 -0.7617256 0.6478999 -1.48267e-5 -0.8946392 0.4467893 -1.52923e-5 -0.9755662 0.2197059 -1.61193e-5 -0.9997972 -0.02013999 -2.11149e-5 -0.3169265 0.9124729 -0.2587488 0.09794211 0.9699129 -0.2228819 -0.04280328 0.9649627 -0.2588724 0.0970388 0.9610363 -0.2588295 0.09052079 0.8962434 -0.4342278 -0.03837215 0.8651632 -0.5000202 0.08699023 0.8616402 -0.500009 0.07853925 0.7777861 -0.6236026 -0.03133004 0.7064227 -0.7070965 0.07105439 0.7035271 -0.7071075 0.06263482 0.6204544 -0.7817373 -0.02216196 0.4995422 -0.866006 -0.4454248 0.8571175 -0.25874 -0.3993598 0.7684673 -0.4999698 -0.3260633 0.6274268 -0.7071198 -0.230581 0.4436814 -0.8660135 -0.1193497 0.2296604 -0.9659253 -0.2841433 0.8180913 -0.4999893 -0.2320002 0.6679618 -0.7071089 -0.1640474 0.4723131 -0.8660306 -0.08491498 0.2444767 -0.9659299 -0.1817697 0.9486689 -0.2588188 -0.1629723 0.8505624 -0.4999837 -0.1330648 0.6944972 -0.7070838 -0.09409558 0.4911025 -0.8660048 -0.04869854 0.2541964 -0.9659259 -0.01147013 0.258576 -0.9659228 0.05023592 0.4974784 -0.8660205 0.04362046 0.4320183 -0.9008094 0.02600395 0.2575089 -0.9659261 0.02239233 0.2217738 -0.9748411 -0.1563749 -0.8872963 -0.4338806 -0.1692051 -0.9601327 -0.2225198 -0.1356943 -0.7699686 -0.6234865 -0.1082336 -0.6140224 -0.7818325 -0.07533121 -0.4272897 -0.9009711 -0.03862625 -0.2191382 -0.974929 -0.882938 -0.4694898 -3.88362e-5 -0.7546851 -0.6560872 -4.02331e-7 -0.5877431 -0.8090477 -2.82377e-6 -0.3906621 -0.9205343 -2.61478e-5 -0.1370286 0.9652484 -0.2225284 -0.1266576 0.8920174 -0.4338929 -0.2149397 -0.0575909 -0.9749279 -0.2224761 -0.004479825 -0.9749279 -0.2170786 0.04889005 -0.9749291 -0.1990773 0.09941768 -0.9749279 -0.169481 0.144153 -0.974934 -0.1300759 0.1805585 -0.9749251 -0.08309847 0.2064487 -0.9749224 -0.03126215 0.2202734 -0.9749372 -0.4827975 -0.1293563 -0.8661257 -0.4191011 -0.1122862 -0.9009695 -0.4337763 -0.008739948 -0.9009783 -0.2497621 -0.0669189 -0.9659922 -0.06097227 0.4295681 -0.9009738 -0.1620098 0.4024991 -0.9009702 -0.2536194 0.3520389 -0.9009695 -0.3305009 0.2811114 -0.9009693 -0.3881579 0.1938446 -0.9009761 -0.4232867 0.09533244 -0.9009662 -0.6830129 -0.1830006 -0.7071098 -0.6022428 -0.1613703 -0.7818332 -0.6233497 -0.01255935 -0.7818425 -0.6082539 0.1369777 -0.781834 -0.5577825 0.2785602 -0.7818458 -0.4749153 0.4039465 -0.7818458 -0.3644475 0.5058633 -0.7818442 -0.2327937 0.5783843 -0.7818433 -0.08763253 0.6173132 -0.7818216 -0.8366159 -0.2241531 -0.4998292 -0.7551999 -0.2023219 -0.6234896 -0.7816587 -0.01575356 -0.6235075 -0.7627241 0.1717692 -0.6234961 -0.6994394 0.3493015 -0.6235167 -0.5955414 0.5065503 -0.623488 -0.4570084 0.6343466 -0.6234964 -0.2919177 0.7252823 -0.623498 -0.1098999 0.7740782 -0.6234782 -0.9330738 -0.2500136 -0.2585858 -0.8702701 -0.2331826 -0.4338846 -0.9007928 -0.01815104 -0.4338698 -0.8789578 0.1979495 -0.4338772 -0.806037 0.4025368 -0.4338994 -0.6862745 0.5837298 -0.4339205 -0.5266505 0.731024 -0.43387 -0.3364073 0.8358059 -0.4338879 -0.9417129 -0.2523157 -0.2225168 -0.974702 -0.01964461 -0.2226439 -0.951103 0.2141824 -0.2225509 -0.872208 0.4355815 -0.2225359 -0.7426656 0.6315973 -0.2225595 -0.5698795 0.7910193 -0.222544 -0.3640023 0.9044144 -0.2225691 -0.3808932 -0.8974561 -0.2224702 -0.1964414 -0.1044556 -0.9749358 -0.2149193 -0.05760639 -0.9749314 -0.2497931 -0.06694054 -0.9659826 -0.3831083 -0.2037092 -0.9009611 -0.4190909 -0.1123267 -0.9009693 -0.4827876 -0.1293534 -0.8661316 -0.5504788 -0.2927092 -0.7818533 -0.6022307 -0.1613924 -0.7818381 -0.6830048 -0.1830299 -0.7071099 -0.6903092 -0.3670602 -0.6234902 -0.0869227 -0.2048258 -0.9749312 -0.1694979 -0.3993955 -0.9009737 -0.2435776 -0.5739317 -0.7818392 -0.3054306 -0.719702 -0.6234912 -0.3519738 -0.8293666 -0.433896 -0.130789 -0.1800304 -0.9749274 -0.2550097 -0.3510305 -0.9009703 -0.3664326 -0.5044093 -0.7818558 -0.459521 -0.6325425 -0.6234826 -0.5295391 -0.7289268 -0.4338825 -0.1679419 -0.1460014 -0.9749252 -0.3274409 -0.2846522 -0.9009748 -0.4705512 -0.4090727 -0.7818191 -0.5900295 -0.5129325 -0.6235107 -0.6799353 -0.5911042 -0.433917 -0.7954999 -0.4229898 -0.4338891 -0.755189 -0.2023578 -0.623491 -0.8366175 -0.2241692 -0.4998194 -0.8702597 -0.2332165 -0.4338874 -0.9330642 -0.2500419 -0.258593 -0.5729398 -0.7887853 -0.2226159 -0.7356896 -0.6396934 -0.2226058 -0.8608062 -0.4576953 -0.2225482 -0.9416658 -0.2523386 -0.2226899 -0.1409565 0.2170667 0.9659261 -0.09275388 0.241642 0.9659224 -0.2723907 0.4192936 0.8660233 -0.1791784 0.4667872 0.8660283 -0.3851214 0.5930329 0.7071022 -0.2534081 0.6601628 0.7070852 -0.47166 0.7263181 0.4999988 -0.3103641 0.8085137 0.4999797 -0.5260772 0.8100887 0.2588418 -0.346159 0.9017701 0.2588141 -0.1830154 0.1829953 0.9659286 -0.3535614 0.3535459 0.8660253 -0.4999773 0.5000218 0.7071075 -0.6123737 0.6123679 0.5000041 -0.6830162 0.6830077 0.2588233 -0.1511034 0.9540396 0.2587977 -0.1354808 0.8553653 0.4999954 -0.1106224 0.698406 0.7071011 -0.07822579 0.4938694 0.8660103 -0.04048836 0.2556177 0.9659298 0.05055809 0.9646309 0.2587103 0.04532003 0.8648396 0.4999987 0.03700792 0.7061131 0.7071314 0.02617126 0.4993352 0.8660135 0.01354998 0.2584647 0.9659257 0.06699579 0.2499943 0.9659268 0.1293888 0.4829735 0.8660227 0.1829783 0.6830205 0.7071083 0.2241151 0.8365264 0.4999961 0.2499982 0.9330118 0.2588241 -0.6893733 0.6893837 0.2225188 -0.683065 0.6830468 0.2585912 -0.6372042 0.6371723 0.4335693 -0.6124557 0.612434 0.4998225 -0.5528534 0.552826 0.6234875 -0.4999956 0.5000023 0.7071083 -0.4408826 0.440861 0.781834 -0.3534498 0.3534309 0.8661177 -0.3067923 0.306804 0.9009716 -0.1828358 0.1828373 0.9659926 -0.1573545 0.1573426 0.9749272 0.2523413 0.9417051 0.2225206 0.2500339 0.9330645 0.2585998 0.2331996 0.8702677 0.4338803 0.2241876 0.8366003 0.49984 0.2023464 0.7551904 0.6234929 0.1830065 0.6830137 0.7071074 0.161396 0.6022405 0.7818298 0.1293846 0.4828137 0.8661124 0.1123284 0.4190994 0.9009651 0.06692415 0.249755 0.9659937 0.05757147 0.2149459 0.9749277 -0.8836042 0.4119997 0.2224862 -0.1822912 0.1276369 0.974925 -0.2149325 0.05760705 0.9749285 -0.2017061 0.09405839 0.9749194 -0.2497695 0.06692719 0.9659897 -0.3932633 0.1833857 0.9009515 -0.3554407 0.2488758 0.9009566 -0.5650752 0.2635024 0.781829 -0.4827951 0.1293588 0.8661266 -0.4190973 0.1123232 0.9009667 -0.510719 0.3576376 0.7818323 -0.7085808 0.3304205 0.6234866 -0.6830151 0.1829979 0.7071084 -0.6022441 0.1613615 0.7818341 -0.640447 0.4484438 0.6234788 -0.8165816 0.380775 0.4338262 -0.8366089 0.2241763 0.4998305 -0.7551859 0.2023837 0.6234863 -0.7380369 0.5167826 0.4338632 -0.9330663 0.2500377 0.2585899 -0.8702622 0.2332206 0.4338802 -0.9417014 0.2523545 0.2225214 -0.7986135 0.5592009 0.2225106 0.1982834 0.101028 0.9749241 0.1010271 0.1982836 0.9749243 0.196991 0.3866121 0.9009583 0.2149414 0.05758422 0.9749279 0.249767 0.0669198 0.9659909 0.3865958 0.1970186 0.9009593 0.2830656 0.5555418 0.781823 0.4191 0.1123249 0.9009653 0.4828055 0.1293847 0.866117 0.5555823 0.2829887 0.7818222 0.3549445 0.6966277 0.6234776 0.6022375 0.1614024 0.7818308 0.683013 0.1829985 0.7071102 0.6966295 0.354892 0.6235054 0.4090255 0.8027599 0.4339064 0.1400493 0.1729416 0.9749244 0.2730593 0.3372006 0.9009631 0.3923748 0.4845328 0.7818376 0.4920364 0.607618 0.6234585 0.567022 0.7002023 0.4338235 0.1729422 0.1400496 0.9749242 0.3372017 0.2730596 0.9009626 0.4845493 0.3923881 0.7818207 0.6076143 0.492035 0.6234633 0.7001873 0.567006 0.4338687 0.8027815 0.4090376 0.4338552 0.4426213 0.8686735 0.2224702 0.7551907 0.2023581 0.6234887 0.8366011 0.2241896 0.4998378 0.8702676 0.2331981 0.4338812 0.9330624 0.2500386 0.2586026 0.6135563 0.7576681 0.2224587 0.7576673 0.6135644 0.2224391 0.8686757 0.4426144 0.2224751 0.9417009 0.2523661 0.2225102 -0.933009 0.2500112 0.2588215 -0.836515 0.2241484 0.5000003 -0.6830106 0.1830065 0.7071105 -0.4829661 0.1294048 0.8660244 -0.2500062 0.06697624 0.965925 0.9330102 0.2500094 0.2588191 0.8365219 0.2241313 0.4999963 0.683008 0.1830229 0.7071086 0.482971 0.1293882 0.8660241 0.2499982 0.06698888 0.9659262 -0.2588189 1.76486e-6 0.9659259 -0.2566179 0.03378158 0.9659225 -0.500005 2.71387e-5 0.8660225 -0.4957165 0.06525892 0.8660291 -0.7071098 1.11815e-5 0.7071039 -0.7010762 0.09230631 0.7070868 -0.8660266 3.20487e-5 0.4999981 -0.8586212 0.1130397 0.4999918 -0.9659263 2.40728e-5 0.2588173 -0.9576508 0.1260744 0.2588631 0.2578388 0.02256006 0.9659246 0.4981185 0.04358088 0.8660131 0.7044168 0.06162953 0.7071059 0.8627447 0.07548081 0.4999744 0.9622773 0.08420217 0.2587131 0.2578375 -0.02256023 0.9659249 0.2500006 -0.06698852 0.9659256 0.4981496 -0.04351234 0.8659986 0.4829755 -0.1293835 0.8660224 0.7044076 -0.06162875 0.7071152 0.6830155 -0.1829906 0.7071099 0.86275 -0.07548028 0.4999652 0.8365148 -0.2241472 0.5000011 0.9622818 -0.08418661 0.2587016 0.9330194 -0.2499722 0.258822 -0.9659264 -1.8946e-5 0.258817 -0.8660261 -3.24406e-5 0.4999989 -0.7071068 7.4727e-7 0.7071068 -0.500007 -3.40441e-5 0.8660214 -0.2588278 -3.12871e-5 0.9659236 0.2499974 -0.06695961 0.9659284 0.4829686 -0.1293788 0.8660269 0.6830079 -0.1830123 0.7071116 0.8365191 -0.2241311 0.5000011 0.9330184 -0.2499806 0.2588174 -0.2152796 -0.05767232 0.974848 -0.2565934 -0.0337789 0.965929 -0.250002 -0.06698644 0.9659254 -0.419423 -0.1123746 0.9008088 -0.4957474 -0.06526297 0.8660111 -0.4829725 -0.1293959 0.8660222 -0.6023537 -0.1613799 0.7817459 -0.7010517 -0.0922985 0.7071122 -0.6830065 -0.1830188 0.7071113 -0.7551112 -0.2023138 0.6235995 -0.8586456 -0.1130804 0.4999408 -0.8365216 -0.224127 0.4999986 -0.8701102 -0.233136 0.4342303 -0.9576632 -0.1260807 0.2588145 -0.9330108 -0.2500082 0.2588182 -0.9416258 -0.2523083 0.2228935 0.9659261 -2.13832e-6 0.2588181 0.9576692 -0.1260909 0.2587871 0.8660251 8.61473e-6 0.5000008 0.8585988 -0.1130418 0.5000296 0.707104 -1.78218e-5 0.7071096 0.7010606 -0.09229999 0.7071031 0.4999982 -3.0363e-5 0.8660266 0.4957178 -0.0652588 0.8660284 0.2588077 -3.83109e-5 0.9659289 0.2566139 -0.03378063 0.9659235 -0.2152781 -0.05767917 0.974848 -0.2500013 -0.06700819 0.9659242 -0.4194302 -0.1123903 0.9008035 -0.4829638 -0.1294102 0.8660249 -0.6023606 -0.1614028 0.7817358 -0.6830052 -0.1830387 0.7071073 -0.7550966 -0.2023255 0.6236134 -0.8365201 -0.2241255 0.5000019 -0.8701074 -0.2331647 0.4342206 -0.9330137 -0.2499918 0.2588236 -0.9416212 -0.2523176 0.2229027 0.2588158 1.20036e-5 0.9659267 0.5000001 3.09395e-5 0.8660254 0.7071071 7.86157e-6 0.7071065 0.8660242 1.97434e-5 0.5000023 0.9659253 2.2093e-7 0.2588209 -0.157615 -0.157615 0.9748411 -0.212001 -0.1484447 0.9659296 -0.2345556 -0.1093729 0.9659303 -0.4095926 -0.286799 0.8660141 -0.3070373 -0.3070318 0.9008105 -0.1830151 -0.1830058 0.9659267 -0.4531646 -0.2113173 0.8660178 -0.5792475 -0.4055936 0.7070829 -0.4409576 -0.4409645 0.7817332 -0.3535681 -0.3535457 0.8660225 -0.6408718 -0.2988452 0.7070891 -0.7094129 -0.4967318 0.4999909 -0.5527908 -0.5527613 0.6236004 -0.5000196 -0.4999833 0.7071048 -0.7848763 -0.3659949 0.5000171 -0.6893413 -0.6893031 0.2228676 -0.683017 -0.6830083 0.2588198 -0.7912412 -0.5540314 0.258818 -0.6369832 -0.6369515 0.4342179 -0.6123876 -0.6123574 0.4999998 -0.8754376 -0.4082376 0.2587496 0.9330151 0.2499872 0.2588233 0.9576501 0.1260697 0.2588686 0.8365228 0.2241197 0.5 0.8586192 0.1130402 0.4999952 0.683011 0.1830053 0.7071104 0.7010431 0.09229642 0.7071209 0.482964 0.1294029 0.8660258 0.4957057 0.0652582 0.8660354 0.2499985 0.0669763 0.9659271 0.2565889 0.03377717 0.9659304 -0.6893158 -0.6893232 0.2228841 -0.6829988 -0.6830285 0.2588139 -0.6369442 -0.6369895 0.4342194 -0.6123626 -0.6123821 0.5000002 -0.5527678 -0.5527824 0.623602 -0.5000051 -0.499993 0.7071082 -0.4409337 -0.4409716 0.7817426 -0.3535385 -0.3535777 0.8660216 -0.3070489 -0.3070442 0.9008024 -0.183003 -0.1830253 0.9659253 -0.157589 -0.1575943 0.9748486 0.9330151 0.2499917 0.2588187 0.8365275 0.2241088 0.4999971 0.6830164 0.1829922 0.7071086 0.482966 0.1294064 0.8660241 0.2500065 0.06697481 0.965925 -0.1409539 -0.2170504 0.9659302 -0.2723315 -0.4193578 0.8660108 -0.3851236 -0.5930348 0.7070995 -0.471675 -0.7263169 0.4999867 0.06696981 -0.2500097 0.9659246 0.01355105 -0.2584761 0.9659226 0.129404 -0.4829643 0.8660256 0.02617108 -0.4993336 0.8660145 0.1830071 -0.6830105 0.7071104 0.03700923 -0.7061218 0.7071226 0.2241107 -0.8365287 0.499994 0.04532009 -0.8648463 0.4999871 0.249976 -0.9330192 0.2588191 0.05057007 -0.9646295 0.2587134 -0.040488 -0.2556135 0.9659309 -0.07822185 -0.4938532 0.8660198 -0.110621 -0.6984047 0.7071025 -0.1354797 -0.8553859 0.4999604 -0.1511054 -0.9540515 0.2587526 -0.09275442 -0.2416397 0.9659229 -0.1791819 -0.4667918 0.866025 -0.2534072 -0.6601644 0.7070841 -0.3103667 -0.808524 0.4999617 -0.3461637 -0.9017859 0.258753 -0.5260846 -0.8100937 0.2588115 0.9623003 0.08419328 0.2586308 0.257822 0.02255898 0.965929 0.4980961 0.04357922 0.8660262 0.7044344 0.06162995 0.7070884 0.8627524 0.07548063 0.4999608 0.9622891 -0.08420068 0.2586698 0.8627574 -0.07548075 0.4999525 0.704427 -0.06163018 0.7070958 0.4981347 -0.04358297 0.8660037 0.25785 -0.02256143 0.9659216 0.2500008 -0.06698679 0.9659258 0.4829704 -0.1293976 0.8660231 0.6830065 -0.1830198 0.707111 0.83652 -0.2241395 0.4999957 0.933017 -0.2499866 0.2588164 0.2500156 -0.9330072 0.2588242 0.2241578 -0.8365153 0.4999955 0.1830287 -0.6830081 0.7071072 0.1294124 -0.4829636 0.8660247 0.06699669 -0.2500004 0.9659251 0.933009 -0.2500144 0.2588188 0.8365101 -0.2241774 0.4999954 0.6830058 -0.1830365 0.7071074 0.4829661 -0.1294023 0.8660247 0.2499992 -0.0669828 0.9659264 0.6078988 -0.750678 0.258731 0.7506753 -0.6078987 0.2587389 0.2306333 -0.1175051 0.9659197 0.2011389 -0.1628788 0.9659263 0.445532 -0.2269775 0.8660154 0.3885853 -0.3146735 0.866015 0.6300622 -0.3210301 0.7070794 0.5495228 -0.4449939 0.7071105 0.771646 -0.3931784 0.4999735 0.6730232 -0.5450038 0.5000107 0.8606412 -0.4385141 0.258848 0.5450055 -0.6730254 0.5000059 0.444991 -0.5495192 0.7071151 0.3146645 -0.3885746 0.8660231 0.162881 -0.2011418 0.9659253 0.438519 -0.8606481 0.2588165 0.3931732 -0.7716359 0.4999929 0.3210169 -0.630034 0.7071105 0.2269986 -0.445499 0.8660267 0.117506 -0.2306215 0.9659224 -0.5730513 0.7887014 -0.2226262 -0.7243971 0.6524118 -0.2227277 -0.9695733 -0.1019125 -0.2225792 -0.9272111 -0.3012705 -0.2225214 -0.3965445 -0.8906333 -0.2225416 -0.2027028 -0.95364 -0.2224466 0.5730513 -0.7887014 -0.2226262 0.7243971 -0.6524118 -0.2227277 0.9272111 0.3012705 -0.2225214 0.2027028 0.95364 -0.2224466 9.69158e-7 0.2224935 -0.9749342 -0.04625391 0.2176338 -0.9749339 -0.09050905 0.2032785 -0.9749287 -0.1307929 0.1800104 -0.9749305 -0.1653552 0.1488953 -0.9749296 -0.1926964 0.1112525 -0.9749314 -0.2116136 0.06875538 -0.9749321 -0.2213085 0.02326095 -0.9749264 -0.2212939 -0.02325958 -0.9749298 -0.211605 -0.06875109 -0.9749342 -0.1926908 -0.1112487 -0.9749329 -0.1653472 -0.1488886 -0.9749321 -0.1307948 -0.1800123 -0.9749299 -0.09051632 -0.2032932 -0.9749251 -0.04625862 -0.2176554 -0.9749289 -9.69158e-7 -0.2224935 -0.9749342 0.04625391 -0.2176338 -0.9749339 0.09050905 -0.2032785 -0.9749287 0.1307929 -0.1800104 -0.9749305 0.1653552 -0.1488953 -0.9749296 0.1926964 -0.1112525 -0.9749314 0.2116136 -0.06875538 -0.9749321 0.2213085 -0.02326095 -0.9749264 0.2212939 0.02325958 -0.9749298 0.211605 0.06875109 -0.9749342 0.1926908 0.1112487 -0.9749329 0.1653472 0.1488886 -0.9749321 0.1307948 0.1800123 -0.9749299 0.09051632 0.2032932 -0.9749251 0.04625862 0.2176554 -0.9749289 0.09020739 0.4243879 -0.900976 5.2852e-5 0.4338669 -0.900977 0.1296318 0.6098683 -0.7818288 -5.48263e-5 0.6234887 -0.7818324 0.162549 0.764742 -0.6234963 -8.27436e-7 0.7818178 -0.623507 0.1873188 0.8812758 -0.4338947 3.35303e-5 0.9009717 -0.4338781 2.04624e-5 0.9749116 -0.2225924 0.1764696 0.3963462 -0.9009818 0.2535967 0.5695826 -0.781834 0.3180067 0.7142524 -0.6234704 0.3664599 0.8230817 -0.4338705 0.3965299 0.8906559 -0.2224775 0.573049 0.7887094 -0.2226039 0.2550326 0.3510233 -0.9009667 0.3664752 0.5044029 -0.7818399 0.4595445 0.6325134 -0.6234948 0.5295688 0.7288846 -0.4339172 0.7244743 0.6523615 -0.222624 0.3224289 0.2903087 -0.9009776 0.4633316 0.4171914 -0.781841 0.5809947 0.523137 -0.6235166 0.6695384 0.6028622 -0.4339073 0.3757628 0.2169471 -0.9009642 0.5399665 0.3117436 -0.7818262 0.6770713 0.3909066 -0.6235114 0.780254 0.4504757 -0.433907 0.8442924 0.487459 -0.2226074 0.4126662 0.1340841 -0.9009596 0.5929718 0.1926706 -0.7818329 0.7435593 0.2415973 -0.6234984 0.8568743 0.2784212 -0.4338756 0.4315087 0.04534912 -0.9009682 0.6200506 0.06516808 -0.7818506 0.7775481 0.08171939 -0.623491 0.8960157 0.09418052 -0.4339193 0.9695948 0.1019083 -0.2224873 0.9695567 -0.1019024 -0.2226561 0.4315012 -0.04534953 -0.9009718 0.6200419 -0.06516748 -0.7818576 0.7775422 -0.08171898 -0.6234985 0.8960396 -0.09418034 -0.43387 0.9272023 -0.3012763 -0.2225503 0.4126222 -0.1340714 -0.9009817 0.5929799 -0.1926733 -0.7818261 0.743561 -0.2415971 -0.6234965 0.8568749 -0.2784217 -0.4338741 0.3757368 -0.2169325 -0.9009785 0.5399711 -0.3117468 -0.7818217 0.6770709 -0.3909092 -0.6235103 0.7802695 -0.4504843 -0.4338703 0.8443058 -0.4874566 -0.2225624 0.3224433 -0.2903233 -0.9009677 0.4633338 -0.4171946 -0.7818379 0.5809941 -0.5231339 -0.6235197 0.6695474 -0.602868 -0.4338852 0.2550373 -0.3510299 -0.9009629 0.3665023 -0.5044396 -0.7818037 0.4595357 -0.632503 -0.6235117 0.529571 -0.7288876 -0.4339096 0.176472 -0.3963539 -0.900978 0.2535874 -0.569563 -0.7818513 0.3179996 -0.7142387 -0.6234897 0.366459 -0.8230775 -0.4338793 0.3965513 -0.8906454 -0.222481 0.2026955 -0.9536382 -0.2224608 0.09021085 -0.424404 -0.900968 0.129632 -0.60987 -0.7818275 0.1625453 -0.7647318 -0.6235097 0.187316 -0.8812656 -0.4339169 -2.7701e-7 -0.4338667 -0.9009771 0 -0.6234885 -0.7818326 2.84228e-7 -0.7818179 -0.623507 -1.83587e-7 -0.9009716 -0.4338782 -3.66825e-7 -0.9749225 -0.2225451 -0.09020739 -0.4243879 -0.900976 -0.1296318 -0.6098683 -0.7818288 -0.162549 -0.764742 -0.6234963 -0.1873188 -0.8812758 -0.4338947 -0.1764696 -0.3963462 -0.9009818 -0.2535967 -0.5695826 -0.781834 -0.3180067 -0.7142524 -0.6234704 -0.3664599 -0.8230817 -0.4338705 -0.2550326 -0.3510233 -0.9009667 -0.3664752 -0.5044029 -0.7818399 -0.4595445 -0.6325134 -0.6234948 -0.5295688 -0.7288846 -0.4339172 -0.5730639 -0.7886995 -0.2226005 -0.7244743 -0.6523615 -0.222624 -0.3224289 -0.2903087 -0.9009776 -0.4633316 -0.4171914 -0.781841 -0.5809947 -0.523137 -0.6235166 -0.6695384 -0.6028622 -0.4339073 -0.3757628 -0.2169471 -0.9009642 -0.5399665 -0.3117436 -0.7818262 -0.6770713 -0.3909066 -0.6235114 -0.780254 -0.4504757 -0.433907 -0.8442924 -0.487459 -0.2226074 -0.4126662 -0.1340841 -0.9009596 -0.5929718 -0.1926706 -0.7818329 -0.7435593 -0.2415973 -0.6234984 -0.8568743 -0.2784212 -0.4338756 -0.4315087 -0.04534912 -0.9009682 -0.6200506 -0.06516808 -0.7818506 -0.7775481 -0.08171939 -0.623491 -0.8960157 -0.09418052 -0.4339193 -0.4315012 0.04534953 -0.9009718 -0.6200419 0.06516748 -0.7818576 -0.7775422 0.08171898 -0.6234985 -0.8960396 0.09418034 -0.43387 -0.9695778 0.1019074 -0.2225621 -0.9272023 0.3012763 -0.2225503 -0.4126222 0.1340714 -0.9009817 -0.5929799 0.1926733 -0.7818261 -0.743561 0.2415971 -0.6234965 -0.8568749 0.2784217 -0.4338741 -0.3757368 0.2169325 -0.9009785 -0.5399711 0.3117468 -0.7818217 -0.6770709 0.3909092 -0.6235103 -0.7802695 0.4504843 -0.4338703 -0.8443058 0.4874566 -0.2225624 -0.3224433 0.2903233 -0.9009677 -0.4633338 0.4171946 -0.7818379 -0.5809941 0.5231339 -0.6235197 -0.6695474 0.602868 -0.4338852 -0.2550373 0.3510299 -0.9009629 -0.3665023 0.5044396 -0.7818037 -0.4595357 0.632503 -0.6235117 -0.529571 0.7288876 -0.4339096 -0.176472 0.3963539 -0.900978 -0.2535874 0.569563 -0.7818513 -0.3179996 0.7142387 -0.6234897 -0.366459 0.8230775 -0.4338793 -0.3965513 0.8906454 -0.222481 -0.2026955 0.9536382 -0.2224608 -0.09021085 0.424404 -0.900968 -0.129632 0.60987 -0.7818275 -0.1625453 0.7647318 -0.6235097 -0.187316 0.8812656 -0.4339169 -0.7178242 0.6463318 -0.2588119 -0.9606161 -0.1009532 -0.2588925 -0.9186324 -0.2984919 -0.2588766 -0.3928853 -0.88239 -0.2588998 -0.2008299 -0.9448117 -0.2588404 0.7177783 -0.6463255 -0.2589553 0.9606153 0.1009522 -0.2588955 0.918632 0.298492 -0.258878 0.3928852 0.8823914 -0.2588956 0.200831 0.9447906 -0.2589166 -4.09607e-7 0.2587995 -0.9659311 -0.05381107 0.2531672 -0.9659249 -0.1052569 0.2364133 -0.9659347 -0.1521048 0.2093573 -0.9659367 -0.1923278 0.1731684 -0.9659311 -0.2241393 0.1294104 -0.9659268 -0.2461709 0.0799877 -0.9659202 -0.2574061 0.02705049 -0.9659247 -0.2573803 -0.02704769 -0.9659315 -0.2461467 -0.07997834 -0.9659272 -0.2241222 -0.1293986 -0.9659323 -0.1923185 -0.1731609 -0.9659342 -0.1521229 -0.2093794 -0.965929 -0.1052702 -0.2364391 -0.9659269 -0.05381113 -0.2531606 -0.9659267 -2.74391e-7 -0.2588065 -0.9659292 0.05381 -0.2531633 -0.9659259 0.1052671 -0.2364354 -0.9659281 0.1521068 -0.2093588 -0.965936 0.1923263 -0.1731682 -0.9659314 0.2241388 -0.1294097 -0.965927 0.246172 -0.07998782 -0.96592 0.2574048 -0.02705138 -0.965925 0.2573809 0.02704787 -0.9659315 0.2461456 0.07997763 -0.9659276 0.2241255 0.1294002 -0.9659314 0.1923549 0.1731926 -0.9659213 0.1521257 0.2093829 -0.9659278 0.1052597 0.2364143 -0.9659341 0.05381065 0.2531639 -0.9659258 0.1039554 0.4890491 -0.8660394 8.18643e-5 0.4999869 -0.866033 0.1470171 0.6916483 -0.707113 7.93175e-6 0.7070876 -0.707126 0.1800538 0.8470743 -0.5000457 -8.82377e-7 0.8660065 -0.5000328 -1.53475e-6 0.9659004 -0.258914 0.2033673 0.4567633 -0.8660306 0.2876125 0.6459757 -0.7071028 0.3522385 0.7911474 -0.5000139 0.2938852 0.4045017 -0.8660311 0.4156249 0.5720534 -0.7071145 0.5090277 0.7006071 -0.5000405 0.5677629 0.781457 -0.2587862 0.7178127 0.6463258 -0.2588589 0.3715662 0.3345561 -0.8660317 0.5254655 0.4731363 -0.7071267 0.6435785 0.5794786 -0.5000115 0.4330218 0.2500061 -0.8660191 0.6123582 0.353543 -0.7071244 0.749992 0.4330064 -0.5000175 0.83651 0.4829561 -0.2588524 0.47552 0.1545064 -0.8660303 0.6724978 0.2185086 -0.7071073 0.8236157 0.2676092 -0.5000426 0.4972768 0.05226123 -0.8660166 0.7032115 0.07390773 -0.707129 0.8612677 0.09051859 -0.5000245 0.4972585 -0.0522601 -0.8660272 0.703224 -0.0739088 -0.7071163 0.8612746 -0.09051918 -0.5000123 0.9606235 -0.1009609 -0.2588623 0.918625 -0.2984933 -0.2589012 0.4755109 -0.1545038 -0.8660358 0.6724758 -0.2185027 -0.70713 0.8236263 -0.2676147 -0.5000221 0.4330289 -0.2500111 -0.8660142 0.6123679 -0.3535493 -0.7071128 0.7499977 -0.4330095 -0.5000063 0.8365188 -0.482959 -0.2588183 0.3715765 -0.3345666 -0.8660231 0.525476 -0.4731467 -0.7071118 0.6435862 -0.5794867 -0.499992 0.2938812 -0.4044991 -0.8660337 0.4156186 -0.5720456 -0.7071245 0.5090401 -0.7006316 -0.4999936 0.567763 -0.7814537 -0.2587957 0.3928813 -0.8823882 -0.2589119 0.2033618 -0.4567514 -0.8660383 0.2876096 -0.6459702 -0.7071092 0.3522458 -0.791162 -0.4999856 0.2008324 -0.9448012 -0.2588766 0.1039568 -0.4890503 -0.8660385 0.1470173 -0.6916507 -0.7071105 0.1800556 -0.8470818 -0.5000323 -5.76023e-7 -0.4999923 -0.8660299 -6.26605e-7 -0.7070865 -0.707127 -1.83005e-7 -0.8660178 -0.5000134 1.33665e-6 -0.9659028 -0.2589049 -0.1039553 -0.4890426 -0.866043 -0.1470153 -0.6916382 -0.7071232 -0.1800517 -0.8470662 -0.5000604 -0.2033628 -0.4567537 -0.8660367 -0.287608 -0.6459656 -0.7071139 -0.3522495 -0.79117 -0.4999705 -0.2938943 -0.4045163 -0.8660212 -0.4156217 -0.5720481 -0.7071207 -0.5090293 -0.7006096 -0.5000354 -0.5677629 -0.7814571 -0.258786 -0.7178013 -0.6463184 -0.2589092 -0.3715668 -0.3345561 -0.8660315 -0.5254676 -0.4731389 -0.7071233 -0.6435794 -0.5794795 -0.5000092 -0.4330223 -0.250007 -0.8660187 -0.6123864 -0.3535585 -0.7070922 -0.7500123 -0.4330155 -0.4999793 -0.8365105 -0.4829567 -0.2588496 -0.4755174 -0.1545058 -0.866032 -0.6724931 -0.2185071 -0.7071123 -0.8236367 -0.2676184 -0.5000032 -0.4972372 -0.05225747 -0.8660395 -0.7032128 -0.07390797 -0.7071276 -0.8612681 -0.09051865 -0.5000238 -0.4972584 0.05226027 -0.8660272 -0.703223 0.07390975 -0.7071173 -0.861275 0.09051907 -0.5000119 -0.9606236 0.1009611 -0.2588614 -0.9186385 0.2984915 -0.2588557 -0.4755096 0.1545035 -0.8660366 -0.6725075 0.2185121 -0.7070969 -0.8236261 0.2676144 -0.5000227 -0.4329898 0.2499891 -0.8660401 -0.6123695 0.3535494 -0.7071113 -0.7499978 0.4330095 -0.5000061 -0.8365163 0.482958 -0.2588283 -0.3715484 0.33454 -0.8660455 -0.5254722 0.4731433 -0.707117 -0.6435834 0.5794833 -0.4999995 -0.293884 0.4045022 -0.8660313 -0.4156225 0.5720503 -0.7071183 -0.5090332 0.7006192 -0.5000181 -0.5677632 0.7814536 -0.2587958 -0.3928804 0.8823963 -0.2588856 -0.2033647 0.4567608 -0.8660327 -0.2876076 0.6459647 -0.7071149 -0.3522427 0.7911559 -0.4999973 -0.2008303 0.9448128 -0.2588358 -0.1039582 0.4890664 -0.8660293 -0.1470158 0.6916413 -0.70712 -0.1800539 0.8470785 -0.5000388 -0.8536713 0.3048757 -0.4222512 -0.887991 0.328186 -0.3221274 -0.9143018 0.3107017 -0.2598402 -0.8297923 0.3680685 -0.4194882 -0.8096203 0.3147966 -0.495397 -0.7646757 0.3254665 -0.5561859 -0.7109753 0.2753515 -0.647067 -0.7709833 0.276365 -0.5737658 -0.6829467 0.2262819 -0.694536 -0.7511872 0.2013701 -0.6286239 -0.6830091 0.183014 -0.7071099 -0.8250955 0.2761986 -0.4928812 -0.8710438 0.2741711 -0.4075698 -0.9070495 0.2704749 -0.3226524 -0.9569768 0.2720419 -0.1009393 -0.9222806 0.320074 -0.2166825 -0.9454341 0.3004706 -0.1259834 -0.8867181 0.3728345 -0.2733598 -0.9260044 0.3523259 -0.1355816 -0.9659055 0.2588019 0.006950378 -0.9651553 0.258583 -0.04012799 -0.900554 0.2421501 -0.3610622 -0.9432141 0.2518465 -0.2166115 -0.9511736 0.2635894 -0.1605908 -0.9499123 0.2549654 -0.1807188 -0.9510819 0.255309 -0.1739556 -0.8839322 0.2374845 -0.4028213 -0.8705562 0.2334499 -0.4331662 -0.8144088 0.2178508 -0.537847 -0.7648613 0.2051123 -0.6106687 -0.7538384 0.2020893 -0.62521 -0.9597602 0.2705788 -0.07515001 -0.9336786 0.2949674 -0.2030733 -0.9630438 0.2580292 -0.07725101 -0.7545416 0.5119379 -0.4105929 -0.8016795 0.4910566 -0.3408424 -0.7526585 0.4667689 -0.4643622 -0.9286988 0.3649259 -0.06593674 -0.9457136 0.3249702 -0.00449568 -0.9146366 0.3994684 -0.06216841 -0.5929279 0.1588766 -0.7894268 -0.5211184 0.1396827 -0.8419765 -0.5259972 0.1973164 -0.8272806 -0.3409603 0.59784 -0.7254885 -0.2446482 0.5768282 -0.7793694 -0.2745263 0.6512957 -0.7074244 -0.5021208 0.6168698 -0.6060911 -0.564738 0.6153714 -0.5498992 -0.515577 0.5561045 -0.6518652 -0.6890393 0.6311259 -0.3562373 -0.7515817 0.5862357 -0.3024116 -0.7282357 0.5624714 -0.3915338 -0.6939331 0.5291037 -0.488371 -0.6151178 0.5495897 -0.5653153 -0.6594457 0.5962271 -0.4578697 -0.5977147 0.6611331 -0.4534758 -0.6178073 0.6568837 -0.4322246 -0.5353167 0.6687331 -0.5159768 -0.4598895 0.6700479 -0.5826984 -0.4536318 0.5515526 -0.7000057 -0.4275436 0.6112893 -0.6659819 -0.3721136 0.6642621 -0.6482958 -0.4505178 0.4818591 -0.7515621 -0.4843718 0.5203108 -0.7033212 -0.5539615 0.4872535 -0.6750636 -0.6450157 0.4813206 -0.5935363 -0.7052267 0.4763221 -0.5251408 -0.3823866 0.54027 -0.7495924 -0.5165908 0.4495558 -0.7287204 -0.3704191 0.3920355 -0.8420796 -0.4128592 0.4395244 -0.7977253 -0.2613605 0.3670359 -0.8927348 -0.3260426 0.4582359 -0.8268713 -0.301311 0.5216542 -0.7981783 -0.2177996 0.5109379 -0.8315683 -0.2401223 0.5658265 -0.7887849 -0.394014 0.3214057 -0.8610757 -0.473923 0.4061493 -0.7813065 -0.6135012 0.4506682 -0.6484709 -0.4159631 0.2468134 -0.8752473 -0.3166107 0.2272909 -0.9209216 -0.295167 0.3014721 -0.9066372 -0.1989201 0.2746554 -0.9407419 -0.100344 0.2369685 -0.9663214 -0.2262926 0.2058097 -0.9520684 -0.1604012 0.0430926 -0.9861109 -0.1430473 0.1812089 -0.9729855 -0.08449244 0.02274006 -0.9961646 -0.07793956 0.02098214 -0.9967373 -0.07763981 0.1838846 -0.9798769 -0.06480801 0.1546429 -0.9858426 -0.06405967 0.1527166 -0.9861917 -0.390857 0.1047546 -0.914471 -0.3404265 0.09123539 -0.9358344 -0.3557094 0.1603127 -0.9207447 -0.24735 0.06628781 -0.9666561 -0.2622217 0.1383268 -0.9550422 -0.1931633 0.05184322 -0.9797961 0 0 -1 1.79064e-6 0 -1 -0.5768554 0.4146742 -0.7037636 -0.6326522 0.4182202 -0.6517999 -0.6335889 0.3836094 -0.6718698 -0.6429321 0.2718595 -0.7160522 -0.6549446 0.3421409 -0.6737858 -0.7116767 0.3345216 -0.6177473 -0.7017123 0.3770506 -0.6045103 -0.792638 0.3885147 -0.4698738 -0.6048047 0.2125107 -0.7674964 -0.5731108 0.2667966 -0.7748314 -0.498121 0.2585512 -0.8276634 -0.5861047 0.3443204 -0.7334336 -0.4986439 0.3374944 -0.7984058 -0.5392388 0.3782525 -0.7524272 -0.8583763 0.4050487 -0.3148427 -0.9027082 0.3948991 -0.1708 -0.8936915 0.428848 -0.1319281 -0.8660531 0.4429903 -0.2317579 -0.7861732 0.5314784 -0.3153769 -0.7927981 0.5538759 -0.2543479 -0.8317622 0.4981076 -0.2450723 -0.8500604 0.4967629 -0.1749973 -0.9111632 0.4062493 -0.0688709 -0.8190889 0.4385263 -0.3698489 -0.7469696 0.406976 -0.5257443 -0.7901477 0.4538249 -0.4119582 -0.7161679 0.4136348 -0.5621475 -0.6783932 0.4175816 -0.6044901 -0.03164285 0.07698661 -0.9965299 -0.1416509 0.3314987 -0.9327614 -0.1582714 0.370954 -0.9150647 -0.1754883 0.4111431 -0.8945196 -0.3547165 0.4998701 -0.7901304 -0.1936177 0.4539739 -0.8697242 -0.2115504 0.4961766 -0.8420543 -0.5025316 0.1347372 -0.8539953 -0.4435505 0.1798124 -0.8780265 -0.8596481 0.5075085 -0.05865383 -0.7737565 0.6245523 -0.1059972 -0.7754924 0.6304343 -0.03412085 -0.3468332 0.8464478 -0.404021 -0.3526438 0.8641352 -0.3590442 -0.4222567 0.8134704 -0.3999566 -0.8562704 0.5154125 -0.0339272 -0.9088571 0.4169178 -0.01258653 -0.9127122 0.4084634 -0.01068967 -0.5683472 0.7809762 -0.2589552 -0.6265124 0.7570234 -0.1854665 -0.6283894 0.7320061 -0.2632375 -0.3013011 0.7183553 -0.6270434 -0.7059718 0.7066394 -0.04758787 -0.6008991 0.7966378 -0.06548666 -0.7722124 0.6353645 3.07499e-4 -0.3597475 0.8850845 -0.2953087 -0.4932511 0.8469786 -0.1983196 -0.4911841 0.8612618 -0.1302547 -0.7681326 0.6108703 -0.1918591 -0.7087932 0.661777 -0.2442612 -0.6195302 0.6996722 -0.355867 -0.5678024 0.7502319 -0.3387516 -0.5570307 0.7123112 -0.4270008 -0.4995834 0.7995506 -0.3333697 -0.4952606 0.7632451 -0.4149385 -0.4820028 0.7196491 -0.4997786 -0.3960947 0.7216295 -0.5677675 -0.3050312 0.7280374 -0.6139361 -0.4127466 0.77144 -0.4842734 -0.7144808 0.6837698 -0.1482433 -0.6179013 0.7747617 -0.133949 -0.4972621 0.8273913 -0.2610632 -0.857693 0.5037569 -0.1029155 -0.9652806 0.2588298 0.03522133 -0.9658443 0.2588226 0.0124796 -0.3688569 0.9129872 -0.1743529 -0.3694592 0.914037 -0.1674405 -0.3719829 0.9251837 -0.07525968 -0.3226006 0.7760581 -0.5419065 -0.3284348 0.7923492 -0.5141142 -0.3393654 0.8246248 -0.4525762 -0.9955502 0.09338468 -0.01262068 -0.9635856 -0.08331018 -0.2540912 -0.9845748 -0.005183756 -0.1748874 -0.9946659 -0.007423579 -0.1028819 -0.9187168 -0.389448 -0.06549614 -0.9224938 -0.3620234 -0.1339567 -0.9868038 -0.158267 -0.03420126 -0.6060564 -0.4604811 -0.6485775 -0.5633913 -0.4267888 -0.707419 -0.6543461 -0.389224 -0.6483333 -0.7332885 -0.3503341 -0.5827126 -0.7772495 -0.3822219 -0.4997897 -0.83856 -0.3383653 -0.4269968 -0.7979459 -0.311492 -0.5159993 -0.8863742 -0.2961815 -0.3558333 -0.8105137 -0.4133681 -0.4149633 -0.7431696 -0.4617183 -0.4842678 -0.7038453 -0.4269142 -0.5677553 -0.6201196 -0.4714381 -0.627055 -0.8443373 -0.467902 -0.2610788 -0.7724124 -0.4933523 -0.3999783 -0.8324227 -0.4426431 -0.3333759 -0.8826895 -0.3921671 -0.2589679 -0.8506553 -0.486877 -0.1983342 -0.8560058 -0.500291 -0.1302428 -0.9992565 -0.01819753 -0.03398996 -0.8482078 -0.2736908 -0.4534723 -0.8635035 -0.2599987 -0.4321603 -0.9447186 -0.2187455 -0.2442482 -0.9122959 -0.2020382 -0.3562257 -0.9706522 -0.1449959 -0.1918608 -0.9440051 -0.1319391 -0.302401 -0.9918437 0.1113417 -0.06204348 -0.9946638 0.1026147 -0.01069158 -0.9922232 0.1037445 -0.06877756 -0.9982265 -0.009723007 -0.05873316 -0.9823576 -0.1540468 -0.1060335 -0.9860313 -0.157998 -0.05271613 -0.9606401 -0.2349354 -0.1482432 -0.9653345 -0.2485717 -0.07963407 -0.9102125 -0.3197194 -0.2632349 -0.9210882 -0.3423365 -0.1854786 -0.8668559 -0.3658202 -0.338728 -0.7769516 -0.6067891 -0.1677898 -0.6280338 -0.477863 -0.6141828 -0.6674767 -0.510607 -0.5419923 -0.7061525 -0.5445044 -0.4526186 -0.7067006 -0.5449969 -0.4511682 -0.7759426 -0.6061792 -0.174528 -0.766887 -0.5979796 -0.2330341 -0.7605975 -0.5923674 -0.265692 -0.7374512 -0.5719793 -0.3591732 -0.7234396 -0.5595839 -0.4043527 -0.3225518 -0.2423348 -0.915005 -0.2816228 -0.2113272 -0.9359645 -0.4097887 -0.1872661 -0.8927513 -0.3910248 0.1047381 -0.9144012 -0.4334667 0.1160966 -0.8936601 -0.5606675 0.02514386 -0.8276592 -0.4908601 -0.3700968 -0.7887236 -0.4117871 -0.3090723 -0.8572664 -0.521749 -0.3011084 -0.7981927 -0.2550028 -0.191629 -0.9477615 -0.2054449 -0.1550736 -0.9663046 -0.3095682 -0.1384048 -0.9407506 -0.8807353 0.05985939 -0.4698109 -0.850385 0.02104997 -0.5257399 -0.7835943 0.06613248 -0.6177431 -0.7962383 0.02431547 -0.6044943 -0.7382942 0.03116953 -0.6737582 -0.6927236 0.08602404 -0.7160543 -0.6044471 0.1619187 -0.7800167 -0.7035459 0.1452174 -0.6956545 -0.6830033 0.1829908 -0.7071216 -0.6297425 0.05550283 -0.7748186 -0.5084409 0.1361528 -0.8502647 -0.5926799 0.1587767 -0.7896332 -0.6006077 -0.04295361 -0.7983893 -0.5019491 -0.08137005 -0.861061 -0.3878319 -0.03852814 -0.9209246 -0.2988698 -0.06507909 -0.9520723 -0.2121542 -0.01174694 -0.9771657 -0.1617802 0.04322648 -0.9858797 -0.3225547 0.08645135 -0.9425947 -0.2961909 0.01130425 -0.9550619 -0.3881739 0.0389828 -0.9207614 -0.4836726 -0.005773544 -0.87523 -0.1413099 -0.1071349 -0.9841513 -0.2145082 -0.08542579 -0.9729794 -0.1334491 -0.1013962 -0.985855 -0.1316223 -0.09998935 -0.9862443 -0.06206154 -0.04796129 -0.9969194 -0.5002808 -0.3772646 -0.7793527 -0.5941818 -0.3472678 -0.725502 -0.6759102 -0.3156414 -0.6659699 -0.7432753 -0.2831791 -0.6060953 -0.7967771 -0.2505452 -0.549885 -0.3575986 -0.2683848 -0.8944791 -0.4389725 -0.2519763 -0.8624449 -0.6012959 -0.2765849 -0.7496293 -0.5115046 -0.2337831 -0.8268668 -0.6686573 -0.2508339 -0.6999857 -0.8075075 -0.1684107 -0.5653049 -0.7245496 -0.2238086 -0.6518724 -0.6310712 -0.1920395 -0.7515784 -0.5751433 -0.2138231 -0.7896139 -0.5773158 -0.1741968 -0.797723 -0.5168271 -0.15431 -0.8420678 -0.4063401 -0.1135144 -0.9066434 -0.6134967 -0.1147717 -0.7813125 -0.6721685 -0.1310509 -0.7287079 -0.7233861 -0.1450072 -0.6750448 -0.9782116 0.2045427 -0.03555697 -0.9883965 0.07545858 -0.131828 -0.8692018 -0.1866489 -0.4578759 -0.9119004 -0.1230235 -0.391539 -0.978117 0.1578896 -0.1354922 -0.9459339 0.07840538 -0.3147408 -0.954362 0.1204741 -0.2732754 -0.9026723 0.09616285 -0.4194467 -0.8248845 0.1004874 -0.5562984 -0.7536311 0.1169725 -0.6468058 -0.9792461 0.1093277 -0.1706593 -0.9715446 0.04939198 -0.2316496 -0.9286559 0.02977335 -0.3697456 -0.9398309 -0.02441132 -0.340767 -0.8937354 0.02382045 -0.4479616 -0.9693959 -0.01547831 -0.2450143 -0.9466049 -0.06717848 -0.3153192 -0.9094395 -0.06608784 -0.4105511 -0.8655366 -0.111276 -0.4883279 -0.8351999 -0.1034775 -0.5401237 -0.7992456 -0.09434068 -0.593554 -0.7566674 -0.08353865 -0.648441 -0.7069257 -0.07071727 -0.7037437 -0.6561278 -0.05796474 -0.7524204 -0.0573405 0.01530885 -0.9982374 -0.05816787 -0.04494982 -0.9972944 -0.1601761 0.04279279 -0.9861605 -0.3403924 0.09119927 -0.9358504 -0.6797628 -0.005139887 -0.7334141 -0.7405005 -0.01540881 -0.6718792 -0.7963219 -0.02245062 -0.6044564 -0.8451074 -0.02654039 -0.5339376 -0.8852328 -0.0279203 -0.4643095 -0.9164681 -0.02708959 -0.3991898 0.8844962 -0.2363942 -0.4022243 0.901039 -0.2405898 -0.3608952 0.9207479 -0.2192682 -0.3227147 0.8585479 -0.1322039 -0.4953965 0.8917219 -0.1628115 -0.422285 0.9330921 -0.1598211 -0.3221749 0.9154297 -0.2443448 -0.3198191 0.95032 -0.2542337 -0.1796029 0.9555312 -0.2473157 -0.1606087 0.8526883 -0.1733475 -0.4928218 0.8058637 -0.1461489 -0.5737807 0.7536343 -0.1170233 -0.6467928 0.8248872 -0.1004815 -0.5562955 0.7035648 -0.1451716 -0.6956449 0.6830142 -0.1829906 -0.7071111 0.7644535 -0.2051698 -0.6111598 0.9026768 -0.09615069 -0.4194397 0.9543609 -0.1204807 -0.2732761 0.9587478 -0.1839497 -0.2167146 0.9781176 -0.1578834 -0.1354951 0.9690081 -0.2124796 -0.1259996 0.9782123 -0.2045385 -0.03556519 0.9625247 -0.2576961 -0.08449262 0.9514208 -0.2543715 -0.1734752 0.9389909 -0.214334 -0.2689929 0.9664618 -0.2455472 -0.07522153 0.9560667 -0.2114061 -0.2030862 0.9647805 -0.2428904 -0.1010096 0.9630436 -0.2580339 -0.07723802 0.9651562 -0.258579 -0.04013216 0.8260286 -0.1920593 -0.5298963 0.8147525 -0.2178489 -0.537327 0.823124 -0.2207422 -0.5232014 0.9659022 -0.2588133 0.006975412 0.8536654 -0.3048732 -0.4222651 0.8879909 -0.3281826 -0.3221309 0.9142996 -0.3107155 -0.2598311 0.8297901 -0.3680716 -0.41949 0.8096023 -0.3147866 -0.4954327 0.7646736 -0.3254815 -0.5561801 0.7109674 -0.2753379 -0.6470814 0.7709644 -0.2763687 -0.5737895 0.6829545 -0.2262794 -0.6945291 0.7511842 -0.2013627 -0.6286297 0.6830047 -0.1830109 -0.7071151 0.8251 -0.2762054 -0.49287 0.8710266 -0.274199 -0.4075877 0.9070397 -0.2704803 -0.3226756 0.9569767 -0.2720379 -0.1009503 0.9222803 -0.3200721 -0.2166862 0.9454319 -0.3004762 -0.1259871 0.8867201 -0.3728298 -0.2733597 0.9260043 -0.3523267 -0.1355808 0.9005686 -0.2419793 -0.3611402 0.9428616 -0.2531924 -0.2165774 0.9511715 -0.2635903 -0.1606016 0.9499408 -0.2548665 -0.1807088 0.9509443 -0.2551916 -0.1748781 0.8840461 -0.2376747 -0.4024592 0.8703664 -0.2338069 -0.4333553 0.8145734 -0.2174237 -0.5377706 0.7648832 -0.2050888 -0.6106491 0.7543404 -0.2022423 -0.6245548 0.9597601 -0.2705795 -0.0751487 0.9336863 -0.2949555 -0.2030544 0.7545391 -0.5119354 -0.4106008 0.8016833 -0.4910482 -0.3408455 0.7526604 -0.4667726 -0.4643551 0.9287025 -0.3649165 -0.06593787 0.9457118 -0.3249756 -0.00450164 0.9146248 -0.3994974 -0.06215542 0.5927809 -0.1588321 -0.7895462 0.521138 -0.1396849 -0.8419641 0.5260066 -0.1973314 -0.8272711 0.3409552 -0.5978038 -0.7255207 0.2445524 -0.5768579 -0.7793774 0.2745158 -0.6512963 -0.7074279 0.502126 -0.6168889 -0.6060673 0.5647497 -0.615368 -0.5498911 0.5155822 -0.5561047 -0.651861 0.6890384 -0.6311242 -0.3562419 0.7515757 -0.5862417 -0.3024147 0.7282265 -0.5624781 -0.3915414 0.6939415 -0.5291109 -0.4883512 0.6151113 -0.5495901 -0.565322 0.6594445 -0.5962285 -0.4578695 0.5977095 -0.6611304 -0.4534865 0.6177946 -0.6569054 -0.4322096 0.5353029 -0.6687387 -0.5159841 0.4598933 -0.6700542 -0.5826882 0.4536296 -0.5515499 -0.7000092 0.4275481 -0.6112976 -0.6659715 0.3721175 -0.6642618 -0.6482938 0.4505584 -0.4817529 -0.7516058 0.4843797 -0.5203139 -0.7033135 0.5539575 -0.4872463 -0.6750719 0.6450102 -0.481311 -0.59355 0.7052369 -0.4763284 -0.5251212 0.3823652 -0.5402553 -0.749614 0.5166032 -0.4495609 -0.7287085 0.3704201 -0.3920348 -0.8420794 0.4128592 -0.4395242 -0.7977254 0.2612895 -0.3670589 -0.892746 0.3260402 -0.4582405 -0.8268698 0.354711 -0.4998744 -0.7901302 0.2048363 -0.4803214 -0.8528385 0.3012986 -0.5216535 -0.7981833 0.2114238 -0.4960226 -0.8421767 0.2399499 -0.5659412 -0.7887551 0.3940217 -0.3214471 -0.8610568 0.4739227 -0.4061501 -0.7813063 0.6135206 -0.4506704 -0.648451 0.4159781 -0.2468218 -0.8752378 0.3166112 -0.227289 -0.9209219 0.2951457 -0.3014641 -0.9066469 0.1989018 -0.2746508 -0.9407471 0.1004174 -0.2375146 -0.9661797 0.2262881 -0.2058191 -0.9520673 0.1603227 -0.04308801 -0.9861238 0.1430499 -0.1812236 -0.9729825 0.08449304 -0.02275758 -0.9961642 0.07790106 -0.02099758 -0.99674 0.06398922 -0.1525833 -0.986217 0.06461238 -0.1545562 -0.9858691 0.3906286 -0.1046851 -0.9145766 0.3404327 -0.09123522 -0.9358322 0.355709 -0.16031 -0.9207453 0.2473243 -0.06627303 -0.9666636 0.262215 -0.1383243 -0.9550444 0.1931642 -0.05184447 -0.9797958 -7.16265e-6 0 -1 0.576862 -0.4146727 -0.7037591 0.6326507 -0.4182259 -0.6517977 0.6335843 -0.3835983 -0.6718804 0.6429334 -0.2718563 -0.7160523 0.6549462 -0.3421474 -0.673781 0.7116819 -0.3345215 -0.6177413 0.7016898 -0.3770555 -0.6045334 0.7926415 -0.3885203 -0.4698633 0.6048061 -0.2125076 -0.767496 0.57311 -0.2668299 -0.7748205 0.498118 -0.2585498 -0.8276658 0.5861011 -0.344319 -0.7334371 0.4986344 -0.3374887 -0.7984142 0.5392334 -0.3782491 -0.7524327 0.8583815 -0.4050458 -0.3148322 0.9027041 -0.3949068 -0.1708037 0.893688 -0.4288492 -0.1319481 0.866048 -0.4429859 -0.2317852 0.7861768 -0.5314728 -0.3153774 0.7928018 -0.5538644 -0.2543612 0.8317698 -0.4980962 -0.24507 0.8500601 -0.496769 -0.1749809 0.9111697 -0.4062352 -0.06886762 0.8190794 -0.4385506 -0.369841 0.7469623 -0.4069724 -0.5257573 0.7901583 -0.4538146 -0.4119492 0.716159 -0.4136282 -0.5621638 0.6783869 -0.4175747 -0.6045019 0.02190631 -0.05372053 -0.9983158 0.06215041 -0.1481617 -0.9870083 0.1281487 -0.3010172 -0.9449691 0.1577295 -0.3712568 -0.9150354 0.1754098 -0.4112633 -0.8944797 0.1935773 -0.4540748 -0.8696804 0.5025364 -0.1347413 -0.8539918 0.4435539 -0.1798505 -0.878017 0.8596336 -0.5075284 -0.05869466 0.7737391 -0.6245716 -0.1060101 0.7754883 -0.6304396 -0.03411787 0.8562687 -0.5154139 -0.033948 0.9088591 -0.4169137 -0.01258116 0.9127078 -0.4084733 -0.01068913 0.5683472 -0.7809729 -0.258965 0.6265199 -0.7570162 -0.1854707 0.6283935 -0.7320015 -0.2632403 0.7059676 -0.7066445 -0.04757404 0.6008972 -0.7966393 -0.06548482 0.4932612 -0.8469683 -0.1983388 0.4911767 -0.8612624 -0.1302787 0.7722071 -0.6353709 3.47132e-4 0.768131 -0.6108664 -0.1918776 0.7087892 -0.6617839 -0.2442538 0.6195346 -0.6996729 -0.3558577 0.567808 -0.7502369 -0.3387312 0.5570372 -0.712314 -0.4269877 0.2985319 -0.7110862 -0.6365808 0.3960815 -0.72163 -0.567776 0.4995827 -0.7995512 -0.3333691 0.4952349 -0.7632595 -0.414943 0.4820027 -0.7196447 -0.499785 0.3012399 -0.7183094 -0.6271255 0.3052568 -0.7277492 -0.6141657 0.4127452 -0.7714427 -0.4842702 0.7144936 -0.6837629 -0.1482139 0.6179169 -0.7747463 -0.1339669 0.4972656 -0.8273873 -0.2610698 0.8576934 -0.503749 -0.1029511 0.9652401 -0.2589785 0.03524202 0.9658445 -0.2588221 0.01247566 0.3529487 -0.8640027 -0.3590636 0.3632531 -0.8930894 -0.2654027 0.3677436 -0.9075977 -0.2025614 0.3693637 -0.9127871 -0.1743284 0.3703605 -0.9136219 -0.1677152 0.3228365 -0.7759237 -0.5419586 0.339807 -0.8245823 -0.4523221 0.4222623 -0.8134632 -0.3999654 0.3444461 -0.8382802 -0.4226621 0.7724189 0.4933567 -0.3999603 0.8324223 0.442637 -0.3333852 0.844338 0.4679031 -0.2610751 0.7775811 0.6060822 -0.1674283 0.7762641 0.6058456 -0.1742568 0.8560079 0.5002839 -0.1302566 0.9955508 -0.09337788 -0.01262336 0.9635843 0.08331543 -0.2540942 0.9845751 0.005181968 -0.1748857 0.9946635 0.007412374 -0.102906 0.9187179 0.3894448 -0.0654996 0.9224941 0.3620232 -0.1339545 0.9868025 0.158284 -0.0341615 0.8506622 0.4868731 -0.1983144 0.7065955 0.5441327 -0.4523742 0.6788626 0.5201307 -0.5182756 0.628456 0.4776377 -0.6139262 0.6200373 0.471444 -0.6271319 0.7038446 0.4269102 -0.5677593 0.5634119 0.4267708 -0.7074135 0.6544026 0.3892008 -0.6482902 0.7333094 0.3503395 -0.5826832 0.7772457 0.382234 -0.4997863 0.8385595 0.3383592 -0.4270026 0.7979522 0.3114942 -0.5159881 0.8863656 0.2961652 -0.3558685 0.7431604 0.4617035 -0.484296 0.8105199 0.4133668 -0.4149522 0.8826888 0.3921747 -0.2589588 0.9992568 0.01821607 -0.03397423 0.8482172 0.2736973 -0.4534507 0.8634905 0.2600013 -0.4321847 0.9447222 0.2187459 -0.244234 0.9122946 0.20204 -0.3562281 0.9706507 0.1449875 -0.1918749 0.9440073 0.1319361 -0.3023959 0.9918411 -0.1113593 -0.06205034 0.9946596 -0.1026553 -0.01068651 0.9922204 -0.1037568 -0.06879961 0.998231 0.009727776 -0.05865383 0.9823625 0.1540213 -0.1060261 0.9860341 0.1579802 -0.05271846 0.9606516 0.234889 -0.1482419 0.9653423 0.2485471 -0.07961565 0.9102029 0.3197416 -0.2632414 0.9210864 0.3423396 -0.1854819 0.8668505 0.3658185 -0.3387436 0.7845689 0.6146281 -0.08175611 0.7610545 0.591762 -0.2657327 0.7537644 0.5855982 -0.2981844 0.7378253 0.5717045 -0.3588423 0.7243487 0.5586604 -0.404002 -0.933012 -0.2500035 -0.2588183 -0.9330155 -0.2499874 -0.2588216 -0.8365238 -0.224123 -0.499997 -0.8365141 -0.2241606 -0.4999963 -0.6830154 -0.1829988 -0.7071079 -0.6830049 -0.1830403 -0.7071072 -0.4829665 -0.1294015 -0.8660247 -0.4829658 -0.1294022 -0.866025 -0.2500235 -0.06694984 -0.9659224 -0.2499991 -0.06700646 -0.9659247 -0.8754429 -0.4082188 -0.2587613 -0.6893306 -0.6893119 -0.222873 -0.7912438 -0.5540411 -0.2587891 -0.6830173 -0.6830093 -0.2588161 -0.6369644 -0.6369626 -0.4342292 -0.7094202 -0.4967392 -0.4999732 -0.6123711 -0.6123735 -0.5000005 -0.5527896 -0.5527586 -0.6236038 -0.5792573 -0.4056016 -0.7070703 -0.500005 -0.4999946 -0.7071071 -0.4409672 -0.4409408 -0.7817412 -0.409578 -0.2867889 -0.8660243 -0.3535535 -0.3535521 -0.866026 -0.3070441 -0.3070392 -0.9008058 -0.2120124 -0.1484512 -0.9659261 -0.1830341 -0.1829971 -0.9659248 -0.1576077 -0.1576021 -0.9748443 -0.7848803 -0.3659985 -0.5000082 -0.6408786 -0.2988471 -0.7070822 -0.4531507 -0.2113105 -0.8660269 -0.2345699 -0.1093803 -0.9659259 -0.9748503 -2.50731e-5 -0.2228607 -0.9576685 -0.1260806 -0.2587952 -0.9659258 -1.42273e-5 -0.2588194 -0.9008104 -1.58977e-5 -0.434213 -0.8586762 -0.1130428 -0.4998966 -0.866025 -8.24616e-6 -0.5000009 -0.7817351 3.55789e-6 -0.6236107 -0.701097 -0.09231013 -0.7070657 -0.7071051 1.32476e-5 -0.7071085 -0.6236037 -1.24862e-5 -0.7817407 -0.495747 -0.06526613 -0.8660111 -0.5000093 -1.93285e-5 -0.8660201 -0.4342334 1.89617e-6 -0.9008005 -0.2565959 -0.03377676 -0.9659285 -0.2228635 -7.57445e-6 -0.9748497 -0.2588155 5.1707e-6 -0.9659268 -0.6370691 -0.6370977 -0.4338774 -0.6894537 -0.689473 -0.2219922 -0.5528472 -0.552832 -0.6234877 -0.4408787 -0.4408679 -0.7818322 -0.3068059 -0.3067966 -0.9009695 -0.1573317 -0.1573776 -0.9749252 -0.2228961 2.85823e-6 -0.9748423 -0.2588185 -1.58232e-6 -0.965926 -0.4342123 1.28308e-5 -0.9008105 -0.5000072 2.19028e-5 -0.8660213 -0.6236041 1.2517e-5 -0.7817404 -0.7071069 -1.33626e-5 -0.7071067 -0.7817299 -4.76837e-6 -0.6236174 -0.8660241 3.63588e-6 -0.5000022 -0.9008133 1.21202e-5 -0.4342069 -0.9659264 7.38539e-6 -0.2588168 -0.9748501 2.49855e-5 -0.2228621 0.2523388 -0.9417051 -0.2225239 0.05101829 -0.9735974 -0.2224981 0.2500026 -0.9330769 -0.2585852 0.04717248 -0.8997659 -0.4338158 0.04091954 -0.7807443 -0.6235094 0.2241671 -0.8366191 -0.4998177 0.2331811 -0.8702726 -0.4338805 0.03262901 -0.622624 -0.7818407 0.1829925 -0.6830167 -0.7071082 0.2023206 -0.7552026 -0.6234865 0.02270847 -0.4332679 -0.9009791 0.1293451 -0.4828162 -0.866117 0.1613457 -0.6022498 -0.7818331 0.01165014 -0.222254 -0.9749192 0.06691801 -0.2497686 -0.9659905 0.1122958 -0.4191024 -0.9009677 0.05760371 -0.2149378 -0.9749275 -0.1525088 -0.9629324 -0.222491 -0.1409645 -0.8899297 -0.4337674 -0.1223064 -0.7722342 -0.6234546 -0.09754228 -0.6158242 -0.7818223 -0.06786811 -0.4285285 -0.9009758 -0.03481149 -0.2197879 -0.9749264 -0.349437 -0.9101802 -0.222409 -0.322879 -0.8411277 -0.4338819 -0.2801767 -0.7298928 -0.6235042 -0.2234532 -0.5821119 -0.7818021 -0.1554968 -0.4050751 -0.9009634 -0.07974451 -0.2077503 -0.9749259 -0.5310024 -0.8176599 -0.2224164 -0.4906834 -0.7555983 -0.4339367 -0.4258269 -0.6557126 -0.6234681 -0.3395833 -0.5229047 -0.7818273 -0.2363147 -0.3638971 -0.900963 -0.1212004 -0.1866371 -0.9749242 -0.957687 0.1260928 -0.2587202 -0.8586399 0.1130468 -0.499958 -0.7010595 0.09229958 -0.7071043 -0.4957278 0.06526106 -0.8660225 -0.2565988 0.03377759 -0.9659276 -0.9330165 0.2499856 -0.2588192 -0.8365193 0.2241408 -0.4999964 -0.6830057 0.1830254 -0.7071104 -0.48297 0.1293928 -0.8660241 -0.250004 0.0669831 -0.9659251 0.2500178 -0.9330067 -0.2588237 0.2241461 -0.8365166 -0.4999985 0.1830329 -0.6830059 -0.7071081 0.1294212 -0.4829636 -0.8660233 0.06697946 -0.2499975 -0.965927 -0.9416453 0.252318 -0.2227997 -0.9330712 0.250028 -0.2585809 -0.8702648 0.2332098 -0.4338808 -0.8366012 0.2241847 -0.4998398 -0.7551888 0.2023666 -0.6234884 -0.6830087 0.1830205 -0.7071087 -0.6022419 0.1613687 -0.7818344 -0.482809 0.1293859 -0.8661147 -0.4191001 0.1123175 -0.9009662 -0.2497898 0.06694215 -0.9659833 -0.2149469 0.05757147 -0.9749274 0.4385145 -0.8606418 -0.2588452 0.941626 -0.2523249 -0.2228734 0.8606549 -0.4385206 -0.2587913 0.9330111 -0.2500074 -0.2588179 0.6078975 -0.7506748 -0.2587433 0.8701089 -0.2331697 -0.4342148 0.771645 -0.3931788 -0.4999747 0.8365166 -0.224141 -0.5000008 0.7550954 -0.2023487 -0.6236073 0.6300597 -0.3210309 -0.7070813 0.6830112 -0.1830001 -0.7071115 0.6023533 -0.1614133 -0.7817392 0.4455281 -0.2270146 -0.8660076 0.482963 -0.1293968 -0.8660274 0.4194396 -0.1123922 -0.9007988 0.2306304 -0.1175104 -0.9659198 0.2499997 -0.06700801 -0.9659245 0.215268 -0.05767458 -0.9748504 0.7506691 -0.6078894 -0.2587789 0.6730247 -0.5450057 -0.5000067 0.5495174 -0.4449901 -0.707117 0.3885778 -0.314666 -0.8660212 0.2011469 -0.1628851 -0.9659236 0.5450037 -0.6730229 -0.5000113 0.4450151 -0.5495491 -0.7070767 0.3146768 -0.3885906 -0.8660115 0.1628825 -0.2011439 -0.9659247 0.3931677 -0.7716255 -0.5000132 0.3210293 -0.6300607 -0.7070811 0.2270089 -0.4455198 -0.8660134 0.1174933 -0.2305973 -0.9659297 -0.7986206 0.5592228 -0.2224301 -0.8836251 0.4119772 -0.2224443 -0.8165755 0.380774 -0.4338383 -0.7085956 0.3304266 -0.6234666 -0.5650734 0.2635007 -0.7818308 -0.3932664 0.1833878 -0.9009497 -0.2016938 0.09405148 -0.9749225 -0.7380532 0.5167957 -0.4338199 -0.6404631 0.4484544 -0.6234546 -0.5107532 0.357638 -0.7818096 -0.3554244 0.2488628 -0.9009667 -0.1822916 0.1276389 -0.9749247 -0.6894035 0.6893543 -0.2225161 -0.6370747 0.6370887 -0.4338825 -0.552838 0.5528421 -0.6234868 -0.4408802 0.4408641 -0.7818335 -0.3068154 0.3067886 -0.900969 -0.1573655 0.1573389 -0.9749259 0.9416264 -0.2523037 -0.222896 0.9330093 -0.2500083 -0.2588234 0.8701036 -0.2331458 -0.4342384 0.8365158 -0.2241396 -0.5000028 0.755104 -0.2023189 -0.6236066 0.6830228 -0.1829808 -0.7071053 0.6023598 -0.1613874 -0.7817395 0.4829716 -0.1293945 -0.8660228 0.4194172 -0.1123777 -0.9008111 0.2500154 -0.06696563 -0.9659234 0.2152873 -0.05768942 -0.9748452 -0.6893119 0.6893293 -0.2228776 -0.6830033 0.6830237 -0.2588151 -0.6369513 0.6369866 -0.4342133 -0.6123664 0.6123803 -0.4999978 -0.552764 0.5527809 -0.6236068 -0.5000003 0.4999949 -0.7071102 -0.4409629 0.4409615 -0.7817317 -0.3535467 0.3535643 -0.8660237 -0.3070614 0.3070465 -0.9007974 -0.183017 0.1829977 -0.9659279 -0.1575977 0.1576059 -0.9748453 0.9622696 -0.08420848 -0.2587402 0.8627465 -0.07548224 -0.499971 0.7044295 -0.06163167 -0.7070932 0.4981442 -0.0435847 -0.8659982 0.9330202 0.249973 -0.2588182 0.9622808 0.08418673 -0.2587051 0.8365191 0.2241394 -0.4999973 0.8627471 0.07547986 -0.4999703 0.6830113 0.1830061 -0.7071099 0.7044008 0.06162834 -0.707122 0.4829688 0.1293962 -0.8660241 0.4981101 0.04357999 -0.8660181 0.2499991 0.06699049 -0.9659259 0.2578079 0.02255898 -0.9659329 0.2578494 -0.02256184 -0.9659217 -0.5260794 0.8100913 -0.2588292 -0.1510953 0.9540548 -0.2587462 0.2522868 0.9416387 -0.2228628 0.05055361 0.964614 -0.2587743 -0.4716703 0.7263101 -0.5000007 0.249994 0.9330146 -0.2588182 0.2331346 0.8701103 -0.4342309 0.045322 0.8648498 -0.4999808 -0.3851148 0.5930222 -0.7071148 0.2241181 0.8365274 -0.4999933 0.2023258 0.755104 -0.6236042 0.03700989 0.7061302 -0.7071142 -0.2723275 0.4193511 -0.8660153 0.1830189 0.6830064 -0.7071113 0.1614093 0.6023672 -0.7817295 0.02617013 0.4993176 -0.8660237 -0.1409562 0.2170526 -0.9659294 -0.3461624 0.9017711 -0.258806 -0.3103666 0.8085232 -0.4999629 -0.2534087 0.6601692 -0.707079 -0.1791822 0.4667962 -0.8660225 -0.09275382 0.2416409 -0.9659226 -0.13548 0.8553777 -0.4999741 -0.1106217 0.6984081 -0.707099 -0.07822173 0.4938541 -0.8660194 -0.04048842 0.2556197 -0.9659293 0.01355063 0.2584441 -0.9659312 0.1293824 0.4829762 -0.8660221 0.1123869 0.4194235 -0.9008069 0.06700354 0.2499903 -0.9659272 0.05768436 0.2153094 -0.9748408 0.9417046 0.2523456 -0.2225179 0.9330784 0.250011 -0.2585713 0.8702679 0.2331972 -0.4338815 0.8366092 0.2241438 -0.4998446 0.75519 0.2023568 -0.6234901 0.683018 0.1829938 -0.7071065 0.602244 0.1613481 -0.7818369 0.4828169 0.129355 -0.866115 0.4191023 0.1122949 -0.9009679 0.2497853 0.06692218 -0.9659859 0.2149464 0.0576055 -0.9749255 0.2523464 0.9417034 -0.2225223 0.2332263 0.8702598 -0.4338819 0.2023389 0.7551938 -0.6234912 0.1613708 0.6022446 -0.7818318 0.1122934 0.4191 -0.9009692 0.05760329 0.2149401 -0.974927 0.2206044 0.02903795 -0.974931 0.4301546 0.05662745 -0.9009775 0.222522 -1.81323e-6 -0.9749277 0.2585707 -2.07782e-6 -0.9659923 0.6181476 0.0813775 -0.7818384 0.4338808 -9.33051e-6 -0.9009703 0.4998447 8.36258e-6 -0.866115 0.775139 0.1020494 -0.6234945 0.7818313 2.05197e-5 -0.6234902 0.7071064 1.64323e-5 -0.7071073 0.6234905 -2.95602e-6 -0.781831 0.8661248 8.19657e-6 -0.499828 0.8932564 0.1175988 -0.4338936 0.9665803 0.1272076 -0.222578 0.9009695 1.93359e-5 -0.4338827 0.9659866 1.80062e-5 -0.2585923 0.9749283 2.28609e-5 -0.2225195 0.2499996 -0.06698983 0.9659258 0.226705 -0.1248725 0.9659253 0.4829535 -0.1294357 0.8660269 0.4379559 -0.2412263 0.866028 0.6829701 -0.1830022 0.7071508 0.6193621 -0.3411458 0.7071139 0.8367556 -0.2242599 0.4995474 0.7585511 -0.4178151 0.5000309 0.9330143 -0.2499929 0.2588201 0.8460679 -0.4660228 0.2588278 0.8759146 -0.4824661 3.675e-5 0.7350069 -0.6780597 6.03497e-7 0.7099579 -0.6549344 0.2588835 0.5513907 -0.8342472 3.30843e-5 0.532581 -0.8058071 0.2589059 0.3357197 -0.941962 2.14409e-5 0.3242798 -0.9098621 0.2588316 0.1005362 -0.9949334 2.92063e-6 0.09711909 -0.9610348 0.2588052 -0.1404845 -0.9900829 2.59057e-5 -0.135695 -0.9563502 0.2588077 -0.3733372 -0.9276958 -6.85453e-7 -0.3606141 -0.8960735 0.2588629 -0.5645633 -0.7837591 0.2588242 0.6365408 -0.5872101 0.5000001 0.4775185 -0.7224764 0.5000041 0.2907394 -0.8157581 0.5000096 0.08707004 -0.8616384 0.4999982 -0.1216603 -0.8574396 0.4999961 -0.3233173 -0.8034042 0.5000077 -0.5061749 -0.7026954 0.5000064 0.5197105 -0.4794387 0.7071348 0.3898919 -0.5899028 0.7071061 0.2373848 -0.6660532 0.7071221 0.07110053 -0.7035157 0.7071142 -0.09932935 -0.7000974 0.707105 -0.2639876 -0.6559764 0.7071108 -0.4132952 -0.5737421 0.7071118 0.3674946 -0.3390144 0.8660353 0.2756962 -0.4171271 0.8660234 0.167869 -0.4710047 0.8660108 0.05026626 -0.4974393 0.8660413 -0.07023853 -0.4950343 0.8660297 -0.1866691 -0.4638474 0.8660256 -0.292229 -0.4057149 0.8660241 0.1902474 -0.1754953 0.9659231 0.1427009 -0.2159068 0.96593 0.08689582 -0.243817 0.9659205 0.02602267 -0.2575247 0.9659213 -0.03635549 -0.2562208 0.9659345 -0.09663182 -0.2401168 0.9659225 -0.1512509 -0.2100164 0.9659277 0.4426137 0.8686791 -0.222463 0.4090282 0.8027666 -0.4338916 0.3549399 0.6966185 -0.6234904 0.2830612 0.5555322 -0.7818315 0.1969944 0.3866178 -0.9009551 0.1010183 0.1982656 -0.9749287 0.61356 0.7576662 -0.2224549 0.5670244 0.7002094 -0.433809 0.4920369 0.607616 -0.6234602 0.3923795 0.4845386 -0.7818318 0.2730562 0.3371965 -0.9009656 0.140048 0.1729404 -0.9749247 0.7576679 0.6135567 -0.2224583 0.7001932 0.567013 -0.4338499 0.6076071 0.4920257 -0.6234776 0.4845562 0.3923927 -0.7818141 0.3371995 0.2730582 -0.9009639 0.17294 0.1400485 -0.9749248 0.8686711 0.442612 -0.2224978 0.8027741 0.4090309 -0.4338752 0.6966152 0.3549374 -0.6234956 0.5555502 0.2830695 -0.7818157 0.3865919 0.1969807 -0.9009691 0.1982824 0.1010265 -0.9749245 0.9416994 0.2523613 -0.2225225 0.8702715 0.2331872 -0.4338793 0.7551943 0.2023421 -0.6234897 0.6022375 0.1613971 -0.7818319 0.4190958 0.1123305 -0.9009664 0.2149385 0.05757194 -0.9749292 0.9659253 -1.34315e-5 -0.258821 0.8660227 -1.21202e-5 -0.5000047 0.7071039 -3.60738e-5 -0.7071097 0.5000006 8.17701e-7 -0.8660252 0.2588155 -1.39866e-5 -0.9659268 0.9330133 -0.2499938 0.2588232 0.8365232 -0.224114 0.500002 0.683004 -0.1830217 0.7071129 0.4829686 -0.1293827 0.8660263 0.2499999 -0.06699609 0.9659252 0.8756138 -0.483012 -1.66744e-5 0.7348951 -0.6781809 -3.49581e-5 0.5513898 -0.8342478 -4.15146e-5 0.3353255 -0.9421023 -3.14936e-5 0.1005139 -0.9949358 -2.16514e-5 -0.1398571 -0.9901717 -2.94968e-5 -0.3726342 -0.9279784 -2.52575e-5 -0.3169167 -0.9124513 0.2588369 -0.1817722 -0.948679 0.2587798 -0.01146173 -0.2585617 0.9659268 -0.04869896 -0.2541915 0.9659271 -0.02221512 -0.4995063 0.8660255 -0.09409499 -0.4910985 0.8660073 -0.03133422 -0.7064108 0.7071082 -0.1330644 -0.6944934 0.7070876 -0.0383709 -0.8651642 0.5000187 -0.1629766 -0.8505824 0.4999483 -0.04278934 -0.9650131 0.2586867 0.02599054 -0.2575101 0.9659261 0.05023103 -0.4974732 0.8660238 0.07104206 -0.7035257 0.7071101 0.08699095 -0.8616416 0.5000065 0.09704732 -0.9610387 0.2588178 -0.08492803 -0.2445122 0.9659198 -0.1640474 -0.4723123 0.866031 -0.2320041 -0.6679696 0.7071003 -0.2841464 -0.8181011 0.4999716 -0.4454256 -0.8571189 0.258734 -0.3993464 -0.7684438 0.5000166 -0.3260646 -0.6274279 0.7071182 -0.2305845 -0.4436876 0.8660094 -0.1193484 -0.2296562 0.9659266 0.9416264 0.2523115 -0.2228875 0.9330187 0.2499843 -0.2588128 0.8701168 0.2331295 -0.4342203 0.8365261 0.2241079 -0.4999997 0.7551158 0.2023007 -0.6235982 0.6830211 0.1829839 -0.7071062 0.602364 0.1614123 -0.7817313 0.4829683 0.1294017 -0.8660236 0.419443 0.1123884 -0.9007977 0.2499987 0.06699281 -0.9659259 0.2152824 0.05767607 -0.9748472 0.1620705 -0.04343235 -0.9858229 0.2565796 -0.03377515 -0.9659328 0.2499492 -0.0670107 -0.9659374 0.3897362 -0.1044282 -0.9149866 0.4957199 -0.06525981 -0.8660271 0.4829621 -0.129418 -0.8660247 0.5937809 -0.1591205 -0.7887362 0.7010286 -0.09229564 -0.7071354 0.6830109 -0.1830116 -0.7071089 0.7618565 -0.2041442 -0.6147357 0.8585973 -0.1130375 -0.5000333 0.8365206 -0.2241209 -0.5000031 0.883821 -0.2368001 -0.403468 0.9576506 -0.1260719 -0.2588655 0.9522343 -0.2551451 -0.1677821 0.9330196 -0.2499694 -0.2588239 0.9622946 0.08423113 -0.2586396 0.9522404 -0.2551266 -0.1677758 0.9622808 -0.08424776 -0.2586857 0.8627713 0.0754857 -0.4999277 0.9330145 -0.2499962 -0.2588165 0.8838148 -0.2368031 -0.4034799 0.8627659 -0.07548707 -0.4999368 0.7044264 0.06163084 -0.7070963 0.8365234 -0.2241225 -0.4999977 0.7618675 -0.2041251 -0.6147283 0.7044078 -0.06162846 -0.7071151 0.4981402 0.04358321 -0.8660005 0.6830092 -0.183017 -0.7071091 0.5937806 -0.1590868 -0.7887434 0.4980984 -0.04357963 -0.8660248 0.2578358 0.02256059 -0.9659253 0.2578346 -0.02256023 -0.9659257 0.4829611 -0.1294132 -0.866026 0.3897223 -0.1044051 -0.9149952 0.2500021 -0.06698518 -0.9659255 0.1620738 -0.04342675 -0.9858226 -0.1691899 0.9600509 0.2228837 0.07635802 0.9970806 9.35048e-7 -0.1563411 0.8871336 0.434225 -0.1676554 0.9512653 0.2588167 0.07375252 0.9630962 0.2588559 0.3215083 0.9469069 2.82377e-5 0.3105409 0.914636 0.2588543 0.5465114 0.8374516 -4.96209e-6 0.5278967 0.808904 0.2588428 0.7373054 0.6755596 3.78825e-5 0.7121901 0.6525125 0.2588683 0.8819375 0.4713665 3.48501e-5 0.851878 0.4553083 0.2588405 0.9713488 0.2376586 -2.38419e-7 0.9382429 0.229565 0.2588443 0.9999404 -0.01092034 8.75816e-6 0.9658618 -0.01055747 0.258843 -0.1356751 0.7698712 0.623611 -0.150273 0.8525639 0.5005526 0.06612855 0.863485 0.5000206 0.2784292 0.8200451 0.5000033 0.4732947 0.7252353 0.500026 0.6385179 0.5850374 0.5000262 0.7637951 0.4082219 0.499972 0.8412114 0.2058205 0.5000016 0.8659707 -0.009459078 0.5000054 -0.1082028 0.6141443 0.781741 -0.1227002 0.6963822 0.7071043 0.05399996 0.705038 0.7071106 0.2273389 0.6695572 0.7071141 0.3864435 0.5921768 0.7070984 0.5213609 0.4776904 0.707103 0.6236207 0.3333116 0.7071073 0.6868376 0.1680458 0.7071173 0.7070605 -0.007719993 0.707111 -0.07534408 0.4276248 0.900811 -0.08678448 0.4924117 0.8660249 0.03818035 0.4985433 0.8660237 0.1607523 0.4734593 0.8660225 0.2732625 0.4187232 0.8660246 0.3686605 0.3377918 0.8660174 0.4409791 0.2356851 0.8660197 0.4856764 0.1188324 0.8660239 0.4999742 -0.005459785 0.8660231 -0.03868651 0.2194865 0.9748483 -0.04491245 0.2548893 0.9659268 0.01975959 0.2580588 0.9659272 0.08319854 0.2450474 0.9659347 0.1414553 0.216758 0.9659225 0.1908328 0.1748524 0.9659242 0.2282745 0.1220093 0.9659217 0.2513825 0.06150645 0.9659315 0.2587912 -0.002830207 0.9659293 0.9330093 -0.2500125 -0.2588191 0.846076 -0.4660195 -0.2588077 0.8368156 -0.2242673 -0.4994435 0.7585556 -0.4178133 -0.5000256 0.6827006 -0.1828954 -0.7074384 0.6193565 -0.3411435 -0.70712 0.4829559 -0.1294224 -0.8660274 0.4379614 -0.2412304 -0.866024 0.2500001 -0.06698614 -0.9659259 0.2267059 -0.1248734 -0.965925 0.1902294 -0.1754792 -0.9659295 0.1427014 -0.2159069 -0.9659299 0.08688461 -0.2437831 -0.9659301 0.02601706 -0.2574865 -0.9659316 -0.03635549 -0.2562268 -0.9659328 -0.09661972 -0.2400882 -0.9659309 -0.1512828 -0.2099994 -0.9659264 0.3674978 -0.3390172 -0.8660328 0.2756832 -0.4171085 -0.8660367 0.1678622 -0.4709861 -0.8660222 0.05027097 -0.49748 -0.8660176 -0.07023847 -0.4950289 -0.8660329 -0.1866733 -0.463857 -0.8660195 -0.2922218 -0.4057196 -0.8660244 0.5197125 -0.4794403 -0.7071322 0.3898934 -0.5899044 -0.707104 0.2373797 -0.6660371 -0.707139 0.07109671 -0.7035018 -0.7071284 -0.09932631 -0.7000774 -0.7071252 -0.2639956 -0.6559976 -0.7070881 -0.4133043 -0.5737434 -0.7071055 0.6365406 -0.5872109 -0.4999995 0.4775211 -0.7224819 -0.4999935 0.29074 -0.8157574 -0.5000101 0.08707034 -0.8616283 -0.5000155 -0.1216592 -0.8574366 -0.5000015 -0.3233129 -0.8033917 -0.5000305 -0.5061561 -0.702712 -0.5000019 0.7099424 -0.654941 -0.2589098 0.5325968 -0.8057962 -0.2589077 0.3242561 -0.9098497 -0.2589048 0.09711939 -0.9610313 -0.2588184 -0.1356911 -0.9563488 -0.2588145 -0.3606081 -0.8960824 -0.2588402 -0.5645625 -0.7837637 -0.2588124 -0.03637063 -0.2562558 0.9659246 -0.0702666 -0.4950203 0.8660355 -0.09936416 -0.7000488 0.7071483 -0.1216979 -0.8574205 0.5000199 -0.1357477 -0.9563264 0.2588672 -0.1405302 -0.9900764 9.18657e-6 -0.3733962 -0.927672 3.63328e-5 -0.360656 -0.8960829 0.2587718 -0.5845433 -0.8113626 -5.97909e-7 -0.5646252 -0.7837219 0.2588023 -0.7617272 -0.6478979 1.17347e-5 -0.7357719 -0.625824 0.2588131 -0.8946389 -0.4467899 3.46694e-5 -0.8641539 -0.4315565 0.2588381 -0.9755657 -0.2197078 3.99426e-5 -0.9423162 -0.2122206 0.2588489 -0.9997971 0.02014601 3.95998e-5 -0.9657161 0.01946467 0.2588697 -0.9328797 0.2499652 0.2593317 -0.3233577 -0.8033697 0.5000371 -0.5062163 -0.7026434 0.5000373 -0.6596616 -0.5610954 0.5000186 -0.7747776 -0.3869299 0.500005 -0.8448542 -0.1902669 0.50002 -0.8658365 0.01744002 0.5000233 -0.8365634 0.2241134 0.4999349 -0.2640092 -0.6559396 0.7071368 -0.4133219 -0.573711 0.7071215 -0.5386142 -0.458135 0.7071118 -0.6326074 -0.315929 0.7071045 -0.6898259 -0.1553598 0.7071093 -0.7069434 0.01424014 0.7071269 -0.6830125 0.183008 0.7071082 -0.1866894 -0.4638403 0.866025 -0.2922579 -0.4056655 0.8660376 -0.3808465 -0.3239396 0.8660364 -0.4473024 -0.2233809 0.8660379 -0.4877657 -0.1098462 0.8660361 -0.4998921 0.01006948 0.8660292 -0.4829633 0.1293999 0.8660266 -0.09663099 -0.2400768 0.9659325 -0.1512821 -0.2099896 0.9659287 -0.1971417 -0.1676844 0.9659281 -0.2315557 -0.1156442 0.9659236 -0.252516 -0.05686402 0.9659204 -0.2587685 0.005210041 0.9659253 -0.2499972 0.06697714 0.9659273 -0.9330134 0.2499986 0.2588179 -0.8365181 0.2241337 0.5000014 -0.6830006 0.1830384 0.7071118 -0.4829541 0.1294264 0.8660278 -0.2499867 0.06700605 0.965928 -0.1691887 0.9600506 0.222886 -0.1676523 0.9512661 0.2588159 -0.1563412 0.8871314 0.4342298 -0.1503055 0.8528817 0.5000011 -0.1356807 0.7698707 0.6236105 -0.1227223 0.6963741 0.7071086 -0.1082382 0.6141492 0.7817322 -0.08676904 0.4924162 0.866024 -0.07537651 0.4276221 0.9008095 -0.04490202 0.2548965 0.9659253 -0.03868252 0.2194854 0.9748487 0.07632136 0.9970833 -8.44151e-6 0.3214948 0.9469114 -2.22028e-6 0.546515 0.8374494 -2.53618e-5 0.7377767 0.675045 -3.36617e-5 0.8819149 0.4714086 -3.02717e-5 0.9713847 0.2375121 9.31323e-7 0.9999307 -0.01177328 8.04663e-6 0.9330168 -0.2499843 -0.2588195 0.8365167 -0.2241347 -0.5000037 0.6830127 -0.1829802 -0.7071152 0.4829643 -0.1293898 -0.8660277 0.249997 -0.06698375 -0.965927 -1.32805e-6 0 -1 0.08061152 -0.02161705 -0.9965112 0.1600722 -0.04276341 -0.9861786 0.08827298 -0.02356958 -0.9958176 0.1609146 -0.04306453 -0.9860284 0.3405475 -0.09124314 -0.9357897 0.3674148 -0.09845429 -0.9248315 0.3910914 -0.1047646 -0.9143697 0.2063761 -0.05522125 -0.9769133 0.6044625 -0.1619326 -0.7800019 0.592938 -0.1588419 -0.7894263 0.5264061 -0.1409878 -0.8384624 0.4335977 -0.1161452 -0.8935902 -0.4454261 -0.8571123 -0.2587552 -0.1817737 -0.9486783 -0.2587814 0.09793764 -0.9699162 -0.2228691 -0.04278743 -0.9650329 -0.2586134 0.0970202 -0.9610413 -0.2588182 0.09051114 -0.896241 -0.434235 -0.03837025 -0.865172 -0.5000053 0.08700102 -0.8616434 -0.5000016 0.07853043 -0.7777884 -0.6236011 -0.03132975 -0.7063899 -0.7071292 0.07103639 -0.7035294 -0.707107 0.06265139 -0.6204611 -0.7817308 -0.02216041 -0.4995233 -0.8660171 0.05024886 -0.4974668 -0.8660266 0.04361635 -0.432011 -0.9008131 -0.01147061 -0.258583 -0.9659209 0.02600491 -0.257513 -0.9659249 0.02239185 -0.2217461 -0.9748473 -0.1629713 -0.8505619 -0.4999848 -0.1330667 -0.6945058 -0.707075 -0.09409385 -0.4910913 -0.8660115 -0.04869997 -0.2541974 -0.9659255 -0.3169193 -0.912459 -0.2588063 -0.2841456 -0.818096 -0.4999801 -0.2319971 -0.6679525 -0.7071188 -0.1640549 -0.4723353 -0.866017 -0.08492511 -0.2445049 -0.9659219 -0.3993577 -0.7684625 -0.4999788 -0.3260735 -0.6274471 -0.7070971 -0.2305709 -0.4436622 -0.8660259 -0.1193718 -0.2297008 -0.9659131 -0.1402446 -0.9901169 -1.30273e-5 -0.3733313 -0.9276982 -2.05077e-5 -0.5845424 -0.8113632 -2.65092e-5 -0.761331 -0.6483634 5.01424e-6 -0.8944605 -0.4471471 -5.4054e-6 -0.975571 -0.2196846 -1.53631e-5 -0.9997835 0.02081042 -2.29962e-5 -0.3906627 0.9205339 1.6652e-5 -0.3773439 0.8891576 0.2588636 -0.3383313 0.7971953 0.5000118 -0.276239 0.6509166 0.7071065 -0.1953182 0.4602467 0.8660391 -0.8829383 0.469489 3.56287e-5 -0.8528501 0.4534933 0.2588257 -0.7646561 0.4065955 0.4999814 -0.6243262 0.3319784 0.7071118 -0.441471 0.2347404 0.8660256 -0.2284892 0.1214936 0.9659358 -0.7546846 0.6560879 6.65896e-6 -0.7289723 0.633724 0.2588306 -0.653578 0.5681886 0.4999976 -0.5336123 0.4638907 0.7071516 -0.37734 0.3280385 0.8660284 -0.1953287 0.1698082 0.9659255 -0.5877389 0.8090508 8.53092e-6 -0.5677219 0.7814719 0.2588315 -0.5089921 0.7006509 0.5000155 -0.4155972 0.5720757 0.7071127 -0.2938579 0.4045009 0.8660408 -0.1521259 0.2094066 0.9659227 -0.1010999 0.2382287 0.9659327 -0.03869104 0.2194991 -0.9748453 -0.07535427 0.4276384 -0.9008037 -0.04492098 0.2548897 -0.9659262 0.01975792 0.258036 -0.9659333 0.0832026 0.2450593 -0.9659313 0.1414453 0.2167423 -0.9659276 0.1908187 0.1748408 -0.965929 0.2282516 0.1219958 -0.9659287 0.2513708 0.06150215 -0.9659349 0.2587834 -0.002829551 -0.9659312 -0.1082357 0.6141507 -0.7817316 -0.08677768 0.4924135 -0.8660247 0.03818058 0.4985464 -0.8660218 0.1607457 0.4734413 -0.8660336 0.27327 0.4187374 -0.8660154 0.3686342 0.3377655 -0.8660389 0.4409859 0.2356893 -0.866015 0.4856591 0.1188277 -0.8660342 0.4999818 -0.005460262 -0.8660188 -0.1356496 0.7698789 -0.6236072 -0.1227188 0.6963754 -0.7071079 0.05399829 0.7050119 -0.7071369 0.2273382 0.669553 -0.7071183 0.3864392 0.5921682 -0.707108 0.5213607 0.4776912 -0.7071027 0.6236274 0.3333142 -0.7071 0.6868556 0.1680523 -0.7070982 0.7070422 -0.007720947 -0.7071293 -0.1563282 0.8871371 -0.4342226 -0.1502949 0.8525399 -0.500587 0.06613022 0.8634975 -0.4999989 0.2784211 0.8200284 -0.5000351 0.4733036 0.7252576 -0.4999852 0.6385133 0.5850331 -0.5000372 0.7637849 0.4082214 -0.4999879 0.8411986 0.2058188 -0.5000236 0.8659708 -0.009459495 -0.5000051 -0.1691685 0.9600608 -0.2228569 -0.1676174 0.9512704 -0.2588226 0.07374864 0.9631017 -0.2588363 0.3105478 0.9146385 -0.2588368 0.5278929 0.8089128 -0.258823 0.7121756 0.6525271 -0.2588714 0.8518742 0.4553031 -0.258862 0.938243 0.2295655 -0.2588432 0.9658554 -0.01056134 -0.2588666 0.5606609 -0.02515095 -0.8276634 0.5217599 0.3011228 -0.7981804 0.4475455 0.3363535 -0.8285948 0.3574889 0.2683996 -0.8945185 0.5751394 0.2138239 -0.7896165 0.6310691 0.1920402 -0.7515799 0.7245447 0.223816 -0.6518752 0.6759065 0.315645 -0.6659719 0.8074743 0.168413 -0.5653517 0.2883032 0.2163766 -0.9327714 0.2818098 0.211624 -0.9358412 0.4097642 0.187283 -0.892759 0.2054545 0.1552125 -0.9662802 0.8807342 -0.05985862 -0.469813 0.8503981 -0.02104198 -0.5257188 0.7836152 -0.06612771 -0.617717 0.796235 -0.0243144 -0.6044988 0.7382965 -0.03117018 -0.6737556 0.6927389 -0.08603137 -0.7160387 0.6297248 -0.05551648 -0.7748321 0.6006069 0.04294914 -0.7983901 0.5019543 0.08136898 -0.8610581 0.3878461 0.03852057 -0.920919 0.2988842 0.06508004 -0.9520677 0.2121463 0.01176112 -0.9771671 0.2962237 -0.01131176 -0.9550516 0.3881948 -0.03899103 -0.9207522 0.4836423 0.005759358 -0.8752468 0.1522499 0.1154062 -0.9815811 0.214483 0.08540326 -0.9729869 0.1332229 0.1016101 -0.9858636 0.1320592 0.1004317 -0.986141 0.06216049 0.04806345 -0.9969083 0.7967828 0.2505548 -0.5498723 0.5941759 0.3472597 -0.7255107 0.7432847 0.2831807 -0.606083 0.66862 0.2508304 -0.7000225 0.6012939 0.2766509 -0.7496066 0.5114629 0.2338449 -0.826875 0.4389741 0.2519784 -0.8624435 0.3095736 0.1384012 -0.9407494 0.5168157 0.1543179 -0.8420734 0.5773079 0.1742055 -0.7977268 0.490801 0.3700557 -0.7887795 0.5002496 0.3772381 -0.7793856 0.406324 0.1135142 -0.9066506 0.6134946 0.1147703 -0.7813143 0.6721299 0.1311595 -0.728724 0.7233663 0.1449993 -0.6750678 0.9883966 -0.07544755 -0.1318324 0.8692104 0.1866267 -0.4578686 0.9118968 0.1230168 -0.3915498 0.9459307 -0.07841002 -0.3147494 0.979243 -0.109339 -0.1706695 0.9715437 -0.04939091 -0.2316535 0.9286457 -0.0297867 -0.3697702 0.9398354 0.02441817 -0.3407541 0.8937255 -0.02380996 -0.4479821 0.9693922 0.01548284 -0.2450286 0.9465945 0.06720578 -0.315345 0.9094401 0.06609261 -0.4105491 0.8655308 0.1112707 -0.4883392 0.8351932 0.1034811 -0.5401334 0.7992429 0.09434217 -0.5935575 0.7566695 0.0835309 -0.6484396 0.7069699 0.07068485 -0.7037025 0.6561313 0.05796623 -0.7524172 0.058164 0.04496705 -0.9972938 0.6797566 0.005094945 -0.7334202 0.7405203 0.01541161 -0.6718573 0.7963171 0.02245062 -0.6044626 0.8451195 0.02653878 -0.5339182 0.8852339 0.02792 -0.4643074 0.9164671 0.0270884 -0.399192 0.3222418 0.2424286 -0.9150894 -0.08763813 -0.6172878 -0.7818411 -0.06099975 -0.4295539 -0.9009787 -0.1619974 -0.4024711 -0.900985 -0.03127098 -0.2203062 -0.9749295 -0.08309823 -0.206449 -0.9749223 -0.130069 -0.1805499 -0.9749276 -0.1694933 -0.1441653 -0.97493 -0.199088 -0.09942376 -0.9749251 -0.2170713 -0.04888755 -0.9749309 -0.2224498 0.004478454 -0.9749339 -0.1620201 0.04340952 -0.9858323 -0.2149407 0.05759906 -0.9749271 -0.3897845 0.1044445 -0.9149641 -0.4337788 0.008739352 -0.9009771 -0.4232739 -0.09532827 -0.9009727 -0.3881567 -0.1938431 -0.9009768 -0.3304969 -0.2811061 -0.9009724 -0.2536271 -0.3520482 -0.9009636 -0.2327941 -0.5783863 -0.7818416 -0.3644498 -0.5058664 -0.7818412 -0.4749317 -0.4039621 -0.7818278 -0.5578026 -0.2785723 -0.7818272 -0.6082473 -0.1369773 -0.7818391 -0.6233464 0.01255977 -0.781845 -0.1098679 -0.7740744 -0.6234885 -0.2919163 -0.7252734 -0.623509 -0.4570067 -0.634347 -0.6234973 -0.595521 -0.5065328 -0.6235218 -0.699469 -0.3493116 -0.6234777 -0.762735 -0.1717714 -0.6234822 -0.781679 0.01574867 -0.6234822 -0.1265852 -0.892017 -0.4339147 -0.4190992 0.112305 -0.9009681 -0.5938046 0.1591057 -0.7887215 -0.6022413 0.1613727 -0.781834 -0.7551922 0.2023558 -0.6234878 -0.7618583 0.2041169 -0.6147424 -0.900781 0.01814585 -0.4338943 -0.8789506 -0.1979439 -0.4338942 -0.8060464 -0.4025439 -0.4338752 -0.6862887 -0.5837388 -0.4338858 -0.526651 -0.7310205 -0.4338753 -0.3364077 -0.8358044 -0.4338905 -0.1369382 -0.9652834 -0.2224317 -0.3639749 -0.9044327 -0.2225395 -0.5698872 -0.7910143 -0.2225425 -0.7426292 -0.6316445 -0.2225469 -0.8722153 -0.4355956 -0.2224795 -0.951086 -0.2142331 -0.2225753 -0.974721 0.01964706 -0.2225601 -0.8702764 0.2331705 -0.4338786 -0.8837852 0.2368027 -0.4035447 -0.9418513 0.2523345 -0.2219089 -0.9522424 0.2551308 -0.167758 -0.8830401 0.4692978 -2.70084e-5 -0.754683 0.6560897 -2.69115e-5 -0.5882761 0.8086602 8.22544e-6 -0.3910478 0.9203705 -2.26945e-5 -0.1692031 0.9600483 -0.2228852 -0.167654 0.9512656 -0.2588163 -0.1563732 0.8871303 -0.4342206 -0.1503224 0.8528788 -0.5000011 -0.1356728 0.7698694 -0.6236137 -0.1227501 0.6963677 -0.7071099 -0.1082416 0.6141452 -0.7817349 -0.0867663 0.4924147 -0.8660251 -0.075365 0.4276456 -0.9007993 -0.04490661 0.2548925 -0.9659261 -0.03870016 0.2195104 -0.9748423 0.2434136 -0.8820913 -0.4033171 0.2098336 -0.7603549 -0.6146791 0.163483 -0.5925276 -0.7887868 0.2622317 -0.9503537 -0.1675186 0.05599135 -0.9842781 -0.1675164 -0.1527795 -0.9739581 -0.1675229 -0.354671 -0.9198651 -0.1675014 -0.5406259 -0.8244171 -0.1675112 -0.7022676 -0.6919214 -0.1675262 -0.6518334 -0.6422204 -0.403319 -0.5618917 -0.5535793 -0.6146768 -0.4378449 -0.4314059 -0.7887845 -0.2872906 -0.2830587 -0.9150639 -0.1193327 -0.1175798 -0.9858676 0.04456526 -0.1614939 -0.985867 0.0315054 -0.07689064 -0.9965416 -0.09186953 -0.1400863 -0.985868 -0.06026238 -0.1562945 -0.9858704 -0.02596008 -0.1654877 -0.9858702 0.009511828 -0.1672577 -0.9858674 0.1072752 -0.3887896 -0.9150599 -0.2211775 -0.3372404 -0.915068 -0.1450929 -0.3762894 -0.9150708 -0.06239014 -0.3984591 -0.9150617 0.02291077 -0.4026552 -0.9150651 -0.3371202 -0.5139694 -0.7887874 -0.2211181 -0.5734937 -0.788804 -0.09524685 -0.6072325 -0.7887946 0.03486913 -0.6136679 -0.7887939 -0.4325292 -0.6595742 -0.6147199 -0.283765 -0.7359591 -0.6146883 -0.1222285 -0.7792397 -0.6146916 0.04479956 -0.787473 -0.614719 -0.5017936 -0.7651926 -0.4033401 -0.3291854 -0.8537644 -0.4033899 -0.1417981 -0.9040123 -0.4033052 0.05197334 -0.913538 -0.4034192 0.1527797 0.9739581 -0.1675236 -0.1635069 0.5925328 -0.7887778 0.4378284 0.431407 -0.788793 0.2872856 0.2830588 -0.9150654 0.1193283 0.1175698 -0.9858693 -0.03159451 0.07702505 -0.9965285 0.09186762 0.1400821 -0.9858688 0.06025648 0.1562786 -0.9858734 0.02596437 0.1654883 -0.98587 -0.009508788 0.1672238 -0.9858732 -0.044559 0.1614596 -0.9858729 -0.1073028 0.388809 -0.9150485 -0.2098097 0.760361 -0.6146796 -0.243366 0.8821045 -0.4033172 -0.2622386 0.9503524 -0.1675155 -0.05599164 0.984281 -0.1674988 0.354669 0.9198596 -0.1675358 0.5406257 0.8244177 -0.1675096 0.7022802 0.6919115 -0.1675148 0.6518447 0.6422109 -0.403316 0.5618818 0.5535882 -0.6146779 0.2211699 0.3372928 -0.9150506 0.1450718 0.376327 -0.9150586 0.06249922 0.3984321 -0.9150661 -0.02293092 0.4026835 -0.9150521 0.3371149 0.5139619 -0.7887945 0.2211304 0.5735192 -0.7887821 0.09518837 0.6072614 -0.7887794 -0.03491711 0.6136795 -0.7887828 0.4325469 0.6595962 -0.6146838 0.2837659 0.7359609 -0.6146857 0.1222291 0.7792389 -0.6146925 -0.04479825 0.7874807 -0.6147093 0.5017915 0.76519 -0.403348 0.3291946 0.8537673 -0.4033761 0.1417998 0.9040111 -0.4033071 -0.05196285 0.9135373 -0.4034222 3.58155e-6 0 -1 -0.1620889 0.04343259 -0.9858199 -0.228495 0.1214989 -0.9659338 -0.1011052 0.2382398 -0.9659294 -0.4414569 0.2347329 -0.8660348 -0.3897231 0.1044399 -0.9149909 -0.2499972 0.06699204 -0.9659262 -0.1953242 0.460258 -0.8660318 -0.6243097 0.3319689 -0.7071309 -0.5937735 0.1591161 -0.7887427 -0.4829611 0.1294153 -0.8660257 -0.276235 0.6509065 -0.7071174 -0.7646309 0.4065702 -0.5000404 -0.7618615 0.204132 -0.6147335 -0.683012 0.1830087 -0.7071086 -0.3383312 0.7971992 -0.5000055 -0.9522286 0.2551594 -0.167793 -0.9330118 0.2500008 -0.2588216 -0.8528371 0.4534934 -0.258868 -0.8838047 0.2368214 -0.4034907 -0.8365197 0.2241385 -0.4999967 -0.1953446 0.1698225 -0.9659197 -0.3773466 0.3280472 -0.8660224 -0.5336416 0.4639213 -0.7071093 -0.6535687 0.5681817 -0.5000176 -0.7289744 0.6337147 -0.2588477 -0.1521021 0.2093744 -0.9659335 -0.2938728 0.4045229 -0.8660255 -0.4155916 0.5720707 -0.7071201 -0.5089896 0.700644 -0.5000277 -0.5677397 0.7814542 -0.2588458 -0.3773354 0.8891512 -0.258898 -0.8846301 0.2363227 -0.4019717 -0.9010552 0.240757 -0.3607434 -0.9207483 0.219269 -0.322713 -0.9514282 0.2544494 -0.1733207 -0.8585307 0.1321902 -0.4954301 -0.8917285 0.1628172 -0.4222688 -0.9330976 0.1598104 -0.3221641 -0.8526819 0.1733492 -0.4928325 -0.8058642 0.146173 -0.5737739 -0.7530515 0.2018488 -0.6262353 -0.8260281 0.1920626 -0.529896 -0.9587474 0.1839491 -0.2167171 -0.9690091 0.2124792 -0.1259928 -0.945943 0.2557859 -0.1994129 -0.9555237 0.2473168 -0.1606511 -0.9389973 0.2143148 -0.2689855 -0.9664621 0.2455504 -0.07520645 -0.9560644 0.2114016 -0.2031013 -0.964781 0.2428901 -0.1010062 -0.7645267 0.2046837 -0.6112313 -0.813723 0.2179322 -0.538851 -0.8807163 0.2354205 -0.4109941 -0.07112914 0.1132116 -0.9910216 -0.02468019 0.03037369 -0.9992339 -0.06953096 0.2783646 -0.9579554 0.1153327 0.9676106 -0.2245621 -0.03394186 0.3012559 -0.952939 -0.04475444 0.2944843 -0.9546078 -0.04882127 0.488596 -0.8711432 0.05042356 0.2538612 -0.9659255 0.07112616 0.1131985 -0.9910233 0.1882504 0.9474049 -0.2588164 0.1219765 0.8908559 -0.4376044 0.1687459 0.849424 -0.5000037 0.1223611 0.7683798 -0.6281881 0.1377928 0.6935492 -0.7071087 0.116506 0.6064701 -0.7865244 0.09745329 0.4904227 -0.8660188 0.1046308 0.4134305 -0.9045041 0.08742421 0.1992091 -0.9760496 0.08240312 0.2354948 -0.9683759 0.03394991 0.3012591 -0.9529378 -0.04296183 0.9767525 -0.2100211 -0.04769247 0.9105483 -0.4106427 -0.05033832 0.8036468 -0.5929738 -0.05071473 0.6608782 -0.7487778 -0.08241009 0.2355333 -0.968366 -0.1798521 0.9505366 -0.2532461 -0.1668868 0.8556112 -0.489978 -0.1430281 0.7048882 -0.6947486 -0.1098717 0.5081728 -0.8542182 -0.1882448 0.9474062 -0.2588153 -0.1687743 0.8494171 -0.500006 -0.137804 0.6935471 -0.7071086 -0.09743601 0.4904198 -0.8660224 -0.05042809 0.2538554 -0.9659268 0.4042799 0.8772675 -0.2587653 0.2182597 0.04336011 -0.9749271 0.2350862 0.1083397 -0.9659177 0.253629 0.05040031 -0.9659876 0.4255656 0.08455538 -0.9009686 0.4540907 0.2092604 -0.8660323 0.4902577 0.0974133 -0.8661168 0.6115437 0.1214755 -0.78183 0.6422104 0.2959671 -0.7070851 0.6935448 0.1378169 -0.7071083 0.7668412 0.1523447 -0.6234947 0.7865301 0.362464 -0.4999902 0.8495113 0.1687962 -0.4998384 0.8836995 0.1755646 -0.4338806 0.8772633 0.4042758 -0.2587861 0.9474708 0.1882416 -0.2585815 0.2032662 0.1602253 -0.9659249 0.3926591 0.3095225 -0.8660339 0.5553284 0.4377465 -0.7070987 0.6801246 0.5361158 -0.5000104 0.7585917 0.5979614 -0.2588065 0.9562355 0.1899964 -0.2225201 0.5979625 0.7585914 -0.2588049 0.5361346 0.6801456 -0.4999617 0.437734 0.5553123 -0.7071191 0.3095226 0.3926611 -0.8660329 0.1602151 0.2032555 -0.9659288 0.3624681 0.7865441 -0.4999654 0.2959539 0.6422079 -0.7070929 0.209272 0.454105 -0.8660219 0.1083149 0.2350471 -0.9659301 -0.8772603 0.4042782 -0.2587928 -0.7585976 0.597967 -0.2587763 -0.218262 0.04336982 -0.9749261 -0.2350754 0.1083331 -0.9659211 -0.2536185 0.05038893 -0.965991 -0.4255698 0.08455169 -0.9009669 -0.4541156 0.2092824 -0.8660138 -0.4902467 0.09740853 -0.8661234 -0.6115326 0.1215129 -0.7818328 -0.642211 0.2959699 -0.7070834 -0.6935474 0.1378107 -0.707107 -0.7668435 0.1523562 -0.6234892 -0.7865295 0.3624641 -0.4999913 -0.1083144 0.2350463 -0.9659302 -0.2092677 0.454093 -0.8660292 -0.2959591 0.6422162 -0.7070832 -0.3624605 0.7865297 -0.4999934 -0.4042748 0.8772683 -0.2587705 -0.5979592 0.7585888 -0.2588205 -0.5361298 0.6801442 -0.4999687 -0.437753 0.5553361 -0.7070885 -0.3095331 0.3926743 -0.8660233 -0.1602225 0.2032643 -0.9659258 -0.6801257 0.5361139 -0.500011 -0.5553338 0.4377488 -0.7070929 -0.3926664 0.3095263 -0.8660293 -0.2032713 0.1602289 -0.9659232 -0.8495115 0.1688016 -0.4998363 -0.8837001 0.175563 -0.4338802 -0.9474703 0.1882501 -0.2585771 -0.9562339 0.1900036 -0.222521 0.2182527 -0.04337549 -0.974928 0.1368228 -0.07898187 -0.9874418 0.3838998 -0.1024752 -0.917671 0.4902332 -0.09739834 -0.8661322 0.425568 -0.08455902 -0.900967 0.5540775 -0.1137158 -0.8246617 0.2536419 -0.05040329 -0.9659842 0.6935478 -0.1378108 -0.7071066 0.6115368 -0.1215134 -0.7818295 0.7033756 -0.1206034 -0.7005124 0.8261133 -0.122965 -0.5499241 0.7668361 -0.1523818 -0.6234921 0.9474674 -0.1882426 -0.2585932 0.8836989 -0.1755711 -0.433879 0.9176658 -0.1207267 -0.3785691 0.849513 -0.1687964 -0.4998355 0.9745855 -0.1138653 -0.1929196 0.9562346 -0.189998 -0.2225223 0.1992019 -0.08740484 -0.9760528 0.2643957 -0.07082891 -0.9618099 0.4620076 0.04837214 -0.8855559 0.3096635 7.59587e-6 -0.9508463 0.2944599 0.04473888 -0.9546161 0.2643734 0.07083082 -0.9618159 0.2436553 0.06332004 -0.9677927 0.1367999 0.07897967 -0.9874453 0.03036099 0.0246647 -0.9992346 0.6143416 0.05036199 -0.7874313 0.7465206 0.05076074 -0.6634232 0.4452754 0.09894472 -0.8899101 0.6255274 0.1298329 -0.7693238 0.8541696 0.0494889 -0.5176344 0.7757627 0.1545064 -0.611817 0.8887677 0.1717553 -0.4249613 0.93377 0.04661262 -0.3548255 0.9826897 0.04216688 -0.1803962 0.9591366 0.1807351 -0.2176967 -0.1368068 0.07898515 -0.9874439 -0.3838784 0.1024795 -0.9176794 -0.5540812 0.1136962 -0.8246619 -0.7033726 0.1205989 -0.7005162 -0.8261098 0.1229943 -0.5499227 -0.9176696 0.1206943 -0.3785703 -0.9745842 0.1138694 -0.1929236 -0.1992129 0.08740562 -0.9760504 -0.2643765 0.07083153 -0.9618149 -0.4620068 -0.04836916 -0.8855565 -0.3096998 2.81446e-6 -0.9508344 -0.2944633 -0.04473519 -0.9546152 -0.2643722 -0.07083094 -0.9618162 -0.2436807 -0.06333208 -0.9677855 -0.1368062 -0.0789802 -0.9874443 -0.03038376 -0.02467763 -0.9992337 -0.6143457 -0.05039411 -0.7874261 -0.7465206 -0.05076009 -0.6634232 -0.4452732 -0.09895724 -0.8899098 -0.6255273 -0.129833 -0.7693238 -0.2182651 -0.04335922 -0.9749259 -0.2536175 -0.05039167 -0.9659911 -0.4255657 -0.08455133 -0.9009689 -0.4902431 -0.09739434 -0.8661271 -0.6115313 -0.1215175 -0.781833 -0.6935483 -0.1378129 -0.7071058 -0.8541623 -0.04952549 -0.5176427 -0.7757658 -0.1544967 -0.6118156 -0.766838 -0.1523696 -0.6234926 -0.8887683 -0.1717588 -0.4249587 -0.9336899 -0.04688054 -0.3550006 -0.8495115 -0.1688038 -0.4998356 -0.883695 -0.1755833 -0.4338823 -0.9474686 -0.1882447 -0.2585873 -0.9826938 -0.04214406 -0.1803795 -0.9591333 -0.1807498 -0.2176991 -0.9562322 -0.1900109 -0.2225217 0.8772597 -0.4042972 -0.2587645 0.7585918 -0.5979648 -0.2587988 0.2350693 -0.1083281 -0.9659232 0.4541025 -0.2092711 -0.8660234 0.6422014 -0.2959551 -0.7070983 0.786531 -0.3624655 -0.499988 0.0504285 -0.2538553 -0.9659268 0.1083198 -0.2350599 -0.9659264 0.09741425 -0.4904274 -0.8660205 0.209262 -0.4540835 -0.8660356 0.1378045 -0.6935449 -0.7071105 0.2959427 -0.6421819 -0.7071212 0.1687424 -0.8494234 -0.5000059 0.362457 -0.7865235 -0.5000058 0.1882494 -0.9474029 -0.2588244 0.4042755 -0.8772642 -0.2587836 0.5979607 -0.7585908 -0.2588111 0.5361208 -0.6801307 -0.4999967 0.4377485 -0.5553286 -0.7070972 0.3095236 -0.3926621 -0.8660323 0.1602149 -0.2032532 -0.9659293 0.6801344 -0.5361229 -0.4999895 0.5553229 -0.4377419 -0.7071058 0.3926745 -0.309534 -0.8660227 0.2032717 -0.1602284 -0.9659232 -0.4042649 -0.8772758 -0.2587606 -0.5979614 -0.758597 -0.258791 -0.235077 -0.1083333 -0.9659207 -0.4541181 -0.2092836 -0.8660122 -0.6421942 -0.2959449 -0.707109 -0.7865335 -0.3624712 -0.4999797 -0.8772554 -0.4042611 -0.2588362 -0.75859 -0.5979601 -0.2588148 -0.6801425 -0.5361284 -0.4999726 -0.5553153 -0.4377357 -0.7071157 -0.3926836 -0.3095401 -0.8660165 -0.2032673 -0.1602258 -0.9659245 -0.5361189 -0.6801285 -0.5000017 -0.4377343 -0.5553138 -0.7071176 -0.3095226 -0.3926594 -0.8660337 -0.160219 -0.2032577 -0.9659277 -0.3624626 -0.7865358 -0.4999822 -0.2959454 -0.6421911 -0.7071117 -0.2092711 -0.4541038 -0.8660227 -0.1083343 -0.2350894 -0.9659175 -0.1882381 -0.9474065 -0.2588192 -0.1687654 -0.8494211 -0.500002 -0.1377928 -0.6935484 -0.7071095 -0.09744149 -0.4904181 -0.8660227 -0.0504474 -0.2538566 -0.9659254 0.07111901 -0.1131892 -0.9910249 0.02468466 -0.03038281 -0.9992336 0.06951719 -0.2783396 -0.9579637 -0.1153385 -0.9676107 -0.224559 0.03394377 -0.3012559 -0.952939 0.04475808 -0.2945021 -0.9546022 0.04879844 -0.488565 -0.8711618 -0.07112044 -0.1132022 -0.9910234 -0.1220002 -0.8908542 -0.4376014 -0.1223903 -0.7683758 -0.6281875 -0.1165035 -0.6064686 -0.7865258 -0.1046091 -0.4134374 -0.9045035 -0.08742165 -0.1991982 -0.9760521 -0.08240294 -0.2354832 -0.9683787 -0.03394955 -0.301272 -0.9529337 0.04301059 -0.976749 -0.210028 0.04771429 -0.9105364 -0.4106662 0.05035465 -0.803635 -0.5929886 0.05072718 -0.6608775 -0.7487775 0.08240783 -0.2354927 -0.9683761 0.1798275 -0.9505417 -0.2532443 0.1668719 -0.8556162 -0.4899743 0.1430223 -0.7048946 -0.6947433 0.1098634 -0.5081796 -0.8542152 -1.08133e-6 1 0 1.22009e-6 1 0 0.2592619 0.9658071 0 0.2589091 0.9659018 0 0.4999358 0.8660625 0 0.4999373 0.8660616 0 0.7071054 0.7071083 0 0.7071075 0.7071062 0 0.8660609 0.4999386 0 0.8661309 0.4998173 0 0.9658066 0.2592637 0 0.9658071 0.2592622 0 1 1.76554e-6 0 1 -4.25835e-7 0 0.9658072 -0.2592615 0 0.9659018 -0.2589086 0 0.8661309 -0.4998173 0 0.8660609 -0.4999386 0 0.7071077 -0.7071059 0 0.7071052 -0.7071085 0 0.4998186 -0.8661301 0 0.4998161 -0.8661316 0 0.2589094 -0.9659016 0 0.2592616 -0.9658072 0 1.20095e-6 -1 0 -1.0909e-6 -1 0 -0.259262 -0.9658071 0 -0.258909 -0.9659018 0 -0.4999359 -0.8660624 0 -0.499937 -0.8660618 0 -0.7070199 -0.7071937 0 -0.7070206 -0.707193 0 -0.8660585 -0.4999429 -3.03227e-7 -0.86606 -0.4999401 0 -0.9659553 -0.2587093 0 -0.9659565 -0.2587046 0 -1 -1.36363e-6 0 -1 2.69855e-6 0 -0.9659563 0.2587052 0 -0.9659314 0.2587987 2.99057e-7 -0.86606 0.4999401 0 -0.8660585 0.4999429 3.03227e-7 -0.7070209 0.7071927 0 -0.7070845 0.7071291 0 -0.4999376 0.8660615 0 -0.4994984 0.8663149 0 -0.2592638 0.9658066 0 -0.2592617 0.9658071 0 7.16259e-6 0 -1 1.328e-6 0 -1 -3.58715e-6 0 -1 -3.58424e-6 0 -1 -1.79214e-6 0 -1 -1.79361e-6 0 -1 1.34653e-6 0 -1 -1.34653e-6 0 -1 3.58133e-6 0 -1 1.79075e-6 0 -1</float_array>
          <technique_common>
            <accessor source="#obj1-mesh-normals-array" count="4175" stride="3">
              <param name="X" type="float"/>
              <param name="Y" type="float"/>
              <param name="Z" type="float"/>
            </accessor>
          </technique_common>
        </source>
        <vertices id="obj1-mesh-vertices">
          <input semantic="POSITION" source="#obj1-mesh-positions"/>
        </vertices>
        <triangles material="mat2-material" count="8014">
          <input semantic="VERTEX" source="#obj1-mesh-vertices" offset="0"/>
          <input semantic="NORMAL" source="#obj1-mesh-normals" offset="1"/>
          <p>0 0 1 1 2 2 3 3 4 4 5 5 5 5 4 4 6 6 0 0 2 2 5 5 5 5 2 2 7 7 5 5 7 7 3 3 8 8 9 9 10 10 10 10 9 9 11 11 11 11 12 12 10 10 10 10 12 12 13 13 10 10 13 13 14 14 14 14 13 13 15 15 16 16 17 17 18 18 19 19 20 20 21 21 19 19 21 21 22 22 16 16 18 18 21 21 21 21 18 18 23 23 21 21 23 23 22 22 24 24 25 25 26 26 26 26 25 25 27 27 24 24 26 26 28 28 28 28 26 26 29 29 28 28 29 29 30 30 30 30 29 29 31 31 30 30 31 31 32 32 31 31 33 33 32 32 32 32 33 33 34 34 32 32 34 34 35 35 35 35 34 34 36 36 35 35 36 36 37 37 37 37 36 36 38 38 37 37 38 38 39 39 38 38 40 40 39 39 39 39 40 40 41 41 39 39 41 41 42 42 41 41 43 43 42 42 42 42 43 43 44 44 42 42 44 44 45 45 44 44 46 46 45 45 45 45 46 46 47 47 45 45 47 47 48 48 48 48 47 47 49 49 48 48 49 49 50 50 50 50 49 49 51 51 50 50 51 51 52 52 52 52 51 51 53 53 52 52 53 53 54 54 54 54 53 53 55 55 54 54 55 55 56 56 56 56 55 55 57 57 57 57 58 58 56 56 56 56 58 58 59 59 56 56 59 59 60 60 60 60 59 59 61 61 60 60 61 61 62 62 62 62 61 61 63 63 64 64 65 65 66 66 66 66 65 65 67 67 63 63 61 61 67 67 67 67 61 61 68 68 67 67 68 68 66 66 69 69 70 70 71 71 64 64 72 72 65 65 65 65 72 72 73 73 65 65 73 73 74 74 74 74 73 73 75 75 74 74 75 75 76 76 76 76 75 75 77 77 76 76 77 77 70 70 70 70 77 77 78 78 70 70 78 78 71 71 71 71 79 79 69 69 69 69 79 79 80 80 69 69 80 80 81 81 81 81 80 80 82 82 81 81 82 82 83 83 83 83 82 82 84 84 83 83 84 84 85 85 86 86 87 87 88 88 86 86 88 88 89 89 89 89 88 88 90 90 89 89 90 90 85 85 85 85 90 90 91 91 85 85 91 91 83 83 87 87 86 86 92 92 92 92 86 86 93 93 92 92 93 93 94 94 94 94 93 93 95 95 95 95 93 93 96 96 95 95 96 96 97 97 97 97 96 96 98 98 97 97 98 98 99 99 99 99 98 98 100 100 99 99 100 100 101 101 101 101 100 100 102 102 101 101 102 102 103 103 102 102 104 104 103 103 103 103 104 104 105 105 103 103 105 105 106 106 106 106 105 105 107 107 106 106 107 107 108 108 108 108 107 107 109 109 109 109 110 110 108 108 108 108 110 110 111 111 108 108 111 111 112 112 111 111 113 113 112 112 112 112 113 113 114 114 112 112 114 114 115 115 115 115 114 114 116 116 115 115 116 116 117 117 117 117 116 116 118 118 117 117 118 118 119 119 119 119 118 118 120 120 119 119 120 120 121 121 121 121 120 120 122 122 121 121 122 122 123 123 123 123 122 122 124 124 124 124 125 125 123 123 123 123 125 125 126 126 123 123 126 126 127 127 127 127 126 126 128 128 127 127 128 128 129 129 129 129 128 128 130 130 131 131 132 132 133 133 130 130 128 128 132 132 132 132 128 128 134 134 132 132 134 134 133 133 133 133 135 135 131 131 131 131 135 135 136 136 131 131 136 136 137 137 136 136 138 138 137 137 137 137 138 138 139 139 137 137 139 139 140 140 140 140 139 139 141 141 140 140 141 141 142 142 141 141 143 143 142 142 142 142 143 143 144 144 142 142 144 144 145 145 144 144 146 146 145 145 145 145 146 146 147 147 145 145 147 147 148 148 149 149 150 150 151 151 151 151 150 150 148 148 151 151 148 148 152 152 152 152 148 148 147 147 25 25 153 153 27 27 27 27 153 153 154 154 27 27 154 154 155 155 155 155 154 154 156 156 155 155 156 156 149 149 149 149 156 156 157 157 149 149 157 157 150 150 158 158 159 159 160 160 158 158 160 160 161 161 162 162 163 163 164 164 164 164 163 163 165 165 164 164 165 165 160 160 160 160 165 165 166 166 160 160 166 166 161 161 167 167 168 167 169 168 169 168 168 167 170 169 171 170 172 171 173 172 173 172 172 171 174 173 173 172 174 173 175 174 175 174 174 173 176 175 175 174 176 175 177 176 177 176 176 175 178 177 177 176 178 177 179 178 179 178 180 179 177 176 177 176 180 179 181 180 177 176 181 180 182 181 183 182 184 183 185 167 185 167 184 183 186 184 185 167 186 184 187 185 188 186 189 187 190 167 168 167 191 167 170 169 170 169 191 167 192 167 170 169 192 167 193 188 193 188 192 167 194 167 193 188 194 167 195 189 181 180 196 190 182 181 182 181 196 190 197 191 182 181 197 191 198 192 198 192 197 191 199 193 189 187 200 194 190 167 190 167 200 194 201 195 190 167 201 195 202 196 171 170 203 197 172 171 172 171 203 197 204 198 172 171 204 198 205 167 205 167 204 198 206 199 205 167 206 199 207 167 207 167 206 199 208 200 209 201 210 167 211 202 211 202 210 167 212 203 213 167 214 204 215 205 215 205 214 204 216 206 215 205 216 206 197 191 197 191 216 206 217 207 197 191 217 207 199 193 187 185 218 208 185 167 185 167 218 208 219 209 185 167 219 209 213 167 213 167 219 209 220 210 213 167 220 210 214 204 169 168 221 211 167 167 167 167 221 211 222 212 167 167 222 212 223 167 223 167 222 212 224 213 223 167 224 213 225 167 225 167 224 213 226 167 227 167 228 214 185 167 185 167 228 214 229 215 185 167 229 215 183 182 230 216 231 217 232 218 232 218 231 217 208 200 232 218 208 200 233 219 233 219 208 200 206 199 202 196 234 220 190 167 190 167 234 220 235 221 190 167 235 221 236 222 237 223 238 224 239 225 240 167 241 226 242 227 242 227 241 226 243 228 241 226 244 229 243 228 243 228 244 229 245 230 243 228 245 230 246 231 246 231 245 230 231 217 246 231 231 217 247 232 247 232 231 217 230 216 248 233 249 234 250 235 250 235 249 234 251 236 250 235 251 236 252 237 252 237 251 236 253 238 239 225 248 233 237 223 237 223 248 233 250 235 237 223 250 235 254 239 254 239 250 235 255 240 224 213 256 241 257 242 258 243 259 244 260 167 260 167 259 244 261 245 260 167 261 245 262 167 262 167 261 245 263 246 262 167 263 246 264 167 264 167 263 246 265 247 264 167 265 247 266 167 266 167 265 247 267 248 266 167 267 248 194 167 194 167 267 248 268 249 194 167 268 249 195 189 258 243 260 167 269 250 269 250 260 167 270 167 269 250 270 167 271 251 271 251 270 167 272 167 271 251 272 167 273 252 273 252 272 167 274 167 273 252 274 167 275 253 275 253 274 167 276 167 275 253 276 167 277 254 277 254 276 167 278 167 277 254 278 167 279 255 236 222 280 256 190 167 190 167 280 256 281 257 190 167 281 257 282 167 282 167 281 257 283 258 282 167 283 258 210 167 210 167 283 258 284 259 210 167 284 259 212 203 285 260 286 261 287 262 188 186 190 167 257 242 257 242 190 167 288 167 257 242 288 167 224 213 224 213 288 167 289 167 224 213 289 167 226 167 290 263 291 264 279 255 286 261 285 260 292 265 292 265 285 260 293 266 292 265 293 266 182 181 182 181 293 266 294 267 182 181 294 267 177 176 250 235 295 268 255 240 255 240 295 268 296 269 255 240 296 269 297 270 297 270 296 269 298 271 297 270 298 271 299 272 299 272 298 271 300 273 299 272 300 273 301 274 301 274 300 273 302 275 301 274 302 275 224 213 224 213 302 275 303 276 224 213 303 276 256 241 287 262 304 277 285 260 285 260 304 277 305 278 285 260 305 278 237 223 237 223 305 278 306 279 237 223 306 279 238 224 209 201 307 280 210 167 210 167 307 280 290 263 210 167 290 263 308 167 308 167 290 263 279 255 308 167 279 255 309 167 309 167 279 255 278 167 242 227 310 281 240 167 240 167 310 281 311 282 240 167 311 282 312 283 312 283 311 282 313 284 312 283 313 284 314 285 314 285 313 284 228 214 314 285 228 214 315 167 315 167 228 214 227 167 316 286 317 287 318 288 318 288 317 287 319 289 318 288 319 289 279 255 291 264 320 290 279 255 279 255 320 290 321 291 279 255 321 291 318 288 318 288 321 291 322 292 318 288 322 292 323 293 323 293 324 294 318 288 318 288 324 294 325 295 318 288 325 295 326 296 251 236 327 297 253 238 253 238 327 297 328 298 253 238 328 298 329 299 329 299 328 298 330 300 329 299 330 300 326 296 326 296 330 300 331 301 326 296 331 301 318 288 332 302 333 303 313 284 313 284 333 303 334 304 313 284 334 304 228 214 318 288 335 305 316 286 316 286 335 305 336 306 316 286 336 306 337 307 337 307 336 306 338 308 337 307 338 308 339 309 339 309 338 308 332 302 339 309 332 302 340 310 340 310 332 302 313 284 341 311 342 312 343 313 344 314 345 315 346 316 347 317 348 318 349 319 349 319 348 318 350 320 349 319 350 320 351 321 352 322 353 323 354 324 355 325 356 326 357 327 357 327 356 326 358 328 357 327 358 328 359 329 360 330 361 331 362 332 350 320 363 333 351 321 351 321 363 333 364 334 351 321 364 334 365 335 365 335 364 334 366 336 365 335 366 336 367 337 367 337 366 336 368 338 369 339 370 340 371 341 371 341 370 340 372 342 371 341 372 342 373 343 369 339 374 344 370 340 370 340 374 344 368 338 370 340 368 338 375 345 375 345 368 338 366 336 374 344 376 346 368 338 368 338 376 346 377 347 368 338 377 347 378 348 378 348 377 347 379 349 378 348 379 349 380 350 380 350 379 349 381 351 380 350 381 351 382 352 382 352 381 351 383 353 384 354 385 355 386 356 362 332 361 331 387 357 387 357 361 331 388 358 387 357 388 358 345 315 345 315 388 358 389 359 345 315 389 359 346 316 341 311 343 313 390 360 390 360 343 313 391 361 390 360 391 361 349 319 349 319 391 361 392 362 349 319 392 362 347 317 393 363 394 364 395 365 346 316 396 366 344 314 344 314 396 366 397 367 344 314 397 367 398 368 399 369 400 370 393 363 393 363 400 370 401 371 393 363 401 371 402 372 402 372 401 371 403 373 402 372 403 373 404 374 404 374 403 373 398 368 404 374 398 368 405 375 405 375 398 368 397 367 405 375 397 367 406 376 407 377 408 378 409 379 409 379 408 378 410 380 409 379 410 380 411 381 411 381 410 380 412 382 383 353 413 383 382 352 382 352 413 383 414 384 382 352 414 384 415 385 416 386 417 387 418 388 418 388 417 387 419 389 418 388 419 389 420 390 420 390 419 389 421 391 420 390 421 391 422 392 359 329 423 393 357 327 357 327 423 393 424 394 357 327 424 394 425 395 425 395 424 394 426 396 425 395 426 396 427 397 427 397 426 396 428 398 427 397 428 398 429 399 429 399 428 398 360 330 429 399 360 330 430 400 430 400 360 330 362 332 355 325 343 313 356 326 356 326 343 313 342 312 356 326 342 312 431 401 431 401 342 312 432 402 384 354 386 356 433 403 385 355 434 404 386 356 386 356 434 404 435 405 386 356 435 405 436 406 437 407 438 408 436 406 436 406 438 408 439 409 436 406 439 409 386 356 434 404 440 410 435 405 435 405 440 410 441 411 435 405 441 411 442 412 442 412 441 411 443 413 442 412 443 413 444 414 444 414 443 413 445 415 445 415 443 413 446 416 446 416 443 413 447 417 446 416 447 417 448 418 395 365 449 419 393 363 393 363 449 419 450 420 393 363 450 420 399 369 399 369 450 420 451 421 399 369 451 421 354 324 354 324 451 421 452 422 354 324 452 422 352 322 406 376 453 423 405 375 405 375 453 423 454 424 405 375 454 424 455 425 412 382 410 380 456 426 456 426 410 380 457 427 456 426 457 427 458 428 458 428 457 427 459 429 458 428 459 429 342 312 342 312 459 429 460 430 342 312 460 430 432 402 454 424 461 431 455 425 455 425 461 431 462 432 455 425 462 432 463 433 463 433 462 432 464 434 463 433 464 434 465 435 465 435 464 434 466 436 466 436 464 434 467 437 467 437 464 434 468 438 467 437 468 438 469 439 469 439 468 438 470 440 469 439 470 440 407 377 407 377 470 440 471 441 407 377 471 441 408 378 422 392 472 442 420 390 420 390 472 442 473 443 420 390 473 443 474 444 474 444 473 443 475 445 474 444 475 445 476 446 476 446 475 445 433 403 476 446 433 403 477 447 477 447 433 403 386 356 372 342 478 448 373 343 373 343 478 448 479 449 373 343 479 449 480 450 480 450 479 449 481 451 480 450 481 451 482 452 482 452 481 451 483 453 482 452 483 453 434 404 434 404 483 453 484 454 434 404 484 454 440 410 485 455 486 456 487 457 487 457 486 456 488 458 489 459 490 460 491 461 491 461 490 460 492 462 485 455 487 457 493 463 493 463 487 457 494 464 493 463 494 464 495 465 495 465 494 464 496 466 495 465 496 466 497 467 416 386 491 461 417 387 417 387 491 461 492 462 417 387 492 462 498 468 498 468 492 462 499 469 498 468 499 469 500 470 500 470 499 469 501 471 502 472 503 473 382 352 488 458 504 474 487 457 487 457 504 474 505 475 487 457 505 475 506 476 501 471 507 477 500 470 500 470 507 477 508 478 500 470 508 478 509 479 509 479 508 478 487 457 509 479 487 457 510 480 510 480 487 457 506 476 382 352 503 473 511 481 512 482 513 483 514 484 497 467 515 485 495 465 495 465 515 485 516 486 495 465 516 486 415 385 415 385 516 486 517 487 415 385 517 487 382 352 382 352 517 487 518 488 382 352 518 488 502 472 511 481 503 473 519 489 519 489 503 473 520 490 519 489 520 490 513 483 513 483 520 490 521 491 513 483 521 491 514 484 514 484 522 492 512 482 512 482 522 492 523 493 512 482 523 493 524 494 524 494 523 493 525 495 524 494 525 495 526 496 526 496 525 495 527 497 527 497 525 495 528 498 528 498 525 495 529 499 528 498 529 499 530 500 530 500 529 499 531 501 530 500 531 501 532 502 531 501 533 503 532 502 532 502 533 503 534 504 532 502 534 504 535 505 535 505 534 504 536 506 535 505 536 506 537 507 489 459 491 461 538 508 538 508 491 461 539 509 538 508 539 509 540 510 540 510 539 509 541 511 540 510 541 511 536 506 536 506 541 511 542 512 536 506 542 512 537 507 282 513 543 514 190 515 190 515 543 514 544 516 190 515 544 516 288 517 288 517 544 516 545 518 288 517 545 518 289 519 289 519 545 518 546 520 289 519 546 520 226 521 226 521 546 520 547 522 226 521 547 522 225 523 225 523 547 522 548 524 225 523 548 524 223 525 223 525 548 524 549 526 223 525 549 526 167 527 167 527 549 526 550 528 167 527 550 528 168 529 168 529 550 528 551 530 168 529 551 530 191 531 191 531 551 530 552 532 191 531 552 532 192 533 192 533 552 532 553 534 192 533 553 534 194 535 194 535 553 534 554 536 194 535 554 536 266 537 266 537 554 536 555 538 266 537 555 538 264 539 264 539 555 538 556 540 264 539 556 540 262 541 262 541 556 540 557 542 262 541 557 542 260 543 260 543 557 542 558 544 260 543 558 544 270 545 270 545 558 544 559 546 270 545 559 546 272 547 272 547 559 546 560 548 272 547 560 548 274 549 274 549 560 548 561 550 274 549 561 550 276 551 276 551 561 550 562 552 276 551 562 552 278 553 278 553 562 552 563 554 278 553 563 554 309 555 309 555 563 554 564 556 309 555 564 556 308 557 308 557 564 556 565 558 308 557 565 558 210 559 210 559 565 558 566 560 210 559 566 560 282 513 282 513 566 560 543 514 567 561 568 562 569 563 569 563 568 562 570 564 571 565 572 566 573 567 573 567 572 566 574 568 573 569 574 570 575 571 575 571 574 570 576 572 575 573 576 573 577 573 577 573 576 573 578 573 577 574 578 575 579 576 579 576 578 575 580 577 579 578 580 579 581 580 581 580 580 579 582 581 581 582 582 582 571 582 571 582 582 582 572 582 583 583 584 584 585 585 586 586 587 587 584 584 584 584 587 587 588 588 584 584 588 588 585 585 589 589 590 590 586 586 586 586 590 590 591 591 586 586 591 591 587 587 592 592 593 593 589 589 589 589 593 593 594 594 589 589 594 594 590 590 595 595 596 596 592 592 592 592 596 596 597 597 592 592 597 597 593 593 598 598 599 599 595 595 595 595 599 599 600 600 595 595 600 600 596 596 601 601 602 602 598 598 598 598 602 602 603 603 598 598 603 603 599 599 604 604 605 605 601 601 601 601 605 605 606 606 601 601 606 606 602 602 607 607 608 608 604 604 604 604 608 608 609 609 604 604 609 609 605 605 610 610 611 611 607 607 607 607 611 611 612 612 607 607 612 612 608 608 613 613 614 614 610 610 610 610 614 614 615 615 610 610 615 615 611 611 616 616 617 617 613 613 613 613 617 617 618 618 613 613 618 618 614 614 619 619 620 620 616 616 616 616 620 620 621 621 616 616 621 621 617 617 622 622 623 623 619 619 619 619 623 623 624 624 619 619 624 624 620 620 625 625 626 626 622 622 622 622 626 626 627 627 622 622 627 627 623 623 628 628 629 629 625 625 625 625 629 629 630 630 625 625 630 630 626 626 631 631 632 632 628 628 628 628 632 632 633 633 628 628 633 633 629 629 634 634 635 635 631 631 631 631 635 635 636 636 631 631 636 636 632 632 637 637 638 638 634 634 634 634 638 638 639 639 634 634 639 639 635 635 640 640 641 641 637 637 637 637 641 641 642 642 637 637 642 642 638 638 643 643 644 644 640 640 640 640 644 644 645 645 640 640 645 645 641 641 646 646 647 647 643 643 643 643 647 647 648 648 643 643 648 648 644 644 649 649 650 650 646 646 646 646 650 650 651 651 646 646 651 651 647 647 585 585 652 652 583 583 583 583 652 652 653 653 583 583 653 653 649 649 649 649 653 653 654 654 649 649 654 654 650 650 589 655 586 655 576 656 580 655 634 655 631 655 613 657 610 655 572 658 572 658 610 655 607 659 572 658 607 659 574 660 574 660 607 659 604 661 574 660 604 661 601 655 625 655 622 655 582 655 582 655 622 655 619 662 582 655 619 662 572 658 572 658 619 662 616 663 572 658 616 663 613 657 580 655 631 655 582 655 582 655 631 655 628 655 582 655 628 655 625 655 646 655 643 655 578 664 578 664 643 655 640 655 578 664 640 655 580 655 580 655 640 655 637 655 580 655 637 655 634 655 586 655 584 657 576 656 576 656 584 657 583 655 576 656 583 655 578 664 578 664 583 655 649 665 578 664 649 665 646 655 601 655 598 655 574 660 574 660 598 655 595 655 574 660 595 655 576 656 576 656 595 655 592 655 576 656 592 655 589 655 655 666 656 667 657 668 657 668 656 667 658 669 659 670 660 671 661 672 661 672 660 671 662 673 663 674 664 675 665 676 665 676 664 675 666 677 665 676 666 677 667 678 668 679 669 680 670 681 670 681 669 680 665 676 670 681 665 676 671 682 671 682 665 676 667 678 672 683 673 684 674 685 674 685 673 684 675 686 676 687 677 688 571 689 571 689 677 688 678 655 571 689 678 655 581 690 581 690 678 655 679 691 581 690 679 691 680 692 681 693 682 694 577 695 577 695 682 694 683 655 577 695 683 655 575 696 575 696 683 655 684 697 575 696 684 697 685 698 680 692 686 699 581 690 581 690 686 699 687 700 581 690 687 700 579 701 579 701 687 700 688 655 579 701 688 655 689 655 689 655 690 655 579 701 579 701 690 655 691 702 579 701 691 702 577 695 577 695 691 702 692 703 577 695 692 703 681 693 693 655 694 655 573 704 573 704 694 655 695 705 573 704 695 705 571 689 571 689 695 705 696 706 571 689 696 706 676 687 685 698 697 707 575 696 575 696 697 707 698 708 575 696 698 708 573 704 573 704 698 708 699 655 573 704 699 655 693 655 678 709 185 710 679 711 679 711 185 710 213 712 679 711 213 712 680 713 680 713 213 712 215 714 680 713 215 714 686 715 686 715 215 714 197 716 686 715 197 716 687 717 687 717 197 716 196 718 687 717 196 718 688 719 688 719 196 718 181 720 688 719 181 720 689 721 689 721 181 720 180 722 689 721 180 722 690 723 690 723 180 722 179 723 690 723 179 723 691 724 691 724 179 723 178 725 691 724 178 725 692 726 692 726 178 725 176 727 692 726 176 727 681 728 681 728 176 727 174 729 681 728 174 729 682 730 682 730 174 729 172 731 682 730 172 731 683 732 683 732 172 731 205 733 683 732 205 733 684 734 684 734 205 733 207 735 684 734 207 735 685 736 685 736 207 735 208 737 685 736 208 737 697 738 697 738 208 737 231 739 697 738 231 739 698 740 698 740 231 739 245 741 698 740 245 741 699 742 699 742 245 741 244 743 699 742 244 743 693 744 693 744 244 743 241 745 693 744 241 745 694 746 694 746 241 745 240 746 694 746 240 746 695 747 695 747 240 746 312 748 695 747 312 748 696 749 696 749 312 748 314 750 696 749 314 750 676 751 676 751 314 750 315 752 676 751 315 752 677 753 677 753 315 752 227 754 677 753 227 754 678 709 678 709 227 754 185 710 700 755 701 756 702 757 702 757 701 756 703 758 704 759 705 760 706 761 706 761 705 760 707 762 708 763 709 764 710 765 710 765 709 764 711 766 712 767 713 768 714 769 714 769 713 768 715 770 716 771 717 772 718 773 718 773 717 772 719 774 720 775 721 776 722 777 722 777 721 776 723 778 724 779 725 780 726 781 726 781 725 780 727 782 728 783 729 784 730 785 730 785 729 784 731 786 705 760 704 759 732 787 732 787 704 759 733 788 732 787 733 788 675 686 675 686 733 788 674 685 663 674 665 676 734 789 734 789 665 676 735 790 734 789 735 790 707 762 707 762 735 790 706 761 656 667 655 666 736 791 736 791 655 666 737 792 736 791 737 792 703 758 703 758 737 792 702 757 701 756 700 755 738 793 738 793 700 755 739 794 738 793 739 794 662 673 662 673 739 794 661 672 718 773 719 774 740 795 740 795 719 774 741 796 740 795 741 796 742 797 742 797 741 796 743 798 742 797 743 798 744 799 744 799 743 798 745 800 744 799 745 800 659 670 659 670 745 800 660 671 669 680 668 679 746 801 746 801 668 679 747 802 746 801 747 802 748 803 748 803 747 802 749 804 748 803 749 804 750 805 750 805 749 804 751 806 750 805 751 806 720 775 720 775 751 806 721 776 730 785 731 786 752 807 752 807 731 786 753 808 752 807 753 808 754 809 754 809 753 808 755 810 754 809 755 810 756 811 756 811 755 810 757 812 756 811 757 812 758 813 758 813 757 812 759 814 758 813 759 814 760 815 760 815 759 814 761 816 760 815 761 816 762 817 762 817 761 816 763 818 762 817 763 818 764 819 764 819 763 818 765 820 764 819 765 820 716 771 716 771 765 820 717 772 729 784 728 783 766 821 729 784 766 821 767 822 767 822 766 821 768 823 767 822 768 823 769 824 769 824 768 823 770 825 769 824 770 825 771 826 771 826 770 825 772 827 771 826 772 827 773 828 773 828 772 827 722 777 773 828 722 777 723 778 709 764 708 763 774 829 774 829 708 763 775 830 774 829 775 830 776 831 776 831 775 830 777 832 776 831 777 832 778 833 778 833 777 832 779 834 778 833 779 834 658 669 658 669 779 834 657 668 725 780 724 779 780 835 725 780 780 835 781 836 781 836 780 835 782 837 781 836 782 837 783 838 783 838 782 837 784 839 783 838 784 839 785 840 785 840 784 839 786 841 785 840 786 841 787 842 787 842 786 841 710 765 787 842 710 765 711 766 726 781 727 782 788 843 788 843 727 782 789 844 788 843 789 844 790 845 790 845 789 844 791 846 790 845 791 846 792 847 792 847 791 846 793 848 792 847 793 848 794 849 794 849 793 848 795 850 794 849 795 850 796 851 796 851 795 850 797 852 796 851 797 852 798 853 798 853 797 852 799 854 798 853 799 854 800 855 800 855 799 854 801 856 800 855 801 856 715 770 715 770 801 856 714 769 713 768 712 767 802 857 802 857 712 767 803 858 802 857 803 858 804 859 804 859 803 858 805 860 804 859 805 860 806 861 806 861 805 860 807 862 806 861 807 862 672 683 672 683 807 862 673 684 808 863 809 864 810 865 810 865 809 864 811 866 810 865 811 866 812 867 812 867 811 866 813 868 812 867 813 868 814 869 814 869 813 868 815 870 814 869 815 870 816 871 816 871 815 870 817 872 816 871 817 872 818 873 818 873 817 872 819 874 818 873 819 874 820 875 820 875 819 874 821 876 820 875 821 876 822 877 822 877 821 876 823 878 822 877 823 878 824 879 824 879 823 878 825 880 826 881 827 882 828 883 828 883 827 882 829 884 830 885 831 886 832 887 832 887 831 886 833 888 834 889 835 890 836 891 836 891 835 890 837 892 838 893 839 894 840 895 840 895 839 894 841 896 842 897 843 898 844 899 844 899 843 898 845 900 844 899 845 900 846 901 846 901 845 900 847 902 846 901 847 902 848 903 848 903 847 902 849 904 848 903 849 904 850 905 850 905 849 904 851 906 850 905 851 906 852 907 852 907 851 906 853 908 852 907 853 908 854 909 854 909 853 908 855 910 854 909 855 910 856 911 856 911 855 910 857 912 856 911 857 912 858 913 858 913 857 912 859 914 860 915 861 655 862 916 863 917 864 918 865 919 866 920 867 921 868 922 868 922 867 921 869 923 868 922 869 923 870 924 871 925 872 926 866 920 866 920 872 926 873 927 866 920 873 927 867 921 861 655 874 928 862 916 862 916 874 928 875 929 862 916 875 929 876 930 876 930 875 929 877 931 871 925 866 920 878 655 878 655 866 920 879 932 878 655 879 932 880 655 870 924 881 933 868 922 868 922 881 933 882 934 868 922 882 934 862 916 862 916 882 934 883 935 862 916 883 935 860 915 877 931 884 936 876 930 876 930 884 936 885 937 876 930 885 937 865 919 865 919 885 937 886 938 865 919 886 938 863 917 864 918 887 939 865 919 865 919 887 939 888 940 865 919 888 940 879 932 879 932 888 940 889 941 879 932 889 941 880 655 890 942 870 943 869 944 890 942 891 945 870 943 870 943 891 945 892 946 870 943 892 946 881 947 892 946 893 948 881 947 881 947 893 948 894 949 881 947 894 949 882 950 894 949 895 951 882 950 882 950 895 951 896 952 882 950 896 952 883 953 896 952 897 954 883 953 883 953 897 954 898 955 883 953 898 955 860 956 898 955 899 957 860 956 860 956 899 957 900 958 860 956 900 958 861 959 900 958 901 960 861 959 861 959 901 960 902 961 861 959 902 961 874 962 902 961 903 963 874 962 874 962 903 963 904 964 874 962 904 964 875 965 904 964 905 966 875 965 875 965 905 966 906 967 875 965 906 967 877 968 906 967 907 969 877 968 877 968 907 969 908 970 877 968 908 970 884 971 908 970 909 972 884 971 884 971 909 972 910 973 884 971 910 973 885 974 910 973 911 975 885 974 885 974 911 975 912 976 885 974 912 976 886 977 912 976 913 978 886 977 886 977 913 978 914 979 886 977 914 979 863 980 914 979 915 981 863 980 863 980 915 981 916 982 863 980 916 982 864 983 916 982 917 984 864 983 864 983 917 984 918 985 864 983 918 985 887 986 918 985 919 987 887 986 887 986 919 987 920 988 887 986 920 988 888 989 920 988 921 990 888 989 888 989 921 990 922 991 888 989 922 991 889 992 922 991 923 993 889 992 889 992 923 993 924 994 889 992 924 994 880 995 924 994 925 996 880 995 880 995 925 996 926 997 880 995 926 997 878 998 926 997 927 999 878 998 878 998 927 999 928 1000 878 998 928 1000 871 1001 928 1000 929 1002 871 1001 871 1001 929 1002 930 1003 871 1001 930 1003 872 1004 930 1003 931 1005 872 1004 872 1004 931 1005 932 1006 872 1004 932 1006 873 1007 932 1006 933 1008 873 1007 873 1007 933 1008 934 1009 873 1007 934 1009 867 1010 934 1009 935 1011 867 1010 867 1010 935 1011 936 1012 867 1010 936 1012 869 944 869 944 936 1012 937 1013 869 944 937 1013 890 942 938 573 939 573 865 573 865 573 939 573 876 573 939 1014 940 1015 876 1016 876 1016 940 1015 862 1017 940 1018 941 1019 862 1020 862 1020 941 1019 868 1021 941 582 942 582 868 582 868 582 942 582 866 582 942 1022 943 1023 866 1024 866 1024 943 1023 879 1025 943 1026 938 1027 879 1028 879 1028 938 1027 865 1029 941 1030 555 655 942 1031 942 1031 555 655 554 1032 554 1032 553 1033 942 1031 942 1031 553 1033 552 1034 942 1031 552 1034 943 1035 943 1035 552 1034 551 1036 943 1035 551 1036 550 1037 550 1037 549 655 943 1035 943 1035 549 655 548 655 943 1035 548 655 938 1038 938 1038 548 655 547 1039 938 1038 547 1039 546 1040 566 1041 565 1042 939 1043 939 1043 565 1042 564 1044 939 1043 564 1044 940 1045 940 1045 564 1044 563 1046 940 1045 563 1046 562 655 562 655 561 655 940 1045 940 1045 561 655 560 1047 940 1045 560 1047 941 1030 941 1030 560 1047 559 1048 941 1030 559 1048 558 1049 558 1049 557 1050 941 1030 941 1030 557 1050 556 1051 941 1030 556 1051 555 655 546 1040 545 1052 938 1038 938 1038 545 1052 544 1053 938 1038 544 1053 939 1043 939 1043 544 1053 543 1054 939 1043 543 1054 566 1041 944 655 945 1055 946 1056 947 1057 948 1058 949 1059 947 1057 949 1059 950 1060 944 655 946 1056 949 1059 949 1059 946 1056 951 1061 949 1059 951 1061 950 1060 952 655 953 655 954 655 955 655 956 655 957 655 958 655 959 655 960 655 960 655 959 655 961 655 960 655 961 655 962 655 963 655 964 655 965 655 965 655 964 655 966 655 965 655 966 655 967 655 967 655 966 655 968 655 967 655 968 655 952 655 952 655 968 655 969 655 952 655 969 655 953 655 970 655 971 655 972 655 972 655 971 655 973 655 972 655 973 655 974 655 974 655 973 655 975 655 974 655 975 655 976 655 976 655 975 655 977 655 962 655 961 655 957 655 957 655 961 655 978 655 957 655 978 655 955 655 979 655 980 655 981 655 982 655 983 655 984 655 984 655 983 655 985 655 984 655 985 655 986 655 986 655 985 655 987 655 986 655 987 655 975 655 975 655 987 655 988 655 975 655 988 655 977 655 982 655 989 655 983 655 983 655 989 655 990 655 983 655 990 655 991 655 991 655 990 655 952 655 991 655 952 655 992 655 992 655 952 655 954 655 963 655 993 655 964 655 964 655 993 655 994 655 964 655 994 655 995 655 995 655 994 655 957 655 995 655 957 655 996 655 996 655 957 655 956 655 958 655 997 655 959 655 959 655 997 655 998 655 959 655 998 655 999 655 999 655 998 655 981 655 999 655 981 655 1000 655 1000 655 981 655 980 655 970 655 972 655 1001 655 1001 655 972 655 1002 655 1001 655 1002 655 1003 655 1003 655 1002 655 1004 655 1003 655 1004 655 981 655 981 655 1004 655 1005 655 981 655 1005 655 979 655 1002 1062 949 1063 1004 1064 1004 1064 949 1063 948 1065 1004 1064 948 1065 1006 1066 1006 1066 1007 1067 1004 1064 1004 1064 1007 1067 1008 1068 1004 1064 1008 1068 1005 1069 1005 1069 1008 1068 1009 1070 1005 1069 1009 1070 979 1071 1010 1072 980 1073 1011 1074 1011 1074 980 1073 979 1071 1011 1074 979 1071 1012 1075 1012 1075 979 1071 1009 1070 1013 1076 999 1077 1010 1072 1010 1072 999 1077 1000 1078 1010 1072 1000 1078 980 1073 0 1079 959 1080 1 1081 1 1081 959 1080 999 1077 1 1081 999 1077 1014 1082 1014 1082 999 1077 1013 1076 985 1083 21 1084 987 1085 987 1085 21 1084 20 1086 20 1086 1015 1087 987 1085 987 1085 1015 1087 1016 1088 987 1085 1016 1088 1017 1089 1018 1090 977 1091 1017 1089 1017 1089 977 1091 988 1092 1017 1089 988 1092 987 1085 1018 1090 1019 1093 977 1091 977 1091 1019 1093 1020 1094 977 1091 1020 1094 976 1095 976 1095 1020 1094 1021 1096 976 1095 1021 1096 974 1097 944 1098 972 1099 945 1100 945 1100 972 1099 974 1097 945 1100 974 1097 1022 1101 1022 1101 974 1097 1021 1096 949 1063 1002 1062 944 1098 944 1098 1002 1062 972 1099 966 1102 14 1103 968 1104 968 1104 14 1103 15 1105 968 1104 15 1105 1023 1106 1023 1106 1024 1107 968 1104 968 1104 1024 1107 1025 1108 968 1104 1025 1108 969 1109 969 1109 1025 1108 1026 1110 969 1109 1026 1110 953 1111 1027 1112 954 1113 1028 1114 1028 1114 954 1113 953 1111 1028 1114 953 1111 1029 1115 1029 1115 953 1111 1026 1110 1030 1116 991 1117 1027 1112 1027 1112 991 1117 992 1118 1027 1112 992 1118 954 1113 16 1119 983 1120 17 1121 17 1121 983 1120 991 1117 17 1121 991 1117 1031 1122 1031 1122 991 1117 1030 1116 21 1084 985 1083 16 1119 16 1119 985 1083 983 1120 961 1123 5 1124 978 1125 978 1125 5 1124 6 1126 6 1126 1032 1127 978 1125 978 1125 1032 1127 1033 1128 978 1125 1033 1128 1034 1129 1035 1130 956 1131 1034 1129 1034 1129 956 1131 955 1132 1034 1129 955 1132 978 1125 1035 1130 1036 1133 956 1131 956 1131 1036 1133 1037 1134 956 1131 1037 1134 996 1135 996 1135 1037 1134 1038 1136 996 1135 1038 1136 995 1137 10 1138 964 1139 8 1140 8 1140 964 1139 995 1137 8 1140 995 1137 1039 1141 1039 1141 995 1137 1038 1136 14 1103 966 1102 10 1138 10 1138 966 1102 964 1139 5 1124 961 1123 0 1079 0 1079 961 1123 959 1080 1040 1142 829 884 827 882 1040 1142 827 882 1041 1143 1041 1143 827 882 1042 1144 1041 1143 1042 1144 1043 1145 1043 1145 1042 1144 1044 1146 1044 1146 1042 1144 1045 1147 1044 1146 1045 1147 1046 1148 1046 1148 1045 1147 1047 1149 1046 1148 1047 1149 1048 1150 1048 1150 1047 1149 1049 1151 1049 1151 1047 1149 1050 1152 1049 1151 1050 1152 1051 1153 1051 1153 1050 1152 1052 1154 1052 1154 1050 1152 1053 1155 1052 1154 1053 1155 1054 1156 1054 1156 1053 1155 1055 1157 1055 1157 1053 1155 306 279 1055 1157 306 279 305 278 1056 1158 809 864 1057 1159 1056 1158 1057 1159 1058 1160 1058 1160 1057 1159 1059 1161 1058 1160 1059 1161 1060 1162 1060 1162 1059 1161 1061 1163 1060 1162 1061 1163 1062 1164 1062 1164 1061 1163 1063 1165 1062 1164 1063 1165 1064 1166 1064 1166 1063 1165 1065 1167 1064 1166 1065 1167 1066 1168 1066 1168 1065 1167 1067 1169 1066 1168 1067 1169 1068 1170 1068 1170 1067 1169 1069 1171 1068 1170 1069 1171 1070 1172 1071 1173 1072 1174 1073 1175 1073 1175 1072 1174 1074 1176 1069 1171 829 884 1070 1172 1070 1172 829 884 1040 1142 1070 1172 1040 1142 1041 1143 1041 1143 1075 1177 1070 1172 1070 1172 1075 1177 1076 1178 1070 1172 1076 1178 1068 1170 1068 1170 1076 1178 1077 1179 1068 1170 1077 1179 1066 1168 1066 1168 1077 1179 1078 1180 1066 1168 1078 1180 1064 1166 1064 1166 1078 1180 1079 1181 1064 1166 1079 1181 1062 1164 1062 1164 1079 1181 1080 1182 1062 1164 1080 1182 1060 1162 1060 1162 1080 1182 1073 1175 1060 1162 1073 1175 1058 1160 1058 1160 1073 1175 1074 1176 1058 1160 1074 1176 1056 1158 1081 1183 1082 1184 1071 1173 1071 1173 1073 1175 1081 1183 1081 1183 1073 1175 1080 1182 1081 1183 1080 1182 1083 1185 1083 1185 1080 1182 1079 1181 1083 1185 1079 1181 1084 1186 1084 1186 1079 1181 1078 1180 1084 1186 1078 1180 1085 1187 1085 1187 1078 1180 1077 1179 1085 1187 1077 1179 1086 1188 1086 1188 1077 1179 1076 1178 1086 1188 1076 1178 1087 1189 1087 1189 1076 1178 1075 1177 1087 1189 1075 1177 1088 1190 1089 1191 1090 1192 1091 1193 1091 1193 1090 1192 1092 1194 1041 1143 1043 1145 1075 1177 1075 1177 1043 1145 1044 1146 1075 1177 1044 1146 1088 1190 1088 1190 1044 1146 1046 1148 1088 1190 1046 1148 1048 1150 1048 1150 1093 1195 1088 1190 1088 1190 1093 1195 1094 1196 1088 1190 1094 1196 1087 1189 1087 1189 1094 1196 1095 1197 1087 1189 1095 1197 1086 1188 1086 1188 1095 1197 1096 1198 1086 1188 1096 1198 1085 1187 1085 1187 1096 1198 1097 1199 1085 1187 1097 1199 1084 1186 1084 1186 1097 1199 1098 1200 1084 1186 1098 1200 1083 1185 1083 1185 1098 1200 1091 1193 1083 1185 1091 1193 1081 1183 1081 1183 1091 1193 1092 1194 1081 1183 1092 1194 1082 1184 1099 1201 1100 1202 1101 1203 1101 1203 1100 1202 1089 1191 1089 1191 1091 1193 1101 1203 1101 1203 1091 1193 1098 1200 1101 1203 1098 1200 1102 1204 1102 1204 1098 1200 1097 1199 1102 1204 1097 1199 1103 1205 1103 1205 1097 1199 1096 1198 1103 1205 1096 1198 1104 1206 1104 1206 1096 1198 1095 1197 1104 1206 1095 1197 1105 1207 1105 1207 1095 1197 1094 1196 1105 1207 1094 1196 1106 1208 1106 1208 1094 1196 1093 1195 1106 1208 1093 1195 1107 1209 217 207 1108 1210 1109 1211 1109 1211 1108 1210 1099 1201 1048 1150 1049 1151 1093 1195 1093 1195 1049 1151 1051 1153 1093 1195 1051 1153 1107 1209 1107 1209 1051 1153 1052 1154 1107 1209 1052 1154 1054 1156 1099 1201 1101 1203 1109 1211 1109 1211 1101 1203 1102 1204 1109 1211 1102 1204 1110 1212 1110 1212 1102 1204 1103 1205 1110 1212 1103 1205 1111 1213 1111 1213 1103 1205 1104 1206 1111 1213 1104 1206 1112 1214 1112 1214 1104 1206 1105 1207 1112 1214 1105 1207 1113 1215 1113 1215 1105 1207 1106 1208 1113 1215 1106 1208 1114 1216 1114 1216 1106 1208 1107 1209 1114 1216 1107 1209 1115 1217 1115 1217 1107 1209 1054 1156 1115 1217 1054 1156 1055 1157 217 207 1109 1211 199 193 199 193 1109 1211 1110 1212 199 193 1110 1212 198 192 198 192 1110 1212 1111 1213 198 192 1111 1213 182 181 182 181 1111 1213 1112 1214 182 181 1112 1214 292 265 292 265 1112 1214 1113 1215 292 265 1113 1215 286 261 286 261 1113 1215 1114 1216 286 261 1114 1216 287 262 287 262 1114 1216 1115 1217 287 262 1115 1217 304 277 304 277 1115 1217 1055 1157 304 277 1055 1157 305 278 306 279 1053 1155 1116 1218 1053 1155 1050 1152 1117 1219 1050 1152 1047 1149 1118 1220 1047 1149 1045 1147 1119 1221 1045 1147 1042 1144 1120 1222 1042 1144 827 882 1121 1223 1042 1144 1121 1223 1120 1222 1120 1222 1121 1223 1122 1224 1120 1222 1122 1224 1123 1225 1123 1225 1122 1224 1124 1226 1123 1225 1124 1226 1125 1227 1125 1227 1124 1226 1126 1228 1125 1227 1126 1228 1127 1229 1127 1229 1126 1228 1128 1230 1127 1229 1128 1230 1129 1231 1129 1231 1128 1230 1130 1232 1129 1231 1130 1232 1131 1233 1131 1233 1130 1232 1132 1234 1131 1233 1132 1234 1133 1235 1133 1235 1132 1234 833 888 1133 1235 833 888 1134 1236 1045 1147 1120 1222 1119 1221 1119 1221 1120 1222 1123 1225 1119 1221 1123 1225 1135 1237 1135 1237 1123 1225 1125 1227 1135 1237 1125 1227 1136 1238 1136 1238 1125 1227 1127 1229 1136 1238 1127 1229 1137 1239 1137 1239 1127 1229 1129 1231 1137 1239 1129 1231 1138 1240 1138 1240 1129 1231 1131 1233 1138 1240 1131 1233 1139 1241 1139 1241 1131 1233 1133 1235 1139 1241 1133 1235 1140 1242 1140 1242 1133 1235 1134 1236 1140 1242 1134 1236 1141 1243 1047 1149 1119 1221 1118 1220 1118 1220 1119 1221 1135 1237 1118 1220 1135 1237 1142 1244 1142 1244 1135 1237 1136 1238 1142 1244 1136 1238 1143 1245 1143 1245 1136 1238 1137 1239 1143 1245 1137 1239 1144 1246 1144 1246 1137 1239 1138 1240 1144 1246 1138 1240 1145 1247 1145 1247 1138 1240 1139 1241 1145 1247 1139 1241 1146 1248 1146 1248 1139 1241 1140 1242 1146 1248 1140 1242 1147 1249 1147 1249 1140 1242 1141 1243 1147 1249 1141 1243 1148 1250 1050 1152 1118 1220 1117 1219 1117 1219 1118 1220 1142 1244 1117 1219 1142 1244 1149 1251 1149 1251 1142 1244 1143 1245 1149 1251 1143 1245 1150 1252 1150 1252 1143 1245 1144 1246 1150 1252 1144 1246 1151 1253 1151 1253 1144 1246 1145 1247 1151 1253 1145 1247 1152 1254 1152 1254 1145 1247 1146 1248 1152 1254 1146 1248 1153 1255 1153 1255 1146 1248 1147 1249 1153 1255 1147 1249 1154 1256 1154 1256 1147 1249 1148 1250 1154 1256 1148 1250 1155 1257 1053 1155 1117 1219 1116 1218 1116 1218 1117 1219 1149 1251 1116 1218 1149 1251 1156 1258 1156 1258 1149 1251 1150 1252 1156 1258 1150 1252 1157 1259 1157 1259 1150 1252 1151 1253 1157 1259 1151 1253 1158 1260 1158 1260 1151 1253 1152 1254 1158 1260 1152 1254 1159 1261 1159 1261 1152 1254 1153 1255 1159 1261 1153 1255 1160 1262 1160 1262 1153 1255 1154 1256 1160 1262 1154 1256 1161 1263 1161 1263 1154 1256 1155 1257 1161 1263 1155 1257 1162 1264 306 279 1116 1218 238 224 238 224 1116 1218 1156 1258 238 224 1156 1258 239 225 239 225 1156 1258 1157 1259 239 225 1157 1259 248 233 248 233 1157 1259 1158 1260 248 233 1158 1260 249 234 249 234 1158 1260 1159 1261 249 234 1159 1261 251 236 251 236 1159 1261 1160 1262 251 236 1160 1262 327 297 327 297 1160 1262 1161 1263 327 297 1161 1263 328 298 328 298 1161 1263 1162 1264 328 298 1162 1264 330 300 821 876 819 874 1163 1265 817 872 815 870 1164 1266 217 207 216 206 1108 1210 1108 1210 216 206 1165 1267 1108 1210 1165 1267 1099 1201 1099 1201 1165 1267 1100 1202 1100 1202 1165 1267 1166 1268 1100 1202 1166 1268 1089 1191 1089 1191 1166 1268 1090 1192 1090 1192 1166 1268 1167 1269 1090 1192 1167 1269 1092 1194 1092 1194 1167 1269 1082 1184 1082 1184 1167 1269 1168 1270 1082 1184 1168 1270 1071 1173 1071 1173 1168 1270 1072 1174 1072 1174 1168 1270 1169 1271 1072 1174 1169 1271 1074 1176 216 206 214 204 1165 1267 1165 1267 214 204 1170 1272 1165 1267 1170 1272 1166 1268 1166 1268 1170 1272 1171 1273 1166 1268 1171 1273 1167 1269 1167 1269 1171 1273 1172 1274 1167 1269 1172 1274 1168 1270 1168 1270 1172 1274 1173 1275 1168 1270 1173 1275 1169 1271 1169 1271 1173 1275 1164 1266 1074 1176 1169 1271 1056 1158 1056 1158 1169 1271 811 866 1056 1158 811 866 809 864 1164 1266 815 870 1169 1271 1169 1271 815 870 813 868 1169 1271 813 868 811 866 819 874 817 872 1163 1265 1163 1265 817 872 1164 1266 1163 1265 1164 1266 1174 1276 1174 1276 1164 1266 1173 1275 1174 1276 1173 1275 1175 1277 1175 1277 1173 1275 1172 1274 1175 1277 1172 1274 1176 1278 1176 1278 1172 1274 1171 1273 1176 1278 1171 1273 1177 1279 1177 1279 1171 1273 1170 1272 1177 1279 1170 1272 220 210 220 210 1170 1272 214 204 823 878 821 876 1178 1280 1178 1280 821 876 1163 1265 1178 1280 1163 1265 1179 1281 1179 1281 1163 1265 1174 1276 1179 1281 1174 1276 1180 1282 1180 1282 1174 1276 1175 1277 1180 1282 1175 1277 1181 1283 1181 1283 1175 1277 1176 1278 1181 1283 1176 1278 1182 1284 1182 1284 1176 1278 1177 1279 1182 1284 1177 1279 219 209 219 209 1177 1279 220 210 219 209 218 208 1182 1284 1182 1284 218 208 1183 1285 1182 1284 1183 1285 1181 1283 1181 1283 1183 1285 1184 1286 1181 1283 1184 1286 1180 1282 1180 1282 1184 1286 1185 1287 1180 1282 1185 1287 1179 1281 1179 1281 1185 1287 1186 1288 1179 1281 1186 1288 1178 1280 1178 1280 1186 1288 1187 1289 1178 1280 1187 1289 823 878 823 878 1187 1289 825 880 828 883 829 884 1188 1290 1188 1290 829 884 1069 1171 1188 1290 1069 1171 1189 1291 1189 1291 1069 1171 1067 1169 1189 1291 1067 1169 1190 1292 1190 1292 1067 1169 1065 1167 1190 1292 1065 1167 1191 1293 1191 1293 1065 1167 1063 1165 1191 1293 1063 1165 1192 1294 1192 1294 1063 1165 1061 1163 1192 1294 1061 1163 1193 1295 1193 1295 1061 1163 1059 1161 1193 1295 1059 1161 1194 1296 1194 1296 1059 1161 1057 1159 1194 1296 1057 1159 808 863 808 863 1057 1159 809 864 828 883 1195 1297 826 881 826 881 1195 1297 1196 1298 1196 1298 1195 1297 1197 1299 1197 1299 1195 1297 1198 1300 1197 1299 1198 1300 1199 1301 1199 1301 1198 1300 1200 1302 1199 1301 1200 1302 1201 1303 1201 1303 1200 1302 1202 1304 1201 1303 1202 1304 1203 1305 1203 1305 1202 1304 1204 1306 1203 1305 1204 1306 1205 1307 1205 1307 1204 1306 1206 1308 1205 1307 1206 1308 1207 1309 1207 1309 1206 1308 1208 1310 1207 1309 1208 1310 1209 1311 1209 1311 1208 1310 1210 1312 1209 1311 1210 1312 1211 1313 1211 1313 1210 1312 1212 1314 1211 1313 1212 1314 1213 1315 1213 1315 1212 1314 1214 1316 1213 1315 1214 1316 1215 1317 1214 1316 1216 1318 1215 1317 1215 1317 1216 1318 383 353 1215 1317 383 353 381 351 832 887 833 888 1217 1319 1217 1319 833 888 1132 1234 1217 1319 1132 1234 1218 1320 1218 1320 1132 1234 1130 1232 1218 1320 1130 1232 1219 1321 1219 1321 1130 1232 1128 1230 1219 1321 1128 1230 1220 1322 1220 1322 1128 1230 1126 1228 1220 1322 1126 1228 1221 1323 1221 1323 1126 1228 1124 1226 1221 1323 1124 1226 1222 1324 1222 1324 1124 1226 1122 1224 1222 1324 1122 1224 1223 1325 1223 1325 1122 1224 1121 1223 1223 1325 1121 1223 826 881 826 881 1121 1223 827 882 331 301 330 300 1162 1264 331 301 1162 1264 1224 1326 1224 1326 1162 1264 1155 1257 1224 1326 1155 1257 1225 1327 1225 1327 1155 1257 1148 1250 1225 1327 1148 1250 1226 1328 1226 1328 1148 1250 1141 1243 1226 1328 1141 1243 1227 1329 1227 1329 1141 1243 1134 1236 1227 1329 1134 1236 1228 1330 1228 1330 1134 1236 833 888 1228 1330 833 888 831 886 837 892 835 890 1229 1331 837 892 1229 1331 1230 1332 1230 1332 1229 1331 1231 1333 1230 1332 1231 1333 1232 1334 1232 1334 1231 1333 1233 1335 1232 1334 1233 1335 1234 1336 1234 1336 1233 1335 1235 1337 1234 1336 1235 1337 1236 1338 1236 1338 1235 1337 1237 1339 1236 1338 1237 1339 1238 1340 1238 1340 1237 1339 333 303 1238 1340 333 303 332 302 333 303 1237 1339 1239 1341 1237 1339 1235 1337 1240 1342 1235 1337 1233 1335 1241 1343 1233 1335 1231 1333 1242 1344 1231 1333 1229 1331 1243 1345 1229 1331 835 890 1244 1346 1229 1331 1244 1346 1243 1345 1243 1345 1244 1346 1245 1347 1243 1345 1245 1347 1246 1348 1246 1348 1245 1347 1247 1349 1246 1348 1247 1349 1248 1350 1248 1350 1247 1349 1249 1351 1248 1350 1249 1351 1250 1352 1250 1352 1249 1351 1251 1353 1250 1352 1251 1353 1252 1354 1252 1354 1251 1353 1253 1355 1252 1354 1253 1355 1254 1356 1254 1356 1253 1355 1255 1357 1254 1356 1255 1357 1256 1358 1256 1358 1255 1357 825 880 1256 1358 825 880 1187 1289 1231 1333 1243 1345 1242 1344 1242 1344 1243 1345 1246 1348 1242 1344 1246 1348 1257 1359 1257 1359 1246 1348 1248 1350 1257 1359 1248 1350 1258 1360 1258 1360 1248 1350 1250 1352 1258 1360 1250 1352 1259 1361 1259 1361 1250 1352 1252 1354 1259 1361 1252 1354 1260 1362 1260 1362 1252 1354 1254 1356 1260 1362 1254 1356 1261 1363 1261 1363 1254 1356 1256 1358 1261 1363 1256 1358 1262 1364 1262 1364 1256 1358 1187 1289 1262 1364 1187 1289 1186 1288 1233 1335 1242 1344 1241 1343 1241 1343 1242 1344 1257 1359 1241 1343 1257 1359 1263 1365 1263 1365 1257 1359 1258 1360 1263 1365 1258 1360 1264 1366 1264 1366 1258 1360 1259 1361 1264 1366 1259 1361 1265 1367 1265 1367 1259 1361 1260 1362 1265 1367 1260 1362 1266 1368 1266 1368 1260 1362 1261 1363 1266 1368 1261 1363 1267 1369 1267 1369 1261 1363 1262 1364 1267 1369 1262 1364 1268 1370 1268 1370 1262 1364 1186 1288 1268 1370 1186 1288 1185 1287 1235 1337 1241 1343 1240 1342 1240 1342 1241 1343 1263 1365 1240 1342 1263 1365 1269 1371 1269 1371 1263 1365 1264 1366 1269 1371 1264 1366 1270 1372 1270 1372 1264 1366 1265 1367 1270 1372 1265 1367 1271 1373 1271 1373 1265 1367 1266 1368 1271 1373 1266 1368 1272 1374 1272 1374 1266 1368 1267 1369 1272 1374 1267 1369 1273 1375 1273 1375 1267 1369 1268 1370 1273 1375 1268 1370 1274 1376 1274 1376 1268 1370 1185 1287 1274 1376 1185 1287 1184 1286 1237 1339 1240 1342 1239 1341 1239 1341 1240 1342 1269 1371 1239 1341 1269 1371 1275 1377 1275 1377 1269 1371 1270 1372 1275 1377 1270 1372 1276 1378 1276 1378 1270 1372 1271 1373 1276 1378 1271 1373 1277 1379 1277 1379 1271 1373 1272 1374 1277 1379 1272 1374 1278 1380 1278 1380 1272 1374 1273 1375 1278 1380 1273 1375 1279 1381 1279 1381 1273 1375 1274 1376 1279 1381 1274 1376 1280 1382 1280 1382 1274 1376 1184 1286 1280 1382 1184 1286 1183 1285 333 303 1239 1341 334 304 334 304 1239 1341 1275 1377 334 304 1275 1377 228 214 228 214 1275 1377 1276 1378 228 214 1276 1378 229 215 229 215 1276 1378 1277 1379 229 215 1277 1379 183 182 183 182 1277 1379 1278 1380 183 182 1278 1380 184 183 184 183 1278 1380 1279 1381 184 183 1279 1381 186 184 186 184 1279 1381 1280 1382 186 184 1280 1382 187 185 187 185 1280 1382 1183 1285 187 185 1183 1285 218 208 808 863 1281 1383 1282 1384 1281 1383 1283 1385 1284 1386 1285 1387 1286 1388 1287 1389 1288 1390 488 458 486 456 1288 1390 486 456 1289 1391 1289 1391 486 456 485 455 1289 1391 485 455 1290 1392 1290 1392 485 455 493 463 1290 1392 493 463 1291 1393 1291 1393 493 463 495 465 1291 1393 495 465 1292 1394 1292 1394 495 465 415 385 1292 1394 415 385 1293 1395 1293 1395 415 385 414 384 1293 1395 414 384 1294 1396 1294 1396 414 384 413 383 1294 1396 413 383 1295 1397 413 383 383 353 1216 1318 413 383 1216 1318 1295 1397 1295 1397 1216 1318 1214 1316 1295 1397 1214 1316 1212 1314 1212 1314 1296 1398 1295 1397 1295 1397 1296 1398 1297 1399 1295 1397 1297 1399 1294 1396 1294 1396 1297 1399 1298 1400 1294 1396 1298 1400 1293 1395 1293 1395 1298 1400 1299 1401 1293 1395 1299 1401 1292 1394 1292 1394 1299 1401 1300 1402 1292 1394 1300 1402 1291 1393 1291 1393 1300 1402 1301 1403 1291 1393 1301 1403 1290 1392 1290 1392 1301 1403 1287 1389 1290 1392 1287 1389 1289 1391 1289 1391 1287 1389 1286 1388 1289 1391 1286 1388 1288 1390 1285 1387 1287 1389 1302 1404 1302 1404 1287 1389 1301 1403 1302 1404 1301 1403 1303 1405 1303 1405 1301 1403 1300 1402 1303 1405 1300 1402 1304 1406 1304 1406 1300 1402 1299 1401 1304 1406 1299 1401 1305 1407 1305 1407 1299 1401 1298 1400 1305 1407 1298 1400 1306 1408 1306 1408 1298 1400 1297 1399 1306 1408 1297 1399 1307 1409 1307 1409 1297 1399 1296 1398 1307 1409 1296 1398 1308 1410 1212 1314 1210 1312 1296 1398 1296 1398 1210 1312 1208 1310 1296 1398 1208 1310 1308 1410 1308 1410 1208 1310 1206 1308 1308 1410 1206 1308 1204 1306 1204 1306 1309 1411 1308 1410 1308 1410 1309 1411 1310 1412 1308 1410 1310 1412 1307 1409 1307 1409 1310 1412 1311 1413 1307 1409 1311 1413 1306 1408 1306 1408 1311 1413 1312 1414 1306 1408 1312 1414 1305 1407 1305 1407 1312 1414 1313 1415 1305 1407 1313 1415 1304 1406 1304 1406 1313 1415 1314 1416 1304 1406 1314 1416 1303 1405 1303 1405 1314 1416 1284 1386 1303 1405 1284 1386 1302 1404 1302 1404 1284 1386 1283 1385 1302 1404 1283 1385 1285 1387 1281 1383 1284 1386 1282 1384 1282 1384 1284 1386 1314 1416 1282 1384 1314 1416 1315 1417 1315 1417 1314 1416 1313 1415 1315 1417 1313 1415 1316 1418 1316 1418 1313 1415 1312 1414 1316 1418 1312 1414 1317 1419 1317 1419 1312 1414 1311 1413 1317 1419 1311 1413 1318 1420 1318 1420 1311 1413 1310 1412 1318 1420 1310 1412 1319 1421 1319 1421 1310 1412 1309 1411 1319 1421 1309 1411 1320 1422 1204 1306 1202 1304 1309 1411 1309 1411 1202 1304 1200 1302 1309 1411 1200 1302 1320 1422 1320 1422 1200 1302 1198 1300 1320 1422 1198 1300 1195 1297 808 863 1282 1384 1194 1296 1194 1296 1282 1384 1315 1417 1194 1296 1315 1417 1193 1295 1193 1295 1315 1417 1316 1418 1193 1295 1316 1418 1192 1294 1192 1294 1316 1418 1317 1419 1192 1294 1317 1419 1191 1293 1191 1293 1317 1419 1318 1420 1191 1293 1318 1420 1190 1292 1190 1292 1318 1420 1319 1421 1190 1292 1319 1421 1189 1291 1189 1291 1319 1421 1320 1422 1189 1291 1320 1422 1188 1290 1188 1290 1320 1422 1195 1297 1188 1290 1195 1297 828 883 1215 1317 381 351 379 349 1321 1423 1213 1315 1215 1317 1215 1317 379 349 1321 1423 1321 1423 379 349 377 347 1321 1423 377 347 1322 1424 1322 1424 377 347 376 346 1322 1424 376 346 1323 1425 1323 1425 376 346 374 344 1323 1425 374 344 1324 1426 1324 1426 374 344 369 339 1324 1426 369 339 1325 1427 1325 1427 369 339 371 341 1325 1427 371 341 1326 1428 1326 1428 371 341 373 343 1326 1428 373 343 1327 1429 373 343 480 450 1328 1430 1207 1309 1209 1311 1329 1431 1329 1431 1209 1311 1211 1313 373 343 1328 1430 1327 1429 1327 1429 1328 1430 1330 1432 1327 1429 1330 1432 1331 1433 1331 1433 1332 1434 1327 1429 1327 1429 1332 1434 1333 1435 1327 1429 1333 1435 1326 1428 1326 1428 1333 1435 1334 1436 1326 1428 1334 1436 1325 1427 1325 1427 1334 1436 1335 1437 1325 1427 1335 1437 1324 1426 1324 1426 1335 1437 1336 1438 1324 1426 1336 1438 1323 1425 1323 1425 1336 1438 1337 1439 1323 1425 1337 1439 1322 1424 1322 1424 1337 1439 1329 1431 1322 1424 1329 1431 1321 1423 1321 1423 1329 1431 1211 1313 1321 1423 1211 1313 1213 1315 1338 1440 1205 1307 1207 1309 1207 1309 1329 1431 1338 1440 1338 1440 1329 1431 1337 1439 1338 1440 1337 1439 1339 1441 1339 1441 1337 1439 1336 1438 1339 1441 1336 1438 1340 1442 1340 1442 1336 1438 1335 1437 1340 1442 1335 1437 1341 1443 1341 1443 1335 1437 1334 1436 1341 1443 1334 1436 1342 1444 1342 1444 1334 1436 1333 1435 1342 1444 1333 1435 1343 1445 1343 1445 1333 1435 1332 1434 1343 1445 1332 1434 1344 1446 1199 1301 1201 1303 1345 1447 1345 1447 1201 1303 1203 1305 1331 1433 1346 1448 1332 1434 1332 1434 1346 1448 1347 1449 1332 1434 1347 1449 1344 1446 1344 1446 1347 1449 1348 1450 1344 1446 1348 1450 1349 1451 1349 1451 1350 1452 1344 1446 1344 1446 1350 1452 1351 1453 1344 1446 1351 1453 1343 1445 1343 1445 1351 1453 1352 1454 1343 1445 1352 1454 1342 1444 1342 1444 1352 1454 1353 1455 1342 1444 1353 1455 1341 1443 1341 1443 1353 1455 1354 1456 1341 1443 1354 1456 1340 1442 1340 1442 1354 1456 1355 1457 1340 1442 1355 1457 1339 1441 1339 1441 1355 1457 1345 1447 1339 1441 1345 1447 1338 1440 1338 1440 1345 1447 1203 1305 1338 1440 1203 1305 1205 1307 1196 1298 1197 1299 1356 1458 1356 1458 1197 1299 1199 1301 1199 1301 1345 1447 1356 1458 1356 1458 1345 1447 1355 1457 1356 1458 1355 1457 1357 1459 1357 1459 1355 1457 1354 1456 1357 1459 1354 1456 1358 1460 1358 1460 1354 1456 1353 1455 1358 1460 1353 1455 1359 1461 1359 1461 1353 1455 1352 1454 1359 1461 1352 1454 1360 1462 1360 1462 1352 1454 1351 1453 1360 1462 1351 1453 1361 1463 1361 1463 1351 1453 1350 1452 1361 1463 1350 1452 1362 1464 1223 1325 826 881 1196 1298 1349 1451 1363 1465 1350 1452 1350 1452 1363 1465 1364 1466 1350 1452 1364 1466 1362 1464 1362 1464 1364 1466 1365 1467 1362 1464 1365 1467 1366 1468 1196 1298 1356 1458 1223 1325 1223 1325 1356 1458 1357 1459 1223 1325 1357 1459 1222 1324 1222 1324 1357 1459 1358 1460 1222 1324 1358 1460 1221 1323 1221 1323 1358 1460 1359 1461 1221 1323 1359 1461 1220 1322 1220 1322 1359 1461 1360 1462 1220 1322 1360 1462 1219 1321 1219 1321 1360 1462 1361 1463 1219 1321 1361 1463 1218 1320 1218 1320 1361 1463 1362 1464 1218 1320 1362 1464 1217 1319 1217 1319 1362 1464 1366 1468 1217 1319 1366 1468 832 887 831 886 1367 1469 1228 1330 1228 1330 1367 1469 1368 1470 1228 1330 1368 1470 1227 1329 1227 1329 1368 1470 1369 1471 1227 1329 1369 1471 1226 1328 1226 1328 1369 1471 1370 1472 1226 1328 1370 1472 1225 1327 1225 1327 1370 1472 1371 1473 1225 1327 1371 1473 1224 1326 1224 1326 1371 1473 1372 1474 1224 1326 1372 1474 331 301 331 301 1372 1474 318 288 1367 1469 1373 1475 1368 1470 1368 1470 1373 1475 1374 1476 1368 1470 1374 1476 1369 1471 1369 1471 1374 1476 1375 1477 1369 1471 1375 1477 1370 1472 1370 1472 1375 1477 1376 1478 1370 1472 1376 1478 1371 1473 1371 1473 1376 1478 1377 1479 1371 1473 1377 1479 1372 1474 1372 1474 1377 1479 1378 1480 1372 1474 1378 1480 318 288 318 288 1378 1480 335 305 1373 1475 1379 1481 1374 1476 1374 1476 1379 1481 1380 1482 1374 1476 1380 1482 1375 1477 1375 1477 1380 1482 1381 1483 1375 1477 1381 1483 1376 1478 1376 1478 1381 1483 1382 1484 1376 1478 1382 1484 1377 1479 1377 1479 1382 1484 1383 1485 1377 1479 1383 1485 1378 1480 1378 1480 1383 1485 1384 1486 1378 1480 1384 1486 335 305 335 305 1384 1486 336 306 1379 1481 1385 1487 1380 1482 1380 1482 1385 1487 1386 1488 1380 1482 1386 1488 1381 1483 1381 1483 1386 1488 1387 1489 1381 1483 1387 1489 1382 1484 1382 1484 1387 1489 1388 1490 1382 1484 1388 1490 1383 1485 1383 1485 1388 1490 1389 1491 1383 1485 1389 1491 1384 1486 1384 1486 1389 1491 1390 1492 1384 1486 1390 1492 336 306 336 306 1390 1492 338 308 1385 1487 837 892 1386 1488 1386 1488 837 892 1230 1332 1386 1488 1230 1332 1387 1489 1387 1489 1230 1332 1232 1334 1387 1489 1232 1334 1388 1490 1388 1490 1232 1334 1234 1336 1388 1490 1234 1336 1389 1491 1389 1491 1234 1336 1236 1338 1389 1491 1236 1338 1390 1492 1390 1492 1236 1338 1238 1340 1390 1492 1238 1340 338 308 338 308 1238 1340 332 302 824 879 825 880 1391 1493 1391 1493 825 880 1255 1357 1391 1493 1255 1357 1392 1494 1392 1494 1255 1357 1253 1355 1392 1494 1253 1355 1393 1495 1393 1495 1253 1355 1251 1353 1393 1495 1251 1353 1394 1496 1394 1496 1251 1353 1249 1351 1394 1496 1249 1351 1395 1497 1395 1497 1249 1351 1247 1349 1395 1497 1247 1349 1396 1498 1396 1498 1247 1349 1245 1347 1396 1498 1245 1347 1397 1499 1397 1499 1245 1347 1244 1346 1397 1499 1244 1346 834 889 834 889 1244 1346 835 890 812 867 814 869 1398 1500 824 879 1399 1501 822 877 822 877 1399 1501 1400 1502 822 877 1400 1502 820 875 820 875 1400 1502 818 873 1399 1501 1401 1503 1400 1502 1400 1502 1401 1503 1402 1504 1400 1502 1402 1504 1403 1505 1402 1504 1404 1506 1403 1505 1403 1505 1404 1506 1405 1507 1403 1505 1405 1507 1406 1508 1405 1507 1407 1509 1406 1508 1406 1508 1407 1509 1408 1510 1406 1508 1408 1510 1409 1511 808 863 810 865 1281 1383 1281 1383 810 865 1410 1512 1281 1383 1410 1512 1283 1385 1283 1385 1410 1512 1411 1513 1283 1385 1411 1513 1285 1387 1285 1387 1411 1513 1412 1514 1285 1387 1412 1514 1286 1388 1286 1388 1412 1514 1413 1515 1286 1388 1413 1515 1288 1390 1288 1390 1413 1515 1414 1516 1288 1390 1414 1516 488 458 810 865 812 867 1410 1512 1410 1512 812 867 1398 1500 1410 1512 1398 1500 1411 1513 1411 1513 1398 1500 1415 1517 1411 1513 1415 1517 1412 1514 1412 1514 1415 1517 1416 1518 1412 1514 1416 1518 1413 1515 1413 1515 1416 1518 1417 1519 1413 1515 1417 1519 1414 1516 1414 1516 1417 1519 1418 1520 814 869 816 871 1398 1500 1398 1500 816 871 1419 1521 1398 1500 1419 1521 1415 1517 1415 1517 1419 1521 1420 1522 1415 1517 1420 1522 1416 1518 1416 1518 1420 1522 1421 1523 1416 1518 1421 1523 1417 1519 1417 1519 1421 1523 1422 1524 1417 1519 1422 1524 1418 1520 1418 1520 1422 1524 1423 1525 816 871 818 873 1419 1521 1419 1521 818 873 1400 1502 1419 1521 1400 1502 1420 1522 1420 1522 1400 1502 1403 1505 1420 1522 1403 1505 1421 1523 1421 1523 1403 1505 1406 1508 1421 1523 1406 1508 1422 1524 1422 1524 1406 1508 1409 1511 1422 1524 1409 1511 1423 1525 1423 1525 1409 1511 1424 1526 1408 1510 1425 1527 1409 1511 1409 1511 1425 1527 1426 1528 1409 1511 1426 1528 1424 1526 1424 1526 1426 1528 1427 1529 1424 1526 1427 1529 1428 1530 488 458 1414 1516 504 474 504 474 1414 1516 1418 1520 504 474 1418 1520 505 475 505 475 1418 1520 1423 1525 505 475 1423 1525 506 476 506 476 1423 1525 1424 1526 506 476 1424 1526 510 480 510 480 1424 1526 1428 1530 510 480 1428 1530 509 479 830 885 832 887 1366 1468 1365 1467 1429 1531 1366 1468 1366 1468 1429 1531 1430 1532 1366 1468 1430 1532 830 885 1365 1467 1364 1466 1429 1531 1429 1531 1364 1466 1363 1465 1429 1531 1363 1465 1431 1533 1363 1465 1349 1451 1431 1533 1431 1533 1349 1451 1348 1450 1431 1533 1348 1450 1432 1534 1348 1450 1347 1449 1432 1534 1432 1534 1347 1449 1346 1448 1432 1534 1346 1448 1433 1535 1346 1448 1331 1433 1433 1535 1433 1535 1331 1433 1330 1432 1433 1535 1330 1432 1434 1536 1330 1432 1328 1430 1434 1536 1434 1536 1328 1430 480 450 1434 1536 480 450 482 452 836 891 837 892 1435 1537 1435 1537 837 892 1385 1487 1435 1537 1385 1487 1436 1538 1436 1538 1385 1487 1379 1481 1436 1538 1379 1481 1437 1539 1437 1539 1379 1481 1373 1475 1437 1539 1373 1475 1438 1540 1438 1540 1373 1475 1367 1469 1438 1540 1367 1469 830 885 830 885 1367 1469 831 886 1401 1503 1399 1501 1439 1541 1404 1506 1402 1504 1440 1542 1441 1543 473 443 472 442 1441 1543 472 442 1442 1544 1442 1544 472 442 422 392 1442 1544 422 392 1443 1545 1443 1545 422 392 421 391 1443 1545 421 391 1444 1546 1444 1546 421 391 419 389 1444 1546 419 389 1445 1547 1445 1547 419 389 417 387 1445 1547 417 387 1446 1548 1446 1548 417 387 498 468 1446 1548 498 468 1447 1549 1447 1549 498 468 500 470 1447 1549 500 470 1448 1550 1449 1551 1450 1552 1451 1553 1451 1553 1450 1552 1452 1554 500 470 509 479 1448 1550 1448 1550 509 479 1428 1530 1448 1550 1428 1530 1427 1529 1427 1529 1453 1555 1448 1550 1448 1550 1453 1555 1454 1556 1448 1550 1454 1556 1447 1549 1447 1549 1454 1556 1455 1557 1447 1549 1455 1557 1446 1548 1446 1548 1455 1557 1456 1558 1446 1548 1456 1558 1445 1547 1445 1547 1456 1558 1457 1559 1445 1547 1457 1559 1444 1546 1444 1546 1457 1559 1458 1560 1444 1546 1458 1560 1443 1545 1443 1545 1458 1560 1451 1553 1443 1545 1451 1553 1442 1544 1442 1544 1451 1553 1452 1554 1442 1544 1452 1554 1441 1543 1459 1561 1460 1562 1461 1563 1461 1563 1460 1562 1449 1551 1449 1551 1451 1553 1461 1563 1461 1563 1451 1553 1458 1560 1461 1563 1458 1560 1462 1564 1462 1564 1458 1560 1457 1559 1462 1564 1457 1559 1463 1565 1463 1565 1457 1559 1456 1558 1463 1565 1456 1558 1464 1566 1464 1566 1456 1558 1455 1557 1464 1566 1455 1557 1465 1567 1465 1567 1455 1557 1454 1556 1465 1567 1454 1556 1466 1568 1466 1568 1454 1556 1453 1555 1466 1568 1453 1555 1467 1569 1468 1570 1469 1571 1470 1572 1470 1572 1469 1571 1459 1561 1427 1529 1426 1528 1453 1555 1453 1555 1426 1528 1425 1527 1453 1555 1425 1527 1467 1569 1467 1569 1425 1527 1408 1510 1467 1569 1408 1510 1407 1509 1459 1561 1461 1563 1470 1572 1470 1572 1461 1563 1462 1564 1470 1572 1462 1564 1471 1573 1471 1573 1462 1564 1463 1565 1471 1573 1463 1565 1472 1574 1472 1574 1463 1565 1464 1566 1472 1574 1464 1566 1473 1575 1473 1575 1464 1566 1465 1567 1473 1575 1465 1567 1474 1576 1474 1576 1465 1567 1466 1568 1474 1576 1466 1568 1475 1577 1475 1577 1466 1568 1467 1569 1475 1577 1467 1569 1476 1578 1476 1578 1467 1569 1407 1509 1476 1578 1407 1509 1405 1507 1477 1579 1478 1580 1479 1581 1479 1581 1478 1580 1468 1570 1468 1570 1470 1572 1479 1581 1479 1581 1470 1572 1471 1573 1479 1581 1471 1573 1480 1582 1480 1582 1471 1573 1472 1574 1480 1582 1472 1574 1481 1583 1481 1583 1472 1574 1473 1575 1481 1583 1473 1575 1482 1584 1482 1584 1473 1575 1474 1576 1482 1584 1474 1576 1483 1585 1483 1585 1474 1576 1475 1577 1483 1585 1475 1577 1484 1586 1484 1586 1475 1577 1476 1578 1484 1586 1476 1578 1440 1542 1440 1542 1476 1578 1405 1507 1440 1542 1405 1507 1404 1506 834 889 1485 1587 1486 1588 1486 1588 1485 1587 1477 1579 1477 1579 1479 1581 1486 1588 1486 1588 1479 1581 1480 1582 1486 1588 1480 1582 1487 1589 1487 1589 1480 1582 1481 1583 1487 1589 1481 1583 1488 1590 1488 1590 1481 1583 1482 1584 1488 1590 1482 1584 1489 1591 1489 1591 1482 1584 1483 1585 1489 1591 1483 1585 1490 1592 1490 1592 1483 1585 1484 1586 1490 1592 1484 1586 1491 1593 1491 1593 1484 1586 1440 1542 1491 1593 1440 1542 1439 1541 1439 1541 1440 1542 1402 1504 1439 1541 1402 1504 1401 1503 834 889 1486 1588 1397 1499 1397 1499 1486 1588 1487 1589 1397 1499 1487 1589 1396 1498 1396 1498 1487 1589 1488 1590 1396 1498 1488 1590 1395 1497 1395 1497 1488 1590 1489 1591 1395 1497 1489 1591 1394 1496 1394 1496 1489 1591 1490 1592 1394 1496 1490 1592 1393 1495 1393 1495 1490 1592 1491 1593 1393 1495 1491 1593 1392 1494 1392 1494 1491 1593 1439 1541 1392 1494 1439 1541 1391 1493 1391 1493 1439 1541 1399 1501 1391 1493 1399 1501 824 879 830 885 1430 1532 1492 1594 1493 1595 433 403 475 445 475 445 1494 1596 1493 1595 1493 1595 1494 1596 1495 1597 1493 1595 1495 1597 1496 1598 1495 1597 1497 1599 1496 1598 1496 1598 1497 1599 1498 1600 1496 1598 1498 1600 1499 1601 1498 1600 1500 1602 1499 1601 1499 1601 1500 1602 1501 1603 1499 1601 1501 1603 1502 1604 482 452 434 404 1434 1536 1434 1536 434 404 1503 1605 1434 1536 1503 1605 1433 1535 1433 1535 1503 1605 1504 1606 1433 1535 1504 1606 1432 1534 1432 1534 1504 1606 1505 1607 1432 1534 1505 1607 1431 1533 1431 1533 1505 1607 1506 1608 1431 1533 1506 1608 1429 1531 1429 1531 1506 1608 1507 1609 1429 1531 1507 1609 1430 1532 434 404 385 355 1503 1605 1503 1605 385 355 1508 1610 1503 1605 1508 1610 1504 1606 1504 1606 1508 1610 1509 1611 1504 1606 1509 1611 1505 1607 1505 1607 1509 1611 1510 1612 1505 1607 1510 1612 1506 1608 1506 1608 1510 1612 1511 1613 1506 1608 1511 1613 1507 1609 1507 1609 1511 1613 1512 1614 385 355 384 354 1508 1610 1508 1610 384 354 1513 1615 1508 1610 1513 1615 1509 1611 1509 1611 1513 1615 1514 1616 1509 1611 1514 1616 1510 1612 1510 1612 1514 1616 1515 1617 1510 1612 1515 1617 1511 1613 1511 1613 1515 1617 1516 1618 1511 1613 1516 1618 1512 1614 1512 1614 1516 1618 1517 1619 384 354 433 403 1513 1615 1513 1615 433 403 1493 1595 1513 1615 1493 1595 1514 1616 1514 1616 1493 1595 1496 1598 1514 1616 1496 1598 1515 1617 1515 1617 1496 1598 1499 1601 1515 1617 1499 1601 1516 1618 1516 1618 1499 1601 1502 1604 1516 1618 1502 1604 1517 1619 1517 1619 1502 1604 1518 1620 1501 1603 1519 1621 1502 1604 1502 1604 1519 1621 1520 1622 1502 1604 1520 1622 1518 1620 1518 1620 1520 1622 1521 1623 1518 1620 1521 1623 1522 1624 1430 1532 1507 1609 1492 1594 1492 1594 1507 1609 1512 1614 1492 1594 1512 1614 1523 1625 1523 1625 1512 1614 1517 1619 1523 1625 1517 1619 1524 1626 1524 1626 1517 1619 1518 1620 1524 1626 1518 1620 1525 1627 1525 1627 1518 1620 1522 1624 1525 1627 1522 1624 1526 1628 830 885 1492 1594 1438 1540 1438 1540 1492 1594 1523 1625 1438 1540 1523 1625 1437 1539 1437 1539 1523 1625 1524 1626 1437 1539 1524 1626 1436 1538 1436 1538 1524 1626 1525 1627 1436 1538 1525 1627 1435 1537 1435 1537 1525 1627 1526 1628 1435 1537 1526 1628 836 891 834 889 836 891 1485 1587 1485 1587 836 891 1526 1628 1485 1587 1526 1628 1477 1579 1477 1579 1526 1628 1522 1624 1477 1579 1522 1624 1478 1580 1478 1580 1522 1624 1521 1623 1478 1580 1521 1623 1468 1570 1468 1570 1521 1623 1520 1622 1468 1570 1520 1622 1469 1571 1469 1571 1520 1622 1519 1621 1469 1571 1519 1621 1459 1561 1459 1561 1519 1621 1501 1603 1459 1561 1501 1603 1460 1562 1460 1562 1501 1603 1500 1602 1460 1562 1500 1602 1449 1551 1449 1551 1500 1602 1498 1600 1449 1551 1498 1600 1450 1552 1450 1552 1498 1600 1497 1599 1450 1552 1497 1599 1452 1554 1452 1554 1497 1599 1495 1597 1452 1554 1495 1597 1441 1543 1441 1543 1495 1597 1494 1596 1441 1543 1494 1596 473 443 473 443 1494 1596 475 445 193 188 195 189 1527 1629 1527 1629 195 189 1528 1630 1527 1629 1528 1630 1529 1631 1529 1631 1528 1630 1530 1632 1529 1631 1530 1632 1531 1633 1531 1633 1530 1632 1532 1634 1531 1633 1532 1634 1533 1635 1533 1635 1532 1634 1534 1636 1533 1635 1534 1636 1535 1637 1535 1637 1534 1636 1536 1638 170 169 193 188 1537 1639 1537 1639 193 188 1527 1629 1537 1639 1527 1629 1538 1640 1538 1640 1527 1629 1529 1631 1538 1640 1529 1631 1539 1641 1539 1641 1529 1631 1531 1633 1539 1641 1531 1633 1540 1642 1540 1642 1531 1633 1533 1635 1540 1642 1533 1635 1541 1643 1541 1643 1533 1635 1535 1637 1541 1643 1535 1637 716 771 716 771 1535 1637 764 819 754 809 756 811 1542 1644 1542 1644 756 811 1536 1638 1542 1644 1536 1638 1543 1645 1543 1645 1536 1638 1534 1636 1543 1645 1534 1636 1544 1646 1544 1646 1534 1636 1532 1634 1544 1646 1532 1634 1545 1647 1545 1647 1532 1634 1530 1632 1545 1647 1530 1632 1546 1648 1546 1648 1530 1632 1528 1630 1546 1648 1528 1630 268 249 268 249 1528 1630 195 189 756 811 758 813 1536 1638 1536 1638 758 813 760 815 1536 1638 760 815 1535 1637 1535 1637 760 815 762 817 1535 1637 762 817 764 819 752 807 754 809 1547 1649 1547 1649 754 809 1542 1644 1547 1649 1542 1644 1548 1650 1548 1650 1542 1644 1543 1645 1548 1650 1543 1645 1549 1651 1549 1651 1543 1645 1544 1646 1549 1651 1544 1646 1550 1652 1550 1652 1544 1646 1545 1647 1550 1652 1545 1647 1551 1653 1551 1653 1545 1647 1546 1648 1551 1653 1546 1648 267 248 267 248 1546 1648 268 249 267 248 265 247 1551 1653 1551 1653 265 247 1552 1654 1551 1653 1552 1654 1550 1652 1550 1652 1552 1654 1553 1655 1550 1652 1553 1655 1549 1651 1549 1651 1553 1655 1554 1656 1549 1651 1554 1656 1548 1650 1548 1650 1554 1656 1555 1657 1548 1650 1555 1657 1547 1649 1547 1649 1555 1657 1556 1658 1547 1649 1556 1658 752 807 752 807 1556 1658 730 785 718 773 1557 1659 716 771 716 771 1557 1659 1541 1643 1557 1659 1558 1660 1541 1643 1541 1643 1558 1660 1559 1661 1541 1643 1559 1661 1540 1642 1559 1661 1560 1662 1540 1642 1540 1642 1560 1662 1561 1663 1540 1642 1561 1663 1539 1641 1561 1663 1562 1664 1539 1641 1539 1641 1562 1664 1563 1665 1539 1641 1563 1665 1538 1640 1563 1665 1564 1666 1538 1640 1538 1640 1564 1666 1565 1667 1538 1640 1565 1667 1537 1639 1537 1639 1565 1667 1566 1668 1537 1639 1566 1668 170 169 170 169 1566 1668 1567 1669 170 169 1567 1669 169 168 1568 1670 728 783 730 785 1568 1670 730 785 1569 1671 1569 1671 730 785 1556 1658 1569 1671 1556 1658 1570 1672 1570 1672 1556 1658 1555 1657 1570 1672 1555 1657 1571 1673 1571 1673 1555 1657 1572 1674 1572 1674 1555 1657 1554 1656 1572 1674 1554 1656 1573 1675 1573 1675 1554 1656 1574 1676 1574 1676 1554 1656 1553 1655 1574 1676 1553 1655 1575 1677 1575 1677 1553 1655 1576 1678 1576 1678 1553 1655 1552 1654 1576 1678 1552 1654 1577 1679 1577 1679 1552 1654 1578 1680 1578 1680 1552 1654 265 247 1578 1680 265 247 263 246 742 797 744 799 1579 1681 1580 1682 221 211 169 168 224 213 222 212 1581 1683 1581 1683 222 212 1582 1684 1581 1683 1582 1684 1583 1685 1583 1685 1582 1684 1584 1686 169 168 1567 1669 1580 1682 1580 1682 1567 1669 1566 1668 1580 1682 1566 1668 1585 1687 1586 1688 1587 1689 1584 1686 1584 1686 1587 1689 1588 1690 1584 1686 1588 1690 1583 1685 1566 1668 1565 1667 1585 1687 1585 1687 1565 1667 1564 1666 1585 1687 1564 1666 1589 1691 1590 1692 1591 1693 1586 1688 1586 1688 1591 1693 1592 1694 1586 1688 1592 1694 1587 1689 1564 1666 1563 1665 1589 1691 1589 1691 1563 1665 1562 1664 1589 1691 1562 1664 1593 1695 1594 1696 1595 1697 1590 1692 1590 1692 1595 1697 1596 1698 1590 1692 1596 1698 1591 1693 1562 1664 1561 1663 1593 1695 1593 1695 1561 1663 1560 1662 1593 1695 1560 1662 1597 1699 1579 1681 1598 1700 1594 1696 1594 1696 1598 1700 1599 1701 1594 1696 1599 1701 1595 1697 744 799 659 670 1579 1681 1579 1681 659 670 1600 1702 1579 1681 1600 1702 1598 1700 740 795 742 797 1601 1703 1601 1703 742 797 1579 1681 1601 1703 1579 1681 1597 1699 1597 1699 1579 1681 1594 1696 1597 1699 1594 1696 1593 1695 1593 1695 1594 1696 1590 1692 1593 1695 1590 1692 1589 1691 1589 1691 1590 1692 1586 1688 1589 1691 1586 1688 1585 1687 1585 1687 1586 1688 1584 1686 1585 1687 1584 1686 1580 1682 1580 1682 1584 1686 1582 1684 1580 1682 1582 1684 221 211 221 211 1582 1684 222 212 1560 1662 1559 1661 1597 1699 1597 1699 1559 1661 1558 1660 1597 1699 1558 1660 1601 1703 1601 1703 1558 1660 1557 1659 1601 1703 1557 1659 740 795 740 795 1557 1659 718 773 1602 1704 269 250 271 251 263 246 261 245 1578 1680 1578 1680 261 245 1603 1705 1578 1680 1603 1705 1577 1679 1577 1679 1603 1705 1604 1706 271 251 1605 1707 1602 1704 1602 1704 1605 1707 1606 1708 1602 1704 1606 1708 1607 1709 1608 1710 1575 1677 1604 1706 1604 1706 1575 1677 1576 1678 1604 1706 1576 1678 1577 1679 1606 1708 1609 1711 1607 1709 1607 1709 1609 1711 1610 1712 1607 1709 1610 1712 1611 1713 1612 1714 1573 1675 1608 1710 1608 1710 1573 1675 1574 1676 1608 1710 1574 1676 1575 1677 1610 1712 1613 1715 1611 1713 1611 1713 1613 1715 1614 1716 1611 1713 1614 1716 1615 1717 1569 1671 1570 1672 1616 1718 1616 1718 1570 1672 1571 1673 1616 1718 1571 1673 1612 1714 1612 1714 1571 1673 1572 1674 1612 1714 1572 1674 1573 1675 261 245 259 244 1603 1705 1603 1705 259 244 1617 1719 1603 1705 1617 1719 1604 1706 1604 1706 1617 1719 1618 1720 1604 1706 1618 1720 1608 1710 1608 1710 1618 1720 1619 1721 1608 1710 1619 1721 1612 1714 1612 1714 1619 1721 1620 1722 1612 1714 1620 1722 1616 1718 1616 1718 1620 1722 1621 1723 259 244 258 243 1617 1719 1617 1719 258 243 1622 1724 1617 1719 1622 1724 1618 1720 1618 1720 1622 1724 1623 1725 1618 1720 1623 1725 1619 1721 1619 1721 1623 1725 1624 1726 1619 1721 1624 1726 1620 1722 1620 1722 1624 1726 1625 1727 1620 1722 1625 1727 1621 1723 1621 1723 1625 1727 1626 1728 258 243 269 250 1622 1724 1622 1724 269 250 1602 1704 1622 1724 1602 1704 1623 1725 1623 1725 1602 1704 1607 1709 1623 1725 1607 1709 1624 1726 1624 1726 1607 1709 1611 1713 1624 1726 1611 1713 1625 1727 1625 1727 1611 1713 1615 1717 1625 1727 1615 1717 1626 1728 1626 1728 1615 1717 1627 1729 728 783 1568 1670 1628 1730 1628 1730 1568 1670 1569 1671 1614 1716 1629 1731 1615 1717 1615 1717 1629 1731 1630 1732 1615 1717 1630 1732 1627 1729 1627 1729 1630 1732 1631 1733 1627 1729 1631 1733 1632 1734 1569 1671 1616 1718 1628 1730 1628 1730 1616 1718 1621 1723 1628 1730 1621 1723 1633 1735 1633 1735 1621 1723 1626 1728 1633 1735 1626 1728 1634 1736 1634 1736 1626 1728 1627 1729 1634 1736 1627 1729 1635 1737 1635 1737 1627 1729 1632 1734 1635 1737 1632 1734 1636 1738 728 783 1628 1730 766 821 766 821 1628 1730 1633 1735 766 821 1633 1735 768 823 768 823 1633 1735 1634 1736 768 823 1634 1736 770 825 770 825 1634 1736 1635 1737 770 825 1635 1737 772 827 772 827 1635 1737 1636 1738 772 827 1636 1738 722 777 1600 1702 659 670 661 672 1600 1702 661 672 1598 1700 1598 1700 661 672 1637 1739 1598 1700 1637 1739 1599 1701 1599 1701 1637 1739 1595 1697 1595 1697 1637 1739 1638 1740 1595 1697 1638 1740 1596 1698 1596 1698 1638 1740 1591 1693 1591 1693 1638 1740 1639 1741 1591 1693 1639 1741 1592 1694 1592 1694 1639 1741 1640 1742 1592 1694 1640 1742 1587 1689 1587 1689 1640 1742 1588 1690 1588 1690 1640 1742 1641 1743 1588 1690 1641 1743 1583 1685 1583 1685 1641 1743 1581 1683 1581 1683 1641 1743 301 274 1581 1683 301 274 224 213 722 777 1636 1738 720 775 720 775 1636 1738 1642 1744 1636 1738 1632 1734 1642 1744 1642 1744 1632 1734 1631 1733 1642 1744 1631 1733 1643 1745 1631 1733 1630 1732 1643 1745 1643 1745 1630 1732 1629 1731 1643 1745 1629 1731 1644 1746 1629 1731 1614 1716 1644 1746 1644 1746 1614 1716 1613 1715 1644 1746 1613 1715 1645 1747 1613 1715 1610 1712 1645 1747 1645 1747 1610 1712 1609 1711 1645 1747 1609 1711 1646 1748 1646 1748 1609 1711 1606 1708 1646 1748 1606 1708 273 252 273 252 1606 1708 1605 1707 273 252 1605 1707 271 251 297 270 299 272 1647 1749 1647 1749 299 272 1648 1750 1647 1749 1648 1750 1649 1751 1649 1751 1648 1750 1650 1752 1649 1751 1650 1752 1651 1753 1651 1753 1650 1752 1652 1754 1651 1753 1652 1754 1653 1755 1653 1755 1652 1754 1654 1756 1653 1755 1654 1756 1655 1757 1655 1757 1654 1756 1656 1758 1655 1757 1656 1758 700 755 700 755 1656 1758 739 794 299 272 301 274 1648 1750 1648 1750 301 274 1641 1743 1648 1750 1641 1743 1650 1752 1650 1752 1641 1743 1640 1742 1650 1752 1640 1742 1652 1754 1652 1754 1640 1742 1639 1741 1652 1754 1639 1741 1654 1756 1654 1756 1639 1741 1638 1740 1654 1756 1638 1740 1656 1758 1656 1758 1638 1740 1637 1739 1656 1758 1637 1739 739 794 739 794 1637 1739 661 672 273 252 275 253 1646 1748 1646 1748 275 253 1657 1759 1646 1748 1657 1759 1645 1747 1645 1747 1657 1759 1658 1760 1645 1747 1658 1760 1644 1746 1644 1746 1658 1760 1659 1761 1644 1746 1659 1761 1643 1745 1643 1745 1659 1761 1660 1762 1643 1745 1660 1762 1642 1744 1642 1744 1660 1762 1661 1763 1642 1744 1661 1763 720 775 277 254 279 255 1662 1764 1662 1764 279 255 1663 1765 1662 1764 1663 1765 1664 1766 1664 1766 1663 1765 1665 1767 1664 1766 1665 1767 1666 1768 1666 1768 1665 1767 1667 1769 1666 1768 1667 1769 1668 1770 1668 1770 1667 1769 1669 1771 1668 1770 1669 1771 1670 1772 1670 1772 1669 1771 1671 1773 746 801 748 803 1661 1763 1661 1763 748 803 750 805 1661 1763 750 805 720 775 275 253 277 254 1657 1759 1657 1759 277 254 1662 1764 1657 1759 1662 1764 1658 1760 1658 1760 1662 1764 1664 1766 1658 1760 1664 1766 1659 1761 1659 1761 1664 1766 1666 1768 1659 1761 1666 1768 1660 1762 1660 1762 1666 1768 1668 1770 1660 1762 1668 1770 1661 1763 1661 1763 1668 1770 1670 1772 1661 1763 1670 1772 746 801 746 801 1670 1772 1671 1773 746 801 1671 1773 669 680 700 755 702 757 1672 1774 700 755 1672 1774 1655 1757 1655 1757 1672 1774 1673 1775 1655 1757 1673 1775 1653 1755 1653 1755 1673 1775 1674 1776 1653 1755 1674 1776 1651 1753 1651 1753 1674 1776 1675 1777 1651 1753 1675 1777 1649 1751 1649 1751 1675 1777 1676 1778 1649 1751 1676 1778 1647 1749 1647 1749 1676 1778 255 240 1647 1749 255 240 297 270 279 255 319 289 1677 1779 279 255 1677 1779 1663 1765 1663 1765 1677 1779 1678 1780 1663 1765 1678 1780 1665 1767 1665 1767 1678 1780 1679 1781 1665 1767 1679 1781 1667 1769 1667 1769 1679 1781 1680 1782 1667 1769 1680 1782 1669 1771 1669 1771 1680 1782 1681 1783 1669 1771 1681 1783 1671 1773 1671 1773 1681 1783 665 676 1671 1773 665 676 669 680 237 223 254 239 1682 1784 1682 1784 254 239 1683 1785 1682 1784 1683 1785 1684 1786 1684 1786 1683 1785 1685 1787 1685 1787 1683 1785 1686 1788 1685 1787 1686 1788 1687 1789 1687 1789 1686 1788 1688 1790 1688 1790 1686 1788 1689 1791 1688 1790 1689 1791 1690 1792 1690 1792 1689 1791 1691 1793 1691 1793 1689 1791 1692 1794 1691 1793 1692 1794 1693 1795 1693 1795 1692 1794 1694 1796 1694 1796 1692 1794 1695 1797 1694 1796 1695 1797 1696 1798 1696 1798 1695 1797 1697 1799 1697 1799 1695 1797 737 792 1697 1799 737 792 655 666 254 239 255 240 1683 1785 1683 1785 255 240 1676 1778 1683 1785 1676 1778 1686 1788 1686 1788 1676 1778 1675 1777 1686 1788 1675 1777 1689 1791 1689 1791 1675 1777 1674 1776 1689 1791 1674 1776 1692 1794 1692 1794 1674 1776 1673 1775 1692 1794 1673 1775 1695 1797 1695 1797 1673 1775 1672 1774 1695 1797 1672 1774 737 792 737 792 1672 1774 702 757 706 761 735 790 1698 1800 1698 1800 735 790 1699 1801 1698 1800 1699 1801 1700 1802 1700 1802 1699 1801 1701 1803 1700 1802 1701 1803 1702 1804 1702 1804 1701 1803 1703 1805 1702 1804 1703 1805 1704 1806 1704 1806 1703 1805 1705 1807 1704 1806 1705 1807 1706 1808 1706 1808 1705 1807 1707 1809 1706 1808 1707 1809 316 286 316 286 1707 1809 317 287 735 790 665 676 1699 1801 1699 1801 665 676 1681 1783 1699 1801 1681 1783 1701 1803 1701 1803 1681 1783 1680 1782 1701 1803 1680 1782 1703 1805 1703 1805 1680 1782 1679 1781 1703 1805 1679 1781 1705 1807 1705 1807 1679 1781 1678 1780 1705 1807 1678 1780 1707 1809 1707 1809 1678 1780 1677 1779 1707 1809 1677 1779 317 287 317 287 1677 1779 319 289 237 223 1682 1784 285 260 285 260 1682 1784 1708 1810 1708 1810 1682 1784 1709 1811 1709 1811 1682 1784 1684 1786 1709 1811 1684 1786 1710 1812 1710 1812 1684 1786 1685 1787 1710 1812 1685 1787 1711 1813 1711 1813 1685 1787 1687 1789 1711 1813 1687 1789 1712 1814 1712 1814 1687 1789 1688 1790 1712 1814 1688 1790 1713 1815 1713 1815 1688 1790 1690 1792 1713 1815 1690 1792 1714 1816 1714 1816 1690 1792 1691 1793 1714 1816 1691 1793 1715 1817 1715 1817 1691 1793 1693 1795 1715 1817 1693 1795 1716 1818 1716 1818 1693 1795 1694 1796 1716 1818 1694 1796 1717 1819 1717 1819 1694 1796 1696 1798 1717 1819 1696 1798 1718 1820 1696 1798 1697 1799 1718 1820 1718 1820 1697 1799 655 666 1718 1820 655 666 657 668 316 286 337 307 1719 1821 316 286 1719 1821 1706 1808 1706 1808 1719 1821 1720 1822 1706 1808 1720 1822 1704 1806 1704 1806 1720 1822 1721 1823 1704 1806 1721 1823 1702 1804 1702 1804 1721 1823 1722 1824 1702 1804 1722 1824 1700 1802 1700 1802 1722 1824 1723 1825 1700 1802 1723 1825 1698 1800 1698 1800 1723 1825 704 759 1698 1800 704 759 706 761 177 176 294 267 1724 1826 1724 1826 294 267 1725 1827 285 260 1708 1810 293 266 293 266 1708 1810 1726 1828 1727 1829 1728 1830 1725 1827 1725 1827 1728 1830 1729 1831 1725 1827 1729 1831 1724 1826 1708 1810 1709 1811 1726 1828 1726 1828 1709 1811 1710 1812 1726 1828 1710 1812 1730 1832 1731 1833 1732 1834 1727 1829 1727 1829 1732 1834 1733 1835 1727 1829 1733 1835 1728 1830 1710 1812 1711 1813 1730 1832 1730 1832 1711 1813 1712 1814 1730 1832 1712 1814 1734 1836 1735 1837 1736 1838 1731 1833 1731 1833 1736 1838 1737 1839 1731 1833 1737 1839 1732 1834 1712 1814 1713 1815 1734 1836 1734 1836 1713 1815 1714 1816 1734 1836 1714 1816 1738 1840 1739 1841 1740 1842 1741 1843 1741 1843 1740 1842 1742 1844 1741 1843 1742 1844 1735 1837 1735 1837 1742 1844 1743 1845 1735 1837 1743 1845 1736 1838 708 763 1739 1841 775 830 775 830 1739 1841 1741 1843 775 830 1741 1843 777 832 777 832 1741 1843 779 834 1714 1816 1715 1817 1738 1840 1738 1840 1715 1817 1716 1818 1738 1840 1716 1818 1744 1846 1744 1846 1716 1818 1717 1819 1744 1846 1717 1819 1718 1820 294 267 293 266 1725 1827 1725 1827 293 266 1726 1828 1725 1827 1726 1828 1727 1829 1727 1829 1726 1828 1730 1832 1727 1829 1730 1832 1731 1833 1731 1833 1730 1832 1734 1836 1731 1833 1734 1836 1735 1837 1735 1837 1734 1836 1738 1840 1735 1837 1738 1840 1741 1843 1741 1843 1738 1840 1744 1846 1741 1843 1744 1846 779 834 779 834 1744 1846 1718 1820 779 834 1718 1820 657 668 674 685 733 788 1745 1847 1745 1847 733 788 1746 1848 1745 1847 1746 1848 1747 1849 1747 1849 1746 1848 1748 1850 1747 1849 1748 1850 1749 1851 1749 1851 1748 1850 1750 1852 1749 1851 1750 1852 1751 1853 1751 1853 1750 1852 1752 1854 1751 1853 1752 1854 1753 1855 1753 1855 1752 1854 1754 1856 1753 1855 1754 1856 340 310 340 310 1754 1856 339 309 733 788 704 759 1746 1848 1746 1848 704 759 1723 1825 1746 1848 1723 1825 1748 1850 1748 1850 1723 1825 1722 1824 1748 1850 1722 1824 1750 1852 1750 1852 1722 1824 1721 1823 1750 1852 1721 1823 1752 1854 1752 1854 1721 1823 1720 1822 1752 1854 1720 1822 1754 1856 1754 1856 1720 1822 1719 1821 1754 1856 1719 1821 339 309 339 309 1719 1821 337 307 710 765 1755 1857 708 763 708 763 1755 1857 1739 1841 1739 1841 1755 1857 1740 1842 1740 1842 1755 1857 1756 1858 1740 1842 1756 1858 1742 1844 1742 1844 1756 1858 1757 1859 1742 1844 1757 1859 1743 1845 1743 1845 1757 1859 1758 1860 1743 1845 1758 1860 1736 1838 1736 1838 1758 1860 1759 1861 1736 1838 1759 1861 1737 1839 1737 1839 1759 1861 1760 1862 1737 1839 1760 1862 1732 1834 1732 1834 1760 1862 1761 1863 1732 1834 1761 1863 1733 1835 1733 1835 1761 1863 1762 1864 1733 1835 1762 1864 1728 1830 1728 1830 1762 1864 1763 1865 1728 1830 1763 1865 1729 1831 1729 1831 1763 1865 1764 1866 1729 1831 1764 1866 1724 1826 1764 1866 1765 1867 1724 1826 1724 1826 1765 1867 175 174 1724 1826 175 174 177 176 672 683 674 685 1745 1847 672 683 1745 1847 1766 1868 1766 1868 1745 1847 1747 1849 1766 1868 1747 1849 1767 1869 1767 1869 1747 1849 1749 1851 1767 1869 1749 1851 1768 1870 1768 1870 1749 1851 1751 1853 1768 1870 1751 1853 1769 1871 1769 1871 1751 1853 1753 1855 1769 1871 1753 1855 1770 1872 1770 1872 1753 1855 340 310 1770 1872 340 310 313 284 175 174 1765 1867 173 172 173 172 1765 1867 1771 1873 1765 1867 1764 1866 1771 1873 1771 1873 1764 1866 1763 1865 1771 1873 1763 1865 1772 1874 1763 1865 1762 1864 1772 1874 1772 1874 1762 1864 1761 1863 1772 1874 1761 1863 1773 1875 1761 1863 1760 1862 1773 1875 1773 1875 1760 1862 1759 1861 1773 1875 1759 1861 1774 1876 206 199 204 198 1775 1877 1775 1877 204 198 1776 1878 1775 1877 1776 1878 1777 1879 1777 1879 1776 1878 1778 1880 1777 1879 1778 1880 1779 1881 1779 1881 1778 1880 1780 1882 1779 1881 1780 1882 1781 1883 1781 1883 1780 1882 1782 1884 1781 1883 1782 1884 1783 1885 1783 1885 1782 1884 1784 1886 1783 1885 1784 1886 724 779 204 198 203 197 1776 1878 1776 1878 203 197 1785 1887 1776 1878 1785 1887 1778 1880 1778 1880 1785 1887 1786 1888 1778 1880 1786 1888 1780 1882 1780 1882 1786 1888 1787 1889 1780 1882 1787 1889 1782 1884 1782 1884 1787 1889 1788 1890 1782 1884 1788 1890 1784 1886 1784 1886 1788 1890 1789 1891 203 197 171 170 1785 1887 1785 1887 171 170 1790 1892 1785 1887 1790 1892 1786 1888 1786 1888 1790 1892 1791 1893 1786 1888 1791 1893 1787 1889 1787 1889 1791 1893 1792 1894 1787 1889 1792 1894 1788 1890 1788 1890 1792 1894 1793 1895 1788 1890 1793 1895 1789 1891 1789 1891 1793 1895 1794 1896 171 170 173 172 1790 1892 1790 1892 173 172 1771 1873 1790 1892 1771 1873 1791 1893 1791 1893 1771 1873 1772 1874 1791 1893 1772 1874 1792 1894 1792 1894 1772 1874 1773 1875 1792 1894 1773 1875 1793 1895 1793 1895 1773 1875 1774 1876 1793 1895 1774 1876 1794 1896 1794 1896 1774 1876 1795 1897 1759 1861 1758 1860 1774 1876 1774 1876 1758 1860 1757 1859 1774 1876 1757 1859 1795 1897 1795 1897 1757 1859 1756 1858 1795 1897 1756 1858 1755 1857 724 779 1784 1886 780 835 780 835 1784 1886 1789 1891 780 835 1789 1891 782 837 782 837 1789 1891 1794 1896 782 837 1794 1896 784 839 784 839 1794 1896 1795 1897 784 839 1795 1897 786 841 786 841 1795 1897 1755 1857 786 841 1755 1857 710 765 804 859 806 861 1796 1898 313 284 311 282 1770 1872 1770 1872 311 282 1797 1899 1770 1872 1797 1899 1769 1871 1769 1871 1797 1899 1798 1900 1769 1871 1798 1900 1768 1870 1768 1870 1798 1900 1799 1901 1768 1870 1799 1901 1767 1869 1767 1869 1799 1901 1800 1902 1767 1869 1800 1902 1766 1868 1766 1868 1800 1902 1796 1898 1766 1868 1796 1898 672 683 672 683 1796 1898 806 861 802 857 804 859 1801 1903 1801 1903 804 859 1796 1898 1801 1903 1796 1898 1802 1904 1802 1904 1796 1898 1800 1902 1802 1904 1800 1902 1803 1905 1803 1905 1800 1902 1799 1901 1803 1905 1799 1901 1804 1906 1804 1906 1799 1901 1798 1900 1804 1906 1798 1900 1805 1907 1805 1907 1798 1900 1797 1899 1805 1907 1797 1899 310 281 310 281 1797 1899 311 282 310 281 242 227 1805 1907 1805 1907 242 227 1806 1908 1805 1907 1806 1908 1804 1906 1804 1906 1806 1908 1807 1909 1804 1906 1807 1909 1803 1905 1803 1905 1807 1909 1808 1910 1803 1905 1808 1910 1802 1904 1802 1904 1808 1910 1809 1911 1802 1904 1809 1911 1801 1903 1801 1903 1809 1911 1810 1912 1801 1903 1810 1912 802 857 802 857 1810 1912 713 768 724 779 726 781 1811 1913 724 779 1811 1913 1783 1885 1783 1885 1811 1913 1812 1914 1783 1885 1812 1914 1781 1883 1781 1883 1812 1914 1813 1915 1781 1883 1813 1915 1779 1881 1779 1881 1813 1915 1814 1916 1779 1881 1814 1916 1777 1879 1777 1879 1814 1916 1815 1917 1777 1879 1815 1917 1775 1877 1775 1877 1815 1917 233 219 1775 1877 233 219 206 199 715 770 713 768 1810 1912 715 770 1810 1912 1816 1918 1816 1918 1810 1912 1809 1911 1816 1918 1809 1911 1817 1919 1817 1919 1809 1911 1808 1910 1817 1919 1808 1910 1818 1920 1818 1920 1808 1910 1807 1909 1818 1920 1807 1909 1819 1921 1819 1921 1807 1909 1806 1908 1819 1921 1806 1908 1820 1922 1820 1922 1806 1908 242 227 1820 1922 242 227 243 228 790 845 792 847 1821 1923 794 849 796 851 1822 1924 246 231 247 232 1823 1925 1823 1925 247 232 1824 1926 1823 1925 1824 1926 1825 1927 1825 1927 1824 1926 1826 1928 1825 1927 1826 1928 1827 1929 1827 1929 1826 1928 1828 1930 1827 1929 1828 1930 1829 1931 1829 1931 1828 1930 1830 1932 1829 1931 1830 1932 1831 1933 1831 1933 1830 1932 1822 1924 243 228 246 231 1820 1922 1820 1922 246 231 1823 1925 1820 1922 1823 1925 1819 1921 1819 1921 1823 1925 1825 1927 1819 1921 1825 1927 1818 1920 1818 1920 1825 1927 1827 1929 1818 1920 1827 1929 1817 1919 1817 1919 1827 1929 1829 1931 1817 1919 1829 1931 1816 1918 1816 1918 1829 1931 1831 1933 1816 1918 1831 1933 715 770 715 770 1831 1933 800 855 1822 1924 796 851 1831 1933 1831 1933 796 851 798 853 1831 1933 798 853 800 855 792 847 794 849 1821 1923 1821 1923 794 849 1822 1924 1821 1923 1822 1924 1832 1934 1832 1934 1822 1924 1830 1932 1832 1934 1830 1932 1833 1935 1833 1935 1830 1932 1828 1930 1833 1935 1828 1930 1834 1936 1834 1936 1828 1930 1826 1928 1834 1936 1826 1928 1835 1937 1835 1937 1826 1928 1824 1926 1835 1937 1824 1926 230 216 230 216 1824 1926 247 232 788 843 790 845 1836 1938 1836 1938 790 845 1821 1923 1836 1938 1821 1923 1837 1939 1837 1939 1821 1923 1832 1934 1837 1939 1832 1934 1838 1940 1838 1940 1832 1934 1833 1935 1838 1940 1833 1935 1839 1941 1839 1941 1833 1935 1834 1936 1839 1941 1834 1936 1840 1942 1840 1942 1834 1936 1835 1937 1840 1942 1835 1937 232 218 232 218 1835 1937 230 216 232 218 233 219 1840 1942 1840 1942 233 219 1815 1917 1840 1942 1815 1917 1839 1941 1839 1941 1815 1917 1814 1916 1839 1941 1814 1916 1838 1940 1838 1940 1814 1916 1813 1915 1838 1940 1813 1915 1837 1939 1837 1939 1813 1915 1812 1914 1837 1939 1812 1914 1836 1938 1836 1938 1812 1914 1811 1913 1836 1938 1811 1913 788 843 788 843 1811 1913 726 781 627 627 626 626 1841 1943 630 630 629 629 1842 1944 639 639 638 638 1843 1945 642 642 641 641 1844 1946 651 651 650 650 1845 1947 654 654 653 653 1846 1948 591 591 590 590 1847 1949 594 594 593 593 1848 1950 606 606 605 605 1849 1951 618 618 617 617 1850 1952 496 466 494 464 1851 1953 497 467 496 466 1852 1954 515 485 497 467 1853 1955 516 486 515 485 1854 1956 517 487 516 486 1855 1957 518 488 517 487 1856 1958 502 472 518 488 1857 1959 503 473 502 472 1858 1960 520 490 503 473 1859 1961 521 491 520 490 1860 1962 514 484 521 491 1861 1963 522 492 514 484 1862 1964 523 493 522 492 1863 1965 525 495 523 493 1864 1966 529 499 525 495 1865 1967 531 501 529 499 1866 1968 533 503 531 501 1867 1969 534 504 533 503 1868 1970 536 506 534 504 1869 1971 540 510 536 506 1870 1972 538 508 540 510 1871 1973 489 459 538 508 1872 1974 490 460 489 459 1873 1975 492 462 490 460 1874 1976 499 469 492 462 1875 1977 501 471 499 469 1876 1978 507 477 501 471 1877 1979 508 478 507 477 1878 1980 487 457 508 478 1879 1981 494 464 487 457 1880 1982 494 464 1880 1982 1851 1953 1851 1953 1880 1982 1881 1983 1851 1953 1881 1983 1882 1984 1882 1984 1881 1983 1883 1985 1882 1984 1883 1985 1884 1986 1884 1986 1883 1985 1885 1987 1884 1986 1885 1987 1886 1988 1886 1988 1885 1987 1887 1989 1886 1988 1887 1989 1888 1990 1888 1990 1887 1989 1850 1952 1888 1990 1850 1952 1889 1991 1889 1991 1850 1952 617 617 1889 1991 617 617 621 621 487 457 1879 1981 1880 1982 1880 1982 1879 1981 1890 1992 1880 1982 1890 1992 1881 1983 1881 1983 1890 1992 1891 1993 1881 1983 1891 1993 1883 1985 1883 1985 1891 1993 1892 1994 1883 1985 1892 1994 1885 1987 1885 1987 1892 1994 1893 1995 1885 1987 1893 1995 1887 1989 1887 1989 1893 1995 1894 1996 1887 1989 1894 1996 1850 1952 1850 1952 1894 1996 614 614 1850 1952 614 614 618 618 1895 1997 611 611 615 615 508 478 1878 1980 1879 1981 1879 1981 1878 1980 1896 1998 1879 1981 1896 1998 1890 1992 1890 1992 1896 1998 1897 1999 1890 1992 1897 1999 1891 1993 1891 1993 1897 1999 1898 2000 1891 1993 1898 2000 1892 1994 1892 1994 1898 2000 1899 2001 1892 1994 1899 2001 1893 1995 1893 1995 1899 2001 1895 1997 1893 1995 1895 1997 1894 1996 1894 1996 1895 1997 615 615 1894 1996 615 615 614 614 1900 2002 608 608 612 612 507 477 1877 1979 1878 1980 1878 1980 1877 1979 1901 2003 1878 1980 1901 2003 1896 1998 1896 1998 1901 2003 1902 2004 1896 1998 1902 2004 1897 1999 1897 1999 1902 2004 1903 2005 1897 1999 1903 2005 1898 2000 1898 2000 1903 2005 1904 2006 1898 2000 1904 2006 1899 2001 1899 2001 1904 2006 1900 2002 1899 2001 1900 2002 1895 1997 1895 1997 1900 2002 612 612 1895 1997 612 612 611 611 501 471 1876 1978 1877 1979 1877 1979 1876 1978 1905 2007 1877 1979 1905 2007 1901 2003 1901 2003 1905 2007 1906 2008 1901 2003 1906 2008 1902 2004 1902 2004 1906 2008 1907 2009 1902 2004 1907 2009 1903 2005 1903 2005 1907 2009 1908 2010 1903 2005 1908 2010 1904 2006 1904 2006 1908 2010 1909 2011 1904 2006 1909 2011 1900 2002 1900 2002 1909 2011 609 609 1900 2002 609 609 608 608 499 469 1875 1977 1876 1978 1876 1978 1875 1977 1910 2012 1876 1978 1910 2012 1905 2007 1905 2007 1910 2012 1911 2013 1905 2007 1911 2013 1906 2008 1906 2008 1911 2013 1912 2014 1906 2008 1912 2014 1907 2009 1907 2009 1912 2014 1913 2015 1907 2009 1913 2015 1908 2010 1908 2010 1913 2015 1849 1951 1908 2010 1849 1951 1909 2011 1909 2011 1849 1951 605 605 1909 2011 605 605 609 609 492 462 1874 1976 1875 1977 1875 1977 1874 1976 1914 2016 1875 1977 1914 2016 1910 2012 1910 2012 1914 2016 1915 2017 1910 2012 1915 2017 1911 2013 1911 2013 1915 2017 1916 2018 1911 2013 1916 2018 1912 2014 1912 2014 1916 2018 1917 2019 1912 2014 1917 2019 1913 2015 1913 2015 1917 2019 1918 2020 1913 2015 1918 2020 1849 1951 1849 1951 1918 2020 602 602 1849 1951 602 602 606 606 1919 2021 599 599 603 603 490 460 1873 1975 1874 1976 1874 1976 1873 1975 1920 2022 1874 1976 1920 2022 1914 2016 1914 2016 1920 2022 1921 2023 1914 2016 1921 2023 1915 2017 1915 2017 1921 2023 1922 2024 1915 2017 1922 2024 1916 2018 1916 2018 1922 2024 1923 2025 1916 2018 1923 2025 1917 2019 1917 2019 1923 2025 1919 2021 1917 2019 1919 2021 1918 2020 1918 2020 1919 2021 603 603 1918 2020 603 603 602 602 1924 2026 596 596 600 600 489 459 1872 1974 1873 1975 1873 1975 1872 1974 1925 2027 1873 1975 1925 2027 1920 2022 1920 2022 1925 2027 1926 2028 1920 2022 1926 2028 1921 2023 1921 2023 1926 2028 1927 2029 1921 2023 1927 2029 1922 2024 1922 2024 1927 2029 1928 2030 1922 2024 1928 2030 1923 2025 1923 2025 1928 2030 1924 2026 1923 2025 1924 2026 1919 2021 1919 2021 1924 2026 600 600 1919 2021 600 600 599 599 538 508 1871 1973 1872 1974 1872 1974 1871 1973 1929 2031 1872 1974 1929 2031 1925 2027 1925 2027 1929 2031 1930 2032 1925 2027 1930 2032 1926 2028 1926 2028 1930 2032 1931 2033 1926 2028 1931 2033 1927 2029 1927 2029 1931 2033 1932 2034 1927 2029 1932 2034 1928 2030 1928 2030 1932 2034 1933 2035 1928 2030 1933 2035 1924 2026 1924 2026 1933 2035 597 597 1924 2026 597 597 596 596 540 510 1870 1972 1871 1973 1871 1973 1870 1972 1934 2036 1871 1973 1934 2036 1929 2031 1929 2031 1934 2036 1935 2037 1929 2031 1935 2037 1930 2032 1930 2032 1935 2037 1936 2038 1930 2032 1936 2038 1931 2033 1931 2033 1936 2038 1937 2039 1931 2033 1937 2039 1932 2034 1932 2034 1937 2039 1848 1950 1932 2034 1848 1950 1933 2035 1933 2035 1848 1950 593 593 1933 2035 593 593 597 597 536 506 1869 1971 1870 1972 1870 1972 1869 1971 1938 2040 1870 1972 1938 2040 1934 2036 1934 2036 1938 2040 1939 2041 1934 2036 1939 2041 1935 2037 1935 2037 1939 2041 1940 2042 1935 2037 1940 2042 1936 2038 1936 2038 1940 2042 1941 2043 1936 2038 1941 2043 1937 2039 1937 2039 1941 2043 1847 1949 1937 2039 1847 1949 1848 1950 1848 1950 1847 1949 590 590 1848 1950 590 590 594 594 534 504 1868 1970 1869 1971 1869 1971 1868 1970 1942 2044 1869 1971 1942 2044 1938 2040 1938 2040 1942 2044 1943 2045 1938 2040 1943 2045 1939 2041 1939 2041 1943 2045 1944 2046 1939 2041 1944 2046 1940 2042 1940 2042 1944 2046 1945 2047 1940 2042 1945 2047 1941 2043 1941 2043 1945 2047 1946 2048 1941 2043 1946 2048 1847 1949 1847 1949 1946 2048 587 587 1847 1949 587 587 591 591 1947 2049 585 585 588 588 533 503 1867 1969 1868 1970 1868 1970 1867 1969 1948 2050 1868 1970 1948 2050 1942 2044 1942 2044 1948 2050 1949 2051 1942 2044 1949 2051 1943 2045 1943 2045 1949 2051 1950 2052 1943 2045 1950 2052 1944 2046 1944 2046 1950 2052 1951 2053 1944 2046 1951 2053 1945 2047 1945 2047 1951 2053 1947 2049 1945 2047 1947 2049 1946 2048 1946 2048 1947 2049 588 588 1946 2048 588 588 587 587 531 501 1866 1968 1867 1969 1867 1969 1866 1968 1952 2054 1867 1969 1952 2054 1948 2050 1948 2050 1952 2054 1953 2055 1948 2050 1953 2055 1949 2051 1949 2051 1953 2055 1954 2056 1949 2051 1954 2056 1950 2052 1950 2052 1954 2056 1955 2057 1950 2052 1955 2057 1951 2053 1951 2053 1955 2057 1956 2058 1951 2053 1956 2058 1947 2049 1947 2049 1956 2058 652 652 1947 2049 652 652 585 585 529 499 1865 1967 1866 1968 1866 1968 1865 1967 1957 2059 1866 1968 1957 2059 1952 2054 1952 2054 1957 2059 1958 2060 1952 2054 1958 2060 1953 2055 1953 2055 1958 2060 1959 2061 1953 2055 1959 2061 1954 2056 1954 2056 1959 2061 1960 2062 1954 2056 1960 2062 1955 2057 1955 2057 1960 2062 1846 1948 1955 2057 1846 1948 1956 2058 1956 2058 1846 1948 653 653 1956 2058 653 653 652 652 525 495 1864 1966 1865 1967 1865 1967 1864 1966 1961 2063 1865 1967 1961 2063 1957 2059 1957 2059 1961 2063 1962 2064 1957 2059 1962 2064 1958 2060 1958 2060 1962 2064 1963 2065 1958 2060 1963 2065 1959 2061 1959 2061 1963 2065 1964 2066 1959 2061 1964 2066 1960 2062 1960 2062 1964 2066 1845 1947 1960 2062 1845 1947 1846 1948 1846 1948 1845 1947 650 650 1846 1948 650 650 654 654 523 493 1863 1965 1864 1966 1864 1966 1863 1965 1965 2067 1864 1966 1965 2067 1961 2063 1961 2063 1965 2067 1966 2068 1961 2063 1966 2068 1962 2064 1962 2064 1966 2068 1967 2069 1962 2064 1967 2069 1963 2065 1963 2065 1967 2069 1968 2070 1963 2065 1968 2070 1964 2066 1964 2066 1968 2070 1969 2071 1964 2066 1969 2071 1845 1947 1845 1947 1969 2071 647 647 1845 1947 647 647 651 651 1970 2072 644 644 648 648 522 492 1862 1964 1863 1965 1863 1965 1862 1964 1971 2073 1863 1965 1971 2073 1965 2067 1965 2067 1971 2073 1972 2074 1965 2067 1972 2074 1966 2068 1966 2068 1972 2074 1973 2075 1966 2068 1973 2075 1967 2069 1967 2069 1973 2075 1974 2076 1967 2069 1974 2076 1968 2070 1968 2070 1974 2076 1970 2072 1968 2070 1970 2072 1969 2071 1969 2071 1970 2072 648 648 1969 2071 648 648 647 647 514 484 1861 1963 1862 1964 1862 1964 1861 1963 1975 2077 1862 1964 1975 2077 1971 2073 1971 2073 1975 2077 1976 2078 1971 2073 1976 2078 1972 2074 1972 2074 1976 2078 1977 2079 1972 2074 1977 2079 1973 2075 1973 2075 1977 2079 1978 2080 1973 2075 1978 2080 1974 2076 1974 2076 1978 2080 1979 2081 1974 2076 1979 2081 1970 2072 1970 2072 1979 2081 645 645 1970 2072 645 645 644 644 521 491 1860 1962 1861 1963 1861 1963 1860 1962 1980 2082 1861 1963 1980 2082 1975 2077 1975 2077 1980 2082 1981 2083 1975 2077 1981 2083 1976 2078 1976 2078 1981 2083 1982 2084 1976 2078 1982 2084 1977 2079 1977 2079 1982 2084 1983 2085 1977 2079 1983 2085 1978 2080 1978 2080 1983 2085 1844 1946 1978 2080 1844 1946 1979 2081 1979 2081 1844 1946 641 641 1979 2081 641 641 645 645 520 490 1859 1961 1860 1962 1860 1962 1859 1961 1984 2086 1860 1962 1984 2086 1980 2082 1980 2082 1984 2086 1985 2087 1980 2082 1985 2087 1981 2083 1981 2083 1985 2087 1986 2088 1981 2083 1986 2088 1982 2084 1982 2084 1986 2088 1987 2089 1982 2084 1987 2089 1983 2085 1983 2085 1987 2089 1843 1945 1983 2085 1843 1945 1844 1946 1844 1946 1843 1945 638 638 1844 1946 638 638 642 642 503 473 1858 1960 1859 1961 1859 1961 1858 1960 1988 2090 1859 1961 1988 2090 1984 2086 1984 2086 1988 2090 1989 2091 1984 2086 1989 2091 1985 2087 1985 2087 1989 2091 1990 2092 1985 2087 1990 2092 1986 2088 1986 2088 1990 2092 1991 2093 1986 2088 1991 2093 1987 2089 1987 2089 1991 2093 1992 2094 1987 2089 1992 2094 1843 1945 1843 1945 1992 2094 635 635 1843 1945 635 635 639 639 1993 2095 632 632 636 636 502 472 1857 1959 1858 1960 1858 1960 1857 1959 1994 2096 1858 1960 1994 2096 1988 2090 1988 2090 1994 2096 1995 2097 1988 2090 1995 2097 1989 2091 1989 2091 1995 2097 1996 2098 1989 2091 1996 2098 1990 2092 1990 2092 1996 2098 1997 2099 1990 2092 1997 2099 1991 2093 1991 2093 1997 2099 1993 2095 1991 2093 1993 2095 1992 2094 1992 2094 1993 2095 636 636 1992 2094 636 636 635 635 518 488 1856 1958 1857 1959 1857 1959 1856 1958 1998 2100 1857 1959 1998 2100 1994 2096 1994 2096 1998 2100 1999 2101 1994 2096 1999 2101 1995 2097 1995 2097 1999 2101 2000 2102 1995 2097 2000 2102 1996 2098 1996 2098 2000 2102 2001 2103 1996 2098 2001 2103 1997 2099 1997 2099 2001 2103 2002 2104 1997 2099 2002 2104 1993 2095 1993 2095 2002 2104 633 633 1993 2095 633 633 632 632 517 487 1855 1957 1856 1958 1856 1958 1855 1957 2003 2105 1856 1958 2003 2105 1998 2100 1998 2100 2003 2105 2004 2106 1998 2100 2004 2106 1999 2101 1999 2101 2004 2106 2005 2107 1999 2101 2005 2107 2000 2102 2000 2102 2005 2107 2006 2108 2000 2102 2006 2108 2001 2103 2001 2103 2006 2108 1842 1944 2001 2103 1842 1944 2002 2104 2002 2104 1842 1944 629 629 2002 2104 629 629 633 633 516 486 1854 1956 1855 1957 1855 1957 1854 1956 2007 2109 1855 1957 2007 2109 2003 2105 2003 2105 2007 2109 2008 2110 2003 2105 2008 2110 2004 2106 2004 2106 2008 2110 2009 2111 2004 2106 2009 2111 2005 2107 2005 2107 2009 2111 2010 2112 2005 2107 2010 2112 2006 2108 2006 2108 2010 2112 1841 1943 2006 2108 1841 1943 1842 1944 1842 1944 1841 1943 626 626 1842 1944 626 626 630 630 515 485 1853 1955 1854 1956 1854 1956 1853 1955 2011 2113 1854 1956 2011 2113 2007 2109 2007 2109 2011 2113 2012 2114 2007 2109 2012 2114 2008 2110 2008 2110 2012 2114 2013 2115 2008 2110 2013 2115 2009 2111 2009 2111 2013 2115 2014 2116 2009 2111 2014 2116 2010 2112 2010 2112 2014 2116 2015 2117 2010 2112 2015 2117 1841 1943 1841 1943 2015 2117 623 623 1841 1943 623 623 627 627 2016 2118 620 620 624 624 497 467 1852 1954 1853 1955 1853 1955 1852 1954 2017 2119 1853 1955 2017 2119 2011 2113 2011 2113 2017 2119 2018 2120 2011 2113 2018 2120 2012 2114 2012 2114 2018 2120 2019 2121 2012 2114 2019 2121 2013 2115 2013 2115 2019 2121 2020 2122 2013 2115 2020 2122 2014 2116 2014 2116 2020 2122 2016 2118 2014 2116 2016 2118 2015 2117 2015 2117 2016 2118 624 624 2015 2117 624 624 623 623 496 466 1851 1953 1852 1954 1852 1954 1851 1953 1882 1984 1852 1954 1882 1984 2017 2119 2017 2119 1882 1984 1884 1986 2017 2119 1884 1986 2018 2120 2018 2120 1884 1986 1886 1988 2018 2120 1886 1988 2019 2121 2019 2121 1886 1988 1888 1990 2019 2121 1888 1990 2020 2122 2020 2122 1888 1990 1889 1991 2020 2122 1889 1991 2016 2118 2016 2118 1889 1991 621 621 2016 2118 621 621 620 620 931 1005 930 1003 2021 2123 925 996 924 994 2022 2124 923 993 922 991 2023 2125 917 984 916 982 2024 2126 915 981 914 979 2025 2127 907 969 906 967 2026 2128 901 960 900 958 2027 2129 899 957 898 955 2028 2130 893 948 892 946 2029 2131 891 945 890 942 2030 2132 410 380 408 378 2031 2133 457 427 410 380 2032 2134 459 429 457 427 2033 2135 460 430 459 429 2034 2136 432 402 460 430 2035 2137 431 401 432 402 2036 2138 356 326 431 401 2037 2139 358 328 356 326 2038 2140 359 329 358 328 2039 2141 423 393 359 329 2040 2142 424 394 423 393 2041 2143 426 396 424 394 2042 2144 428 398 426 396 2043 2145 360 330 428 398 2044 2146 361 331 360 330 2045 2147 388 358 361 331 2046 2148 389 359 388 358 2047 2149 346 316 389 359 2048 2150 396 366 346 316 2049 2151 397 367 396 366 2050 2152 406 376 397 367 2051 2153 453 423 406 376 2052 2154 454 424 453 423 2053 2155 461 431 454 424 2054 2156 462 432 461 431 2055 2157 464 434 462 432 2056 2158 468 438 464 434 2057 2159 470 440 468 438 2058 2160 471 441 470 440 2059 2161 408 378 471 441 2060 2162 408 378 2060 2162 2031 2133 2031 2133 2060 2162 2061 2163 2031 2133 2061 2163 2062 2164 2062 2164 2061 2163 2063 2165 2062 2164 2063 2165 2064 2166 2064 2166 2063 2165 2065 2167 2064 2166 2065 2167 2066 2168 2066 2168 2065 2167 2030 2132 2066 2168 2030 2132 2067 2169 2067 2169 2030 2132 890 942 2067 2169 890 942 937 1013 471 441 2059 2161 2060 2162 2060 2162 2059 2161 2068 2170 2060 2162 2068 2170 2061 2163 2061 2163 2068 2170 2069 2171 2061 2163 2069 2171 2063 2165 2063 2165 2069 2171 2070 2172 2063 2165 2070 2172 2065 2167 2065 2167 2070 2172 2029 2131 2065 2167 2029 2131 2030 2132 2030 2132 2029 2131 892 946 2030 2132 892 946 891 945 470 440 2058 2160 2059 2161 2059 2161 2058 2160 2071 2173 2059 2161 2071 2173 2068 2170 2068 2170 2071 2173 2072 2174 2068 2170 2072 2174 2069 2171 2069 2171 2072 2174 2073 2175 2069 2171 2073 2175 2070 2172 2070 2172 2073 2175 2074 2176 2070 2172 2074 2176 2029 2131 2029 2131 2074 2176 894 949 2029 2131 894 949 893 948 2075 2177 896 952 895 951 468 438 2057 2159 2058 2160 2058 2160 2057 2159 2076 2178 2058 2160 2076 2178 2071 2173 2071 2173 2076 2178 2077 2179 2071 2173 2077 2179 2072 2174 2072 2174 2077 2179 2078 2180 2072 2174 2078 2180 2073 2175 2073 2175 2078 2180 2075 2177 2073 2175 2075 2177 2074 2176 2074 2176 2075 2177 895 951 2074 2176 895 951 894 949 464 434 2056 2158 2057 2159 2057 2159 2056 2158 2079 2181 2057 2159 2079 2181 2076 2178 2076 2178 2079 2181 2080 2182 2076 2178 2080 2182 2077 2179 2077 2179 2080 2182 2081 2183 2077 2179 2081 2183 2078 2180 2078 2180 2081 2183 2082 2184 2078 2180 2082 2184 2075 2177 2075 2177 2082 2184 897 954 2075 2177 897 954 896 952 462 432 2055 2157 2056 2158 2056 2158 2055 2157 2083 2185 2056 2158 2083 2185 2079 2181 2079 2181 2083 2185 2084 2186 2079 2181 2084 2186 2080 2182 2080 2182 2084 2186 2085 2187 2080 2182 2085 2187 2081 2183 2081 2183 2085 2187 2028 2130 2081 2183 2028 2130 2082 2184 2082 2184 2028 2130 898 955 2082 2184 898 955 897 954 461 431 2054 2156 2055 2157 2055 2157 2054 2156 2086 2188 2055 2157 2086 2188 2083 2185 2083 2185 2086 2188 2087 2189 2083 2185 2087 2189 2084 2186 2084 2186 2087 2189 2088 2190 2084 2186 2088 2190 2085 2187 2085 2187 2088 2190 2027 2129 2085 2187 2027 2129 2028 2130 2028 2130 2027 2129 900 958 2028 2130 900 958 899 957 454 424 2053 2155 2054 2156 2054 2156 2053 2155 2089 2191 2054 2156 2089 2191 2086 2188 2086 2188 2089 2191 2090 2192 2086 2188 2090 2192 2087 2189 2087 2189 2090 2192 2091 2193 2087 2189 2091 2193 2088 2190 2088 2190 2091 2193 2092 2194 2088 2190 2092 2194 2027 2129 2027 2129 2092 2194 902 961 2027 2129 902 961 901 960 2093 2195 904 964 903 963 453 423 2052 2154 2053 2155 2053 2155 2052 2154 2094 2196 2053 2155 2094 2196 2089 2191 2089 2191 2094 2196 2095 2197 2089 2191 2095 2197 2090 2192 2090 2192 2095 2197 2096 2198 2090 2192 2096 2198 2091 2193 2091 2193 2096 2198 2093 2195 2091 2193 2093 2195 2092 2194 2092 2194 2093 2195 903 963 2092 2194 903 963 902 961 406 376 2051 2153 2052 2154 2052 2154 2051 2153 2097 2199 2052 2154 2097 2199 2094 2196 2094 2196 2097 2199 2098 2200 2094 2196 2098 2200 2095 2197 2095 2197 2098 2200 2099 2201 2095 2197 2099 2201 2096 2198 2096 2198 2099 2201 2100 2202 2096 2198 2100 2202 2093 2195 2093 2195 2100 2202 905 966 2093 2195 905 966 904 964 397 367 2050 2152 2051 2153 2051 2153 2050 2152 2101 2203 2051 2153 2101 2203 2097 2199 2097 2199 2101 2203 2102 2204 2097 2199 2102 2204 2098 2200 2098 2200 2102 2204 2103 2205 2098 2200 2103 2205 2099 2201 2099 2201 2103 2205 2026 2128 2099 2201 2026 2128 2100 2202 2100 2202 2026 2128 906 967 2100 2202 906 967 905 966 396 366 2049 2151 2050 2152 2050 2152 2049 2151 2104 2206 2050 2152 2104 2206 2101 2203 2101 2203 2104 2206 2105 2207 2101 2203 2105 2207 2102 2204 2102 2204 2105 2207 2106 2208 2102 2204 2106 2208 2103 2205 2103 2205 2106 2208 2107 2209 2103 2205 2107 2209 2026 2128 2026 2128 2107 2209 908 970 2026 2128 908 970 907 969 2108 2210 910 973 909 972 346 316 2048 2150 2049 2151 2049 2151 2048 2150 2109 2211 2049 2151 2109 2211 2104 2206 2104 2206 2109 2211 2110 2212 2104 2206 2110 2212 2105 2207 2105 2207 2110 2212 2111 2213 2105 2207 2111 2213 2106 2208 2106 2208 2111 2213 2108 2210 2106 2208 2108 2210 2107 2209 2107 2209 2108 2210 909 972 2107 2209 909 972 908 970 2112 2214 912 976 911 975 389 359 2047 2149 2048 2150 2048 2150 2047 2149 2113 2215 2048 2150 2113 2215 2109 2211 2109 2211 2113 2215 2114 2216 2109 2211 2114 2216 2110 2212 2110 2212 2114 2216 2115 2217 2110 2212 2115 2217 2111 2213 2111 2213 2115 2217 2112 2214 2111 2213 2112 2214 2108 2210 2108 2210 2112 2214 911 975 2108 2210 911 975 910 973 388 358 2046 2148 2047 2149 2047 2149 2046 2148 2116 2218 2047 2149 2116 2218 2113 2215 2113 2215 2116 2218 2117 2219 2113 2215 2117 2219 2114 2216 2114 2216 2117 2219 2118 2220 2114 2216 2118 2220 2115 2217 2115 2217 2118 2220 2119 2221 2115 2217 2119 2221 2112 2214 2112 2214 2119 2221 913 978 2112 2214 913 978 912 976 361 331 2045 2147 2046 2148 2046 2148 2045 2147 2120 2222 2046 2148 2120 2222 2116 2218 2116 2218 2120 2222 2121 2223 2116 2218 2121 2223 2117 2219 2117 2219 2121 2223 2122 2224 2117 2219 2122 2224 2118 2220 2118 2220 2122 2224 2025 2127 2118 2220 2025 2127 2119 2221 2119 2221 2025 2127 914 979 2119 2221 914 979 913 978 360 330 2044 2146 2045 2147 2045 2147 2044 2146 2123 2225 2045 2147 2123 2225 2120 2222 2120 2222 2123 2225 2124 2226 2120 2222 2124 2226 2121 2223 2121 2223 2124 2226 2125 2227 2121 2223 2125 2227 2122 2224 2122 2224 2125 2227 2024 2126 2122 2224 2024 2126 2025 2127 2025 2127 2024 2126 916 982 2025 2127 916 982 915 981 428 398 2043 2145 2044 2146 2044 2146 2043 2145 2126 2228 2044 2146 2126 2228 2123 2225 2123 2225 2126 2228 2127 2229 2123 2225 2127 2229 2124 2226 2124 2226 2127 2229 2128 2230 2124 2226 2128 2230 2125 2227 2125 2227 2128 2230 2129 2231 2125 2227 2129 2231 2024 2126 2024 2126 2129 2231 918 985 2024 2126 918 985 917 984 2130 2232 920 988 919 987 426 396 2042 2144 2043 2145 2043 2145 2042 2144 2131 2233 2043 2145 2131 2233 2126 2228 2126 2228 2131 2233 2132 2234 2126 2228 2132 2234 2127 2229 2127 2229 2132 2234 2133 2235 2127 2229 2133 2235 2128 2230 2128 2230 2133 2235 2130 2232 2128 2230 2130 2232 2129 2231 2129 2231 2130 2232 919 987 2129 2231 919 987 918 985 424 394 2041 2143 2042 2144 2042 2144 2041 2143 2134 2236 2042 2144 2134 2236 2131 2233 2131 2233 2134 2236 2135 2237 2131 2233 2135 2237 2132 2234 2132 2234 2135 2237 2136 2238 2132 2234 2136 2238 2133 2235 2133 2235 2136 2238 2137 2239 2133 2235 2137 2239 2130 2232 2130 2232 2137 2239 921 990 2130 2232 921 990 920 988 423 393 2040 2142 2041 2143 2041 2143 2040 2142 2138 2240 2041 2143 2138 2240 2134 2236 2134 2236 2138 2240 2139 2241 2134 2236 2139 2241 2135 2237 2135 2237 2139 2241 2140 2242 2135 2237 2140 2242 2136 2238 2136 2238 2140 2242 2023 2125 2136 2238 2023 2125 2137 2239 2137 2239 2023 2125 922 991 2137 2239 922 991 921 990 359 329 2039 2141 2040 2142 2040 2142 2039 2141 2141 2243 2040 2142 2141 2243 2138 2240 2138 2240 2141 2243 2142 2244 2138 2240 2142 2244 2139 2241 2139 2241 2142 2244 2143 2245 2139 2241 2143 2245 2140 2242 2140 2242 2143 2245 2022 2124 2140 2242 2022 2124 2023 2125 2023 2125 2022 2124 924 994 2023 2125 924 994 923 993 358 328 2038 2140 2039 2141 2039 2141 2038 2140 2144 2246 2039 2141 2144 2246 2141 2243 2141 2243 2144 2246 2145 2247 2141 2243 2145 2247 2142 2244 2142 2244 2145 2247 2146 2248 2142 2244 2146 2248 2143 2245 2143 2245 2146 2248 2147 2249 2143 2245 2147 2249 2022 2124 2022 2124 2147 2249 926 997 2022 2124 926 997 925 996 2148 2250 928 1000 927 999 356 326 2037 2139 2038 2140 2038 2140 2037 2139 2149 2251 2038 2140 2149 2251 2144 2246 2144 2246 2149 2251 2150 2252 2144 2246 2150 2252 2145 2247 2145 2247 2150 2252 2151 2253 2145 2247 2151 2253 2146 2248 2146 2248 2151 2253 2148 2250 2146 2248 2148 2250 2147 2249 2147 2249 2148 2250 927 999 2147 2249 927 999 926 997 431 401 2036 2138 2037 2139 2037 2139 2036 2138 2152 2254 2037 2139 2152 2254 2149 2251 2149 2251 2152 2254 2153 2255 2149 2251 2153 2255 2150 2252 2150 2252 2153 2255 2154 2256 2150 2252 2154 2256 2151 2253 2151 2253 2154 2256 2155 2257 2151 2253 2155 2257 2148 2250 2148 2250 2155 2257 929 1002 2148 2250 929 1002 928 1000 432 402 2035 2137 2036 2138 2036 2138 2035 2137 2156 2258 2036 2138 2156 2258 2152 2254 2152 2254 2156 2258 2157 2259 2152 2254 2157 2259 2153 2255 2153 2255 2157 2259 2158 2260 2153 2255 2158 2260 2154 2256 2154 2256 2158 2260 2021 2123 2154 2256 2021 2123 2155 2257 2155 2257 2021 2123 930 1003 2155 2257 930 1003 929 1002 460 430 2034 2136 2035 2137 2035 2137 2034 2136 2159 2261 2035 2137 2159 2261 2156 2258 2156 2258 2159 2261 2160 2262 2156 2258 2160 2262 2157 2259 2157 2259 2160 2262 2161 2263 2157 2259 2161 2263 2158 2260 2158 2260 2161 2263 2162 2264 2158 2260 2162 2264 2021 2123 2021 2123 2162 2264 932 1006 2021 2123 932 1006 931 1005 2163 2265 934 1009 933 1008 459 429 2033 2135 2034 2136 2034 2136 2033 2135 2164 2266 2034 2136 2164 2266 2159 2261 2159 2261 2164 2266 2165 2267 2159 2261 2165 2267 2160 2262 2160 2262 2165 2267 2166 2268 2160 2262 2166 2268 2161 2263 2161 2263 2166 2268 2163 2265 2161 2263 2163 2265 2162 2264 2162 2264 2163 2265 933 1008 2162 2264 933 1008 932 1006 2167 2269 936 1012 935 1011 457 427 2032 2134 2033 2135 2033 2135 2032 2134 2168 2270 2033 2135 2168 2270 2164 2266 2164 2266 2168 2270 2169 2271 2164 2266 2169 2271 2165 2267 2165 2267 2169 2271 2170 2272 2165 2267 2170 2272 2166 2268 2166 2268 2170 2272 2167 2269 2166 2268 2167 2269 2163 2265 2163 2265 2167 2269 935 1011 2163 2265 935 1011 934 1009 410 380 2031 2133 2032 2134 2032 2134 2031 2133 2062 2164 2032 2134 2062 2164 2168 2270 2168 2270 2062 2164 2064 2166 2168 2270 2064 2166 2169 2271 2169 2271 2064 2166 2066 2168 2169 2271 2066 2168 2170 2272 2170 2272 2066 2168 2067 2169 2170 2272 2067 2169 2167 2269 2167 2269 2067 2169 937 1013 2167 2269 937 1013 936 1012 2171 2273 2172 2274 2173 2275 2172 2274 2171 2273 2174 2276 2174 2276 2171 2273 2175 2277 2174 2276 2175 2277 2176 2278 2177 2279 2178 2280 2179 2281 2179 2281 2178 2280 2180 2282 2179 2281 2180 2282 2181 2283 2177 2279 2176 2278 2178 2280 2178 2280 2176 2278 2175 2277 2178 2280 2175 2277 2182 2284 2182 2284 2175 2277 2171 2273 2182 2284 2171 2273 2183 2285 2183 2285 2171 2273 2173 2275 2183 2285 2173 2275 2184 2286 2185 2287 2186 2288 2187 2289 2187 2289 2186 2288 2188 2290 2187 2289 2188 2290 2189 2291 2189 2291 2190 2292 2187 2289 2187 2289 2190 2292 2191 2293 2187 2289 2191 2293 2185 2287 2192 2294 2184 2286 2193 2295 2193 2295 2184 2286 2194 2296 2193 2295 2194 2296 2195 2297 2195 2297 2194 2296 2196 2298 2192 2294 2197 2299 2184 2286 2184 2286 2197 2299 2198 2300 2184 2286 2198 2300 2183 2285 2183 2285 2198 2300 2199 2301 2183 2285 2199 2301 2182 2284 2182 2284 2199 2301 2200 2302 2182 2284 2200 2302 2178 2280 2178 2280 2200 2302 2201 2303 2178 2280 2201 2303 2180 2282 166 166 165 165 2202 2304 2202 2304 2203 2305 166 166 166 166 2203 2305 2185 2287 166 166 2185 2287 2204 2306 2204 2306 2185 2287 2191 2293 163 163 2196 2298 165 165 165 165 2196 2298 2194 2296 165 165 2194 2296 2202 2304 2202 2304 2194 2296 2184 2286 2202 2304 2184 2286 2203 2305 2203 2305 2184 2286 2173 2275 2203 2305 2173 2275 2185 2287 2185 2287 2173 2275 2172 2274 2185 2287 2172 2274 2186 2288 2186 2288 2172 2274 2174 2276 2186 2288 2174 2276 2188 2290 2205 2307 2206 2308 2207 2309 2208 2310 2209 2311 2190 2292 2209 2311 2208 2310 2210 2312 2211 2313 2212 2314 2213 2315 2214 2316 2215 2317 2216 2318 2217 2319 2218 2320 2219 2321 2220 2322 2221 2323 2222 2324 2223 2325 2224 2326 2225 2327 2218 2320 2226 2328 2227 2329 2226 2328 2218 2320 2228 2330 2228 2330 2218 2320 2217 2319 2228 2330 2217 2319 2229 2331 2219 2321 2230 2332 2217 2319 2217 2319 2230 2332 2231 2333 2217 2319 2231 2333 2229 2331 2229 2331 2231 2333 2232 2334 2233 2335 2234 2336 2235 2337 2235 2337 2234 2336 2224 2326 2235 2337 2224 2326 2236 2338 2236 2338 2224 2326 2223 2325 2236 2338 2223 2325 2237 2339 2227 2329 2225 2327 2218 2320 2218 2320 2225 2327 2224 2326 2218 2320 2224 2326 2219 2321 2219 2321 2224 2326 2234 2336 2219 2321 2234 2336 2230 2332 2230 2332 2234 2336 2238 2340 2230 2332 2238 2340 2231 2333 2231 2333 2238 2340 2214 2316 2231 2333 2214 2316 2232 2334 2232 2334 2214 2316 2216 2318 2239 2341 2240 2342 2241 2343 2241 2343 2240 2342 2242 2344 2241 2343 2242 2344 2243 2345 2244 2346 2245 2347 2246 2348 2247 2349 2240 2342 2248 2350 2248 2350 2240 2342 2239 2341 2248 2350 2239 2341 2249 2351 2250 2352 2251 2353 2247 2349 2247 2349 2251 2353 2252 2354 2247 2349 2252 2354 2240 2342 2240 2342 2252 2354 2253 2355 2240 2342 2253 2355 2242 2344 2242 2344 2253 2355 2254 2356 2255 2357 2256 2358 2257 2359 2257 2359 2256 2358 2258 2360 2257 2359 2258 2360 2259 2361 2260 2362 2257 2359 2261 2363 2261 2363 2257 2359 2262 2364 2263 2365 2264 2366 2265 2367 2265 2367 2264 2366 2266 2368 2265 2367 2266 2368 2267 2369 2267 2369 2266 2368 2268 2370 2267 2369 2268 2370 2255 2357 2255 2357 2268 2370 2256 2358 4000 2371 3979 655 3980 2372 2269 2373 2270 2374 2271 2375 2272 2376 2273 2377 2274 2378 2274 2378 2273 2377 2275 2379 2274 2378 2275 2379 2276 2380 2277 2381 2179 2281 2181 2283 2181 2283 2211 2313 2277 2381 2277 2381 2211 2313 2213 2315 2277 2381 2213 2315 2278 2382 2278 2382 2213 2315 2279 2383 2278 2382 2279 2383 2280 2384 2280 2384 2279 2383 2281 2385 2280 2384 2281 2385 2271 2375 2271 2375 2281 2385 2282 2386 2271 2375 2282 2386 2269 2373 2179 2281 2272 2376 2177 2279 2177 2279 2272 2376 2274 2378 2177 2279 2274 2378 2176 2278 2176 2278 2274 2378 2276 2380 2176 2278 2276 2380 2174 2276 2174 2276 2276 2380 2283 2387 2174 2276 2283 2387 2188 2290 2188 2290 2283 2387 2284 2388 2188 2290 2284 2388 2189 2291 2206 2308 2285 2389 2286 2390 2286 2390 2285 2389 2208 2310 2222 2324 2221 2323 2287 2391 2287 2391 2221 2323 2288 2392 2287 2391 2288 2392 2289 2393 2289 2393 2288 2392 2290 2394 2289 2393 2290 2394 2291 2395 2292 2396 2293 2397 2294 2398 2294 2398 2293 2397 2295 2399 2286 2390 2292 2396 2206 2308 2206 2308 2292 2396 2294 2398 2206 2308 2294 2398 2207 2309 2207 2309 2294 2398 2295 2399 2210 2312 2208 2310 2291 2395 2291 2395 2208 2310 2285 2389 2291 2395 2285 2389 2289 2393 2289 2393 2285 2389 2206 2308 2289 2393 2206 2308 2287 2391 2287 2391 2206 2308 2205 2307 2287 2391 2205 2307 2222 2324 2190 2292 2189 2291 2208 2310 2208 2310 2189 2291 2284 2388 2208 2310 2284 2388 2286 2390 2286 2390 2284 2388 2283 2387 2286 2390 2283 2387 2292 2396 2292 2396 2283 2387 2276 2380 2292 2396 2276 2380 2293 2397 2293 2397 2276 2380 2275 2379 2293 2397 2275 2379 2295 2399 2295 2399 2275 2379 2296 2400 2295 2399 2296 2400 2207 2309 2207 2309 2296 2400 2237 2339 2207 2309 2237 2339 2205 2307 2205 2307 2237 2339 2223 2325 2205 2307 2223 2325 2222 2324 2222 2324 2223 2325 2225 2327 2222 2324 2225 2327 2220 2322 2220 2322 2225 2327 2227 2329 2262 2364 2257 2359 2297 2401 2297 2401 2257 2359 2259 2361 2297 2401 2259 2361 353 323 2254 2356 2298 2402 2242 2344 2242 2344 2298 2402 2299 2403 2242 2344 2299 2403 2243 2345 2243 2345 2299 2403 2300 2404 2243 2345 2300 2404 2301 2405 2301 2405 2300 2404 2302 2406 2301 2405 2302 2406 2244 2346 2244 2346 2302 2406 2303 2407 2244 2346 2303 2407 2245 2347 2304 2408 2263 2365 2305 2409 2305 2409 2263 2365 2265 2367 2305 2409 2265 2367 2250 2352 2250 2352 2265 2367 2267 2369 2250 2352 2267 2369 2251 2353 2251 2353 2267 2369 2255 2357 2251 2353 2255 2357 2252 2354 2252 2354 2255 2357 2257 2359 2252 2354 2257 2359 2253 2355 2253 2355 2257 2359 2260 2362 2253 2355 2260 2362 2254 2356 2212 2314 2304 2408 2213 2315 2213 2315 2304 2408 2305 2409 2213 2315 2305 2409 2279 2383 2279 2383 2305 2409 2250 2352 2279 2383 2250 2352 2281 2385 2281 2385 2250 2352 2247 2349 2281 2385 2247 2349 2282 2386 2282 2386 2247 2349 2248 2350 2282 2386 2248 2350 2269 2373 2269 2373 2248 2350 2249 2351 2269 2373 2249 2351 2270 2374 2179 2281 2277 2381 2272 2376 2272 2376 2277 2381 2278 2382 2272 2376 2278 2382 2273 2377 2273 2377 2278 2382 2280 2384 2273 2377 2280 2384 2275 2379 2275 2379 2280 2384 2271 2375 2275 2379 2271 2375 2296 2400 2296 2400 2271 2375 2270 2374 2296 2400 2270 2374 2237 2339 2237 2339 2270 2374 2249 2351 2237 2339 2249 2351 2236 2338 2236 2338 2249 2351 2239 2341 2236 2338 2239 2341 2235 2337 2235 2337 2239 2341 2241 2343 2235 2337 2241 2343 2233 2335 2233 2335 2241 2343 2243 2345 2233 2335 2243 2345 2234 2336 2234 2336 2243 2345 2301 2405 2234 2336 2301 2405 2238 2340 2238 2340 2301 2405 2244 2346 2238 2340 2244 2346 2214 2316 2214 2316 2244 2346 2246 2348 2214 2316 2246 2348 2215 2317 2306 2410 2307 2411 2308 2412 2309 2413 2310 2414 2311 2415 2312 2416 2313 2417 2314 2418 2315 2419 2316 2420 2317 2421 2232 2334 2216 2318 2318 2422 2308 2412 2307 2411 2319 2423 71 71 78 78 2320 2424 2320 2424 78 78 2321 2425 2321 2425 78 78 77 77 2321 2425 77 77 75 75 2310 2414 2322 2426 2323 2427 2323 2427 2322 2426 2324 2428 2323 2427 2324 2428 2320 2424 2288 2392 2221 2323 2325 2429 2325 2429 2221 2323 2220 2322 2325 2429 2220 2322 2326 2430 2326 2430 2220 2322 2327 2431 2327 2431 2220 2322 2227 2329 2327 2431 2227 2329 2226 2328 2328 2432 2327 2431 2329 2433 2329 2433 2327 2431 2226 2328 2329 2433 2226 2328 2228 2330 2330 2434 2328 2432 2331 2435 2331 2435 2328 2432 2329 2433 2331 2435 2329 2433 2332 2436 2332 2436 2329 2433 2228 2330 2332 2436 2228 2330 2229 2331 2232 2334 2318 2422 2333 2437 2333 2437 2318 2422 2334 2438 2333 2437 2334 2438 2335 2439 2317 2421 2316 2420 2336 2440 2307 2411 2336 2440 2319 2423 2319 2423 2336 2440 2316 2420 2319 2423 2316 2420 2337 2441 2337 2441 2316 2420 2315 2419 2337 2441 2315 2419 2338 2442 2338 2442 2315 2419 2330 2434 2288 2392 2325 2429 2290 2394 2290 2394 2325 2429 2339 2443 2290 2394 2339 2443 2291 2395 2190 2292 2209 2311 2314 2418 2314 2418 2209 2311 2210 2312 2314 2418 2210 2312 2291 2395 2190 2292 2314 2418 2340 2444 2340 2444 2314 2418 2313 2417 2340 2444 2313 2417 2341 2445 2341 2445 2313 2417 68 68 2341 2445 68 68 61 61 2330 2434 2315 2419 2328 2432 2328 2432 2315 2419 2317 2421 2328 2432 2317 2421 2327 2431 2327 2431 2317 2421 2336 2440 2327 2431 2336 2440 2326 2430 2326 2430 2336 2440 2307 2411 2326 2430 2307 2411 2325 2429 2325 2429 2307 2411 2306 2410 2325 2429 2306 2410 2339 2443 2322 2426 2342 2446 2324 2428 2324 2428 2342 2446 2343 2447 2324 2428 2343 2447 2344 2448 71 71 2320 2424 79 79 79 79 2320 2424 2324 2428 79 79 2324 2428 80 80 80 80 2324 2428 2344 2448 80 80 2344 2448 82 82 75 75 73 73 2321 2425 2321 2425 73 73 72 72 2321 2425 72 72 2312 2416 2312 2416 72 72 64 64 2312 2416 64 64 2313 2417 2313 2417 64 64 66 66 2313 2417 66 66 68 68 2334 2438 2345 2449 2335 2439 2335 2439 2345 2449 2346 2450 2335 2439 2346 2450 2311 2415 2311 2415 2346 2450 2347 2451 2311 2415 2347 2451 2309 2413 2291 2395 2339 2443 2314 2418 2314 2418 2339 2443 2306 2410 2314 2418 2306 2410 2312 2416 2312 2416 2306 2410 2308 2412 2312 2416 2308 2412 2321 2425 2321 2425 2308 2412 2319 2423 2321 2425 2319 2423 2320 2424 2320 2424 2319 2423 2337 2441 2320 2424 2337 2441 2323 2427 2323 2427 2337 2441 2338 2442 2323 2427 2338 2442 2310 2414 2310 2414 2338 2442 2330 2434 2310 2414 2330 2434 2311 2415 2311 2415 2330 2434 2331 2435 2311 2415 2331 2435 2335 2439 2335 2439 2331 2435 2332 2436 2335 2439 2332 2436 2333 2437 2333 2437 2332 2436 2229 2331 2333 2437 2229 2331 2232 2334 2340 2444 2341 2445 2348 2452 2349 2453 2350 2454 2351 2455 2352 2456 2353 2457 2354 2458 2355 2459 2356 2460 2357 2461 2357 2461 2358 2462 2359 2463 2359 2463 2358 2462 2360 2464 2360 2464 2358 2462 2361 2465 2360 2464 2361 2465 2362 2466 2363 2467 2364 2468 2365 2469 2355 2459 2357 2461 2366 2470 2367 2471 2368 2472 2369 2473 2369 2473 2368 2472 2364 2468 2364 2468 2363 2467 2369 2473 2369 2473 2363 2467 2370 2474 2369 2473 2370 2474 2367 2471 2367 2471 2370 2474 2353 2457 2367 2471 2353 2457 2371 2475 2371 2475 2353 2457 2352 2456 2371 2475 2352 2456 2372 2476 44 44 2372 2476 46 46 46 46 2372 2476 2352 2456 46 46 2352 2456 47 47 47 47 2352 2456 2354 2458 47 47 2354 2458 49 49 49 49 2354 2458 51 51 2341 2445 61 61 2348 2452 2348 2452 61 61 59 59 2348 2452 59 59 2373 2477 2373 2477 59 59 58 58 2361 2465 2374 2478 2362 2466 2362 2466 2374 2478 2375 2479 2362 2466 2375 2479 2376 2480 2376 2480 2375 2479 2377 2481 2376 2480 2377 2481 2378 2482 2378 2482 2377 2481 2379 2483 2378 2482 2379 2483 2349 2453 2380 2484 2381 2485 2382 2486 2382 2486 2381 2485 2383 2487 2350 2454 2382 2486 2351 2455 2351 2455 2382 2486 2383 2487 2351 2455 2383 2487 2384 2488 2384 2488 2383 2487 2385 2489 2384 2488 2385 2489 2386 2490 2386 2490 2385 2489 2387 2491 2386 2490 2387 2491 2388 2492 2388 2492 2387 2491 2389 2493 2388 2492 2389 2493 2390 2494 2349 2453 2351 2455 2378 2482 2378 2482 2351 2455 2384 2488 2378 2482 2384 2488 2376 2480 2376 2480 2384 2488 2386 2490 2376 2480 2386 2490 2362 2466 2362 2466 2386 2490 2388 2492 2362 2466 2388 2492 2360 2464 2360 2464 2388 2492 2390 2494 2360 2464 2390 2494 2359 2463 40 40 2391 2495 41 41 41 41 2391 2495 2372 2476 41 41 2372 2476 43 43 43 43 2372 2476 44 44 2366 2470 2365 2469 2392 2496 2392 2496 2365 2469 2364 2468 2392 2496 2364 2468 2393 2497 2393 2497 2364 2468 2368 2472 2393 2497 2368 2472 2394 2498 2394 2498 2368 2472 2395 2499 2391 2495 2396 2500 2372 2476 2372 2476 2396 2500 2397 2501 2372 2476 2397 2501 2371 2475 2371 2475 2397 2501 2398 2502 2371 2475 2398 2502 2367 2471 2367 2471 2398 2502 2399 2503 2367 2471 2399 2503 2368 2472 2368 2472 2399 2503 2400 2504 2368 2472 2400 2504 2395 2499 58 58 57 57 2373 2477 2373 2477 57 57 55 55 2373 2477 55 55 2354 2458 2354 2458 55 55 53 53 2354 2458 53 53 51 51 2366 2470 2357 2461 2365 2469 2365 2469 2357 2461 2359 2463 2365 2469 2359 2463 2363 2467 2363 2467 2359 2463 2390 2494 2363 2467 2390 2494 2370 2474 2370 2474 2390 2494 2389 2493 2370 2474 2389 2493 2353 2457 2353 2457 2389 2493 2387 2491 2353 2457 2387 2491 2354 2458 2354 2458 2387 2491 2385 2489 2354 2458 2385 2489 2373 2477 2373 2477 2385 2489 2383 2487 2373 2477 2383 2487 2348 2452 2348 2452 2383 2487 2381 2485 2348 2452 2381 2485 2340 2444 2340 2444 2381 2485 2380 2484 2340 2444 2380 2484 2190 2292 2401 2505 2402 2506 2403 2507 2404 2508 2405 2509 2406 2510 2407 2511 2408 2512 2409 2513 2410 2514 2411 2515 2412 2516 2413 2517 2414 2518 2415 2519 2415 2519 2414 2518 2416 2520 2415 2519 2416 2520 2417 2521 2418 2522 2419 2523 2420 2524 2420 2524 2419 2523 2421 2525 2418 2522 2415 2519 2422 2526 2422 2526 2415 2519 2417 2521 2422 2526 2417 2521 2406 2510 2406 2510 2405 2509 2422 2526 2422 2526 2405 2509 2423 2527 2422 2526 2423 2527 2418 2522 2418 2522 2423 2527 2424 2528 2418 2522 2424 2528 2419 2523 2425 2529 2426 2530 2427 2531 2427 2531 2426 2530 2428 2532 2427 2531 2428 2532 2429 2533 2430 2534 2431 2535 2432 2536 2432 2536 2431 2535 2433 2537 2432 2536 2433 2537 2434 2538 2411 2515 2435 2539 2436 2540 2435 2539 2437 2541 2436 2540 2436 2540 2437 2541 2438 2542 2436 2540 2438 2542 2439 2543 2356 2460 2440 2544 2357 2461 2357 2461 2440 2544 2441 2545 2357 2461 2441 2545 2358 2462 2358 2462 2441 2545 2442 2546 2358 2462 2442 2546 2361 2465 2361 2465 2442 2546 2443 2547 2361 2465 2443 2547 2374 2478 2374 2478 2443 2547 2444 2548 2374 2478 2444 2548 2375 2479 2375 2479 2444 2548 2377 2481 2408 2512 2445 2549 2409 2513 2409 2513 2445 2549 2446 2550 2409 2513 2446 2550 2447 2551 2447 2551 2446 2550 2448 2552 2447 2551 2448 2552 2449 2553 2450 2554 2451 2555 2452 2556 2452 2556 2451 2555 2453 2557 2452 2556 2453 2557 2454 2558 2454 2558 2453 2557 2455 2559 2455 2559 2453 2557 2403 2507 2455 2559 2403 2507 2412 2516 2412 2516 2403 2507 2402 2506 2412 2516 2402 2506 2410 2514 2440 2544 2407 2511 2441 2545 2441 2545 2407 2511 2409 2513 2441 2545 2409 2513 2442 2546 2442 2546 2409 2513 2447 2551 2442 2546 2447 2551 2443 2547 2443 2547 2447 2551 2449 2553 2443 2547 2449 2553 2444 2548 2411 2515 2436 2540 2412 2516 2412 2516 2436 2540 2456 2560 2412 2516 2456 2560 2455 2559 2455 2559 2456 2560 2457 2561 2455 2559 2457 2561 2454 2558 2454 2558 2457 2561 2458 2562 2454 2558 2458 2562 2452 2556 2452 2556 2458 2562 2459 2563 2452 2556 2459 2563 2450 2554 2460 2564 2190 2292 2461 2565 2461 2565 2190 2292 2380 2484 2444 2548 2462 2566 2377 2481 2377 2481 2462 2566 2463 2567 2377 2481 2463 2567 2379 2483 2379 2483 2463 2567 2349 2453 2464 2568 2465 2569 2466 2570 2466 2570 2465 2569 2413 2517 2466 2570 2413 2517 2467 2571 2467 2571 2413 2517 2415 2519 2467 2571 2415 2519 2468 2572 2468 2572 2415 2519 2418 2522 2468 2572 2418 2522 2469 2573 2469 2573 2418 2522 2420 2524 2470 2574 2471 2575 2472 2576 2472 2576 2471 2575 2473 2577 2464 2568 2470 2574 2465 2569 2465 2569 2470 2574 2472 2576 2465 2569 2472 2576 2413 2517 2413 2517 2472 2576 2474 2578 2413 2517 2474 2578 2414 2518 2380 2484 2382 2486 2461 2565 2461 2565 2382 2486 2350 2454 2461 2565 2350 2454 2475 2579 2475 2579 2350 2454 2476 2580 2475 2579 2476 2580 2477 2581 2477 2581 2476 2580 2478 2582 2477 2581 2478 2582 2479 2583 2479 2583 2478 2582 2450 2554 2479 2583 2450 2554 2480 2584 2480 2584 2450 2554 2459 2563 2480 2584 2459 2563 2481 2585 2481 2585 2459 2563 2458 2562 2481 2585 2458 2562 2482 2586 2482 2586 2458 2562 2457 2561 2482 2586 2457 2561 2483 2587 448 418 2484 2588 2485 2589 2485 2589 2484 2588 2486 2590 2485 2589 2486 2590 2439 2543 2439 2543 2486 2590 2429 2533 2439 2543 2429 2533 2436 2540 2436 2540 2429 2533 2428 2532 2436 2540 2428 2532 2456 2560 2456 2560 2428 2532 2426 2530 2456 2560 2426 2530 2457 2561 2457 2561 2426 2530 2425 2529 2457 2561 2425 2529 2483 2587 2431 2535 2487 2591 2433 2537 2433 2537 2487 2591 2404 2508 2433 2537 2404 2508 2434 2538 2434 2538 2404 2508 2406 2510 2434 2538 2406 2510 2488 2592 2488 2592 2406 2510 2417 2521 2488 2592 2417 2521 2489 2593 2489 2593 2417 2521 2416 2520 2489 2593 2416 2520 2490 2594 2490 2594 2416 2520 2414 2518 2490 2594 2414 2518 2491 2595 2491 2595 2414 2518 2474 2578 2491 2595 2474 2578 2492 2596 2492 2596 2474 2578 2472 2576 2492 2596 2472 2576 2493 2597 2493 2597 2472 2576 2473 2577 2445 2549 2401 2505 2446 2550 2446 2550 2401 2505 2403 2507 2446 2550 2403 2507 2448 2552 2448 2552 2403 2507 2453 2557 2448 2552 2453 2557 2449 2553 2449 2553 2453 2557 2451 2555 2449 2553 2451 2555 2444 2548 2444 2548 2451 2555 2450 2554 2444 2548 2450 2554 2462 2566 2462 2566 2450 2554 2478 2582 2462 2566 2478 2582 2463 2567 2463 2567 2478 2582 2476 2580 2463 2567 2476 2580 2349 2453 2349 2453 2476 2580 2350 2454 2486 2590 2430 2534 2429 2533 2429 2533 2430 2534 2432 2536 2429 2533 2432 2536 2427 2531 2427 2531 2432 2536 2434 2538 2427 2531 2434 2538 2425 2529 2425 2529 2434 2538 2488 2592 2425 2529 2488 2592 2483 2587 2483 2587 2488 2592 2489 2593 2483 2587 2489 2593 2482 2586 2482 2586 2489 2593 2490 2594 2482 2586 2490 2594 2481 2585 2481 2585 2490 2594 2491 2595 2481 2585 2491 2595 2480 2584 2480 2584 2491 2595 2492 2596 2480 2584 2492 2596 2479 2583 2479 2583 2492 2596 2493 2597 2479 2583 2493 2597 2477 2581 2477 2581 2493 2597 2473 2577 2477 2581 2473 2577 2475 2579 2475 2579 2473 2577 2471 2575 2475 2579 2471 2575 2461 2565 2461 2565 2471 2575 2470 2574 2461 2565 2470 2574 2460 2564 2460 2564 2470 2574 2464 2568 2494 2598 2495 2599 2496 2600 2497 2601 2498 2602 2499 2603 2500 2604 2501 2605 2502 2606 2503 2607 2498 2602 2504 2608 2504 2608 2498 2602 2497 2601 2504 2608 2497 2601 2505 2609 2505 2609 2497 2601 2506 2610 2507 2611 2508 2612 2509 2613 2506 2610 2497 2601 2510 2614 2510 2614 2497 2601 2499 2603 2510 2614 2499 2603 2511 2615 2511 2615 2499 2603 2512 2616 2511 2615 2512 2616 2513 2617 2513 2617 2512 2616 2514 2618 2513 2617 2514 2618 2515 2619 670 681 671 682 2516 2620 2516 2620 671 682 2517 2621 2495 2599 2500 2604 2496 2600 2496 2600 2500 2604 2502 2606 2496 2600 2502 2606 2518 2622 2518 2622 2502 2606 2519 2623 2518 2622 2519 2623 2520 2624 2520 2624 2519 2623 2521 2625 2501 2605 2517 2621 2502 2606 2502 2606 2517 2621 671 682 2502 2606 671 682 2519 2623 2519 2623 671 682 667 678 2519 2623 667 678 2521 2625 2521 2625 667 678 2522 2626 2521 2625 2522 2626 2523 2627 2507 2611 2509 2613 2524 2628 2524 2628 2509 2613 2525 2629 2524 2628 2525 2629 2496 2600 2496 2600 2525 2629 2526 2630 2496 2600 2526 2630 2494 2598 2505 2609 2507 2611 2504 2608 2504 2608 2507 2611 2524 2628 2504 2608 2524 2628 2503 2607 2503 2607 2524 2628 2496 2600 2503 2607 2496 2600 2498 2602 2498 2602 2496 2600 2518 2622 2498 2602 2518 2622 2499 2603 2499 2603 2518 2622 2520 2624 2499 2603 2520 2624 2512 2616 2512 2616 2520 2624 2521 2625 2512 2616 2521 2625 2514 2618 2514 2618 2521 2625 2523 2627 2514 2618 2523 2627 2515 2619 2515 2619 2523 2627 2527 2631 2528 2632 2529 2633 2530 2634 2529 2633 2528 2632 2531 2635 2531 2635 2528 2632 2532 2636 2531 2635 2532 2636 2533 2637 2534 2638 2535 2639 2536 2640 2536 2640 2535 2639 2537 2641 2536 2640 2537 2641 2538 2642 2534 2638 2533 2637 2535 2639 2535 2639 2533 2637 2532 2636 2535 2639 2532 2636 2539 2643 2539 2643 2532 2636 2528 2632 2539 2643 2528 2632 2540 2644 2540 2644 2528 2632 2530 2634 2540 2644 2530 2634 2541 2645 2542 2646 2543 2647 2544 2648 2544 2648 2543 2647 2545 2649 2544 2648 2545 2649 2546 2650 2546 2650 2527 2631 2544 2648 2544 2648 2527 2631 2523 2627 2544 2648 2523 2627 2542 2646 2547 2651 2541 2645 2548 2652 2548 2652 2541 2645 2549 2653 2548 2652 2549 2653 2550 2654 2550 2654 2549 2653 2551 2655 2547 2651 2552 2656 2541 2645 2541 2645 2552 2656 2553 2657 2541 2645 2553 2657 2540 2644 2540 2644 2553 2657 2554 2658 2540 2644 2554 2658 2539 2643 2539 2643 2554 2658 2555 2659 2539 2643 2555 2659 2535 2639 2535 2639 2555 2659 2556 2660 2535 2639 2556 2660 2537 2641 667 678 666 677 2557 2661 2557 2661 2558 2662 667 678 667 678 2558 2662 2542 2646 667 678 2542 2646 2522 2626 2522 2626 2542 2646 2523 2627 664 675 2551 2655 666 677 666 677 2551 2655 2549 2653 666 677 2549 2653 2557 2661 2557 2661 2549 2653 2541 2645 2557 2661 2541 2645 2558 2662 2558 2662 2541 2645 2530 2634 2558 2662 2530 2634 2542 2646 2542 2646 2530 2634 2529 2633 2542 2646 2529 2633 2543 2647 2543 2647 2529 2633 2531 2635 2543 2647 2531 2635 2545 2649 2559 2663 2560 2664 2561 2665 2562 2666 2563 2667 2527 2631 2563 2667 2562 2666 2564 2668 2565 2669 2566 2670 2567 2671 2568 2672 2569 2673 2570 2674 2571 2675 2572 2676 2573 2677 2574 2678 2575 2679 2576 2680 2577 2681 2578 2682 2579 2683 2572 2676 2580 2684 2581 2685 2580 2684 2572 2676 2582 2686 2582 2686 2572 2676 2571 2675 2582 2686 2571 2675 2583 2687 2573 2677 2584 2688 2571 2675 2571 2675 2584 2688 2585 2689 2571 2675 2585 2689 2583 2687 2583 2687 2585 2689 2586 2690 2587 2691 2588 2692 2589 2693 2589 2693 2588 2692 2578 2682 2589 2693 2578 2682 2590 2694 2590 2694 2578 2682 2577 2681 2590 2694 2577 2681 2591 2695 2581 2685 2579 2683 2572 2676 2572 2676 2579 2683 2578 2682 2572 2676 2578 2682 2573 2677 2573 2677 2578 2682 2588 2692 2573 2677 2588 2692 2584 2688 2584 2688 2588 2692 2592 2696 2584 2688 2592 2696 2585 2689 2585 2689 2592 2696 2568 2672 2585 2689 2568 2672 2586 2690 2586 2690 2568 2672 2570 2674 2593 2697 2594 2698 2595 2699 2595 2699 2594 2698 2596 2700 2595 2699 2596 2700 2597 2701 2598 2702 2599 2703 2600 2704 2600 2704 2599 2703 2601 2705 2600 2704 2601 2705 2602 2706 2603 2707 2594 2698 2604 2708 2604 2708 2594 2698 2593 2697 2604 2708 2593 2697 2605 2709 2606 2710 2607 2711 2603 2707 2603 2707 2607 2711 2608 2712 2603 2707 2608 2712 2594 2698 2594 2698 2608 2712 2609 2713 2594 2698 2609 2713 2596 2700 2596 2700 2609 2713 2610 2714 2611 2715 2612 2716 2613 2717 2613 2717 2612 2716 2614 2718 2613 2717 2614 2718 2615 2719 2613 2717 2616 2720 2617 2721 2618 2722 2619 2723 2620 2724 2620 2724 2619 2723 2621 2725 2620 2724 2621 2725 2622 2726 2622 2726 2621 2725 2623 2727 2622 2726 2623 2727 2611 2715 2611 2715 2623 2727 2612 2716 4000 2371 3978 2728 3979 655 2624 2729 2625 2730 2626 2731 2627 2732 2628 2733 2629 2734 2629 2734 2628 2733 2630 2735 2629 2734 2630 2735 2631 2736 2632 2737 2536 2640 2538 2642 2538 2642 2565 2669 2632 2737 2632 2737 2565 2669 2567 2671 2632 2737 2567 2671 2633 2738 2633 2738 2567 2671 2634 2739 2633 2738 2634 2739 2635 2740 2635 2740 2634 2739 2636 2741 2635 2740 2636 2741 2626 2731 2626 2731 2636 2741 2637 2742 2626 2731 2637 2742 2624 2729 2536 2640 2627 2732 2534 2638 2534 2638 2627 2732 2629 2734 2534 2638 2629 2734 2533 2637 2533 2637 2629 2734 2631 2736 2533 2637 2631 2736 2531 2635 2531 2635 2631 2736 2638 2743 2531 2635 2638 2743 2545 2649 2545 2649 2638 2743 2639 2744 2545 2649 2639 2744 2546 2650 2560 2664 2640 2745 2641 2746 2641 2746 2640 2745 2562 2666 2576 2680 2575 2679 2642 2747 2642 2747 2575 2679 2643 2748 2642 2747 2643 2748 2644 2749 2644 2749 2643 2748 2645 2750 2644 2749 2645 2750 2646 2751 2647 2752 2648 2753 2649 2754 2649 2754 2648 2753 2650 2755 2641 2746 2647 2752 2560 2664 2560 2664 2647 2752 2649 2754 2560 2664 2649 2754 2561 2665 2561 2665 2649 2754 2650 2755 2564 2668 2562 2666 2646 2751 2646 2751 2562 2666 2640 2745 2646 2751 2640 2745 2644 2749 2644 2749 2640 2745 2560 2664 2644 2749 2560 2664 2642 2747 2642 2747 2560 2664 2559 2663 2642 2747 2559 2663 2576 2680 2527 2631 2546 2650 2562 2666 2562 2666 2546 2650 2639 2744 2562 2666 2639 2744 2641 2746 2641 2746 2639 2744 2638 2743 2641 2746 2638 2743 2647 2752 2647 2752 2638 2743 2631 2736 2647 2752 2631 2736 2648 2753 2648 2753 2631 2736 2630 2735 2648 2753 2630 2735 2650 2755 2650 2755 2630 2735 2651 2756 2650 2755 2651 2756 2561 2665 2561 2665 2651 2756 2591 2695 2561 2665 2591 2695 2559 2663 2559 2663 2591 2695 2577 2681 2559 2663 2577 2681 2576 2680 2576 2680 2577 2681 2579 2683 2576 2680 2579 2683 2574 2678 2574 2678 2579 2683 2581 2685 2615 2719 437 407 2652 2757 2615 2719 2652 2757 2613 2717 2613 2717 2652 2757 2653 2758 2613 2717 2653 2758 2616 2720 2610 2714 2654 2759 2596 2700 2596 2700 2654 2759 2655 2760 2596 2700 2655 2760 2597 2701 2597 2701 2655 2760 2656 2761 2597 2701 2656 2761 2598 2702 2598 2702 2656 2761 2657 2762 2598 2702 2657 2762 2599 2703 2658 2763 2618 2722 2659 2764 2659 2764 2618 2722 2620 2724 2659 2764 2620 2724 2606 2710 2606 2710 2620 2724 2622 2726 2606 2710 2622 2726 2607 2711 2607 2711 2622 2726 2611 2715 2607 2711 2611 2715 2608 2712 2608 2712 2611 2715 2613 2717 2608 2712 2613 2717 2609 2713 2609 2713 2613 2717 2617 2721 2609 2713 2617 2721 2610 2714 2566 2670 2658 2763 2567 2671 2567 2671 2658 2763 2659 2764 2567 2671 2659 2764 2634 2739 2634 2739 2659 2764 2606 2710 2634 2739 2606 2710 2636 2741 2636 2741 2606 2710 2603 2707 2636 2741 2603 2707 2637 2742 2637 2742 2603 2707 2604 2708 2637 2742 2604 2708 2624 2729 2624 2729 2604 2708 2605 2709 2624 2729 2605 2709 2625 2730 2536 2640 2632 2737 2627 2732 2627 2732 2632 2737 2633 2738 2627 2732 2633 2738 2628 2733 2628 2733 2633 2738 2635 2740 2628 2733 2635 2740 2630 2735 2630 2735 2635 2740 2626 2731 2630 2735 2626 2731 2651 2756 2651 2756 2626 2731 2625 2730 2651 2756 2625 2730 2591 2695 2591 2695 2625 2730 2605 2709 2591 2695 2605 2709 2590 2694 2590 2694 2605 2709 2593 2697 2590 2694 2593 2697 2589 2693 2589 2693 2593 2697 2595 2699 2589 2693 2595 2699 2587 2691 2587 2691 2595 2699 2597 2701 2587 2691 2597 2701 2588 2692 2588 2692 2597 2701 2598 2702 2588 2692 2598 2702 2592 2696 2592 2696 2598 2702 2600 2704 2592 2696 2600 2704 2568 2672 2568 2672 2600 2704 2602 2706 2568 2672 2602 2706 2569 2673 2660 2765 2661 2766 2662 2767 2663 2768 2664 2769 2665 2770 2666 2771 2667 2772 2668 2773 2662 2767 2661 2766 2669 2774 144 144 143 143 2670 2775 2671 2776 2672 2777 2670 2775 2670 2775 143 143 2673 2778 2673 2778 143 143 141 141 2673 2778 141 141 139 139 2643 2748 2575 2679 2674 2779 2674 2779 2575 2679 2574 2678 2674 2779 2574 2678 2675 2780 2675 2780 2574 2678 2676 2781 2676 2781 2574 2678 2581 2685 2676 2781 2581 2685 2580 2684 2677 2782 2676 2781 2678 2783 2678 2783 2676 2781 2580 2684 2678 2783 2580 2684 2582 2686 2586 2690 2570 2674 2679 2784 2586 2690 2679 2784 2680 2785 2681 2786 2677 2782 2682 2787 2682 2787 2677 2782 2678 2783 2682 2787 2678 2783 2683 2788 2683 2788 2678 2783 2582 2686 2683 2788 2582 2686 2583 2687 2679 2784 2684 2789 2680 2785 2680 2785 2684 2789 2685 2790 2680 2785 2685 2790 2686 2791 2668 2773 2667 2772 2687 2792 2661 2766 2687 2792 2669 2774 2669 2774 2687 2792 2667 2772 2669 2774 2667 2772 2688 2793 2688 2793 2667 2772 2666 2771 2688 2793 2666 2771 2689 2794 2689 2794 2666 2771 2681 2786 2643 2748 2674 2779 2645 2750 2645 2750 2674 2779 2690 2795 2645 2750 2690 2795 2646 2751 2527 2631 2563 2667 2665 2770 2665 2770 2563 2667 2564 2668 2665 2770 2564 2668 2646 2751 2527 2631 2665 2770 2691 2796 2691 2796 2665 2770 2664 2769 2691 2796 2664 2769 2692 2797 2692 2797 2664 2769 134 134 2692 2797 134 134 128 128 2681 2786 2666 2771 2677 2782 2677 2782 2666 2771 2668 2773 2677 2782 2668 2773 2676 2781 2676 2781 2668 2773 2687 2792 2676 2781 2687 2792 2675 2780 2675 2780 2687 2792 2661 2766 2675 2780 2661 2766 2674 2779 2674 2779 2661 2766 2660 2765 2674 2779 2660 2765 2690 2795 2693 2798 2694 2799 2671 2776 2671 2776 2694 2799 2695 2800 2671 2776 2695 2800 2672 2777 2672 2777 2695 2800 2696 2801 2672 2777 2696 2801 2697 2802 144 144 2670 2775 146 146 146 146 2670 2775 2672 2777 146 146 2672 2777 147 147 147 147 2672 2777 2697 2802 147 147 2697 2802 152 152 139 139 138 138 2673 2778 2673 2778 138 138 136 136 2673 2778 136 136 2663 2768 2663 2768 136 136 135 135 2663 2768 135 135 2664 2769 2664 2769 135 135 133 133 2664 2769 133 133 134 134 2685 2790 2698 2803 2686 2791 2686 2791 2698 2803 2699 2804 2686 2791 2699 2804 2700 2805 2700 2805 2699 2804 2701 2806 2700 2805 2701 2806 2693 2798 2646 2751 2690 2795 2665 2770 2665 2770 2690 2795 2660 2765 2665 2770 2660 2765 2663 2768 2663 2768 2660 2765 2662 2767 2663 2768 2662 2767 2673 2778 2673 2778 2662 2767 2669 2774 2673 2778 2669 2774 2670 2775 2670 2775 2669 2774 2688 2793 2670 2775 2688 2793 2671 2776 2671 2776 2688 2793 2689 2794 2671 2776 2689 2794 2693 2798 2693 2798 2689 2794 2681 2786 2693 2798 2681 2786 2700 2805 2700 2805 2681 2786 2682 2787 2700 2805 2682 2787 2686 2791 2686 2791 2682 2787 2683 2788 2686 2791 2683 2788 2680 2785 2680 2785 2683 2788 2583 2687 2680 2785 2583 2687 2586 2690 2702 2807 2703 2808 2704 2809 2705 2810 2706 2811 2707 2812 2691 2796 2692 2797 2708 2813 2709 2814 2710 2815 2711 2816 2712 2817 2713 2818 2714 2819 2707 2812 2706 2811 2715 2820 110 110 109 109 2707 2812 2702 2807 2716 2821 2717 2822 2718 2823 2719 2824 2720 2825 2720 2825 2719 2824 2721 2826 2722 2827 2723 2828 2724 2829 2724 2829 2723 2828 2725 2830 2725 2830 2723 2828 2726 2831 2725 2830 2726 2831 2727 2832 2703 2808 2702 2807 2728 2833 2728 2833 2702 2807 2717 2822 2728 2833 2717 2822 2718 2823 2718 2823 2720 2825 2728 2833 2728 2833 2720 2825 2729 2834 2728 2833 2729 2834 2703 2808 2703 2808 2729 2834 2730 2835 2703 2808 2730 2835 2704 2809 2704 2809 2730 2835 2713 2818 2704 2809 2713 2818 2715 2820 2715 2820 2713 2818 2712 2817 2715 2820 2712 2817 2707 2812 118 118 116 116 2714 2819 2714 2819 116 116 114 114 2714 2819 114 114 2712 2817 2712 2817 114 114 113 113 2712 2817 113 113 2707 2812 2707 2812 113 113 111 111 2707 2812 111 111 110 110 2692 2797 128 128 2708 2813 2708 2813 128 128 126 126 2708 2813 126 126 2731 2836 2731 2836 126 126 125 125 2726 2831 2732 2837 2727 2832 2727 2832 2732 2837 2733 2838 2727 2832 2733 2838 2734 2839 2734 2839 2733 2838 2735 2840 2734 2839 2735 2840 2736 2841 2736 2841 2735 2840 2737 2842 2736 2841 2737 2842 2709 2814 2738 2843 2739 2844 2740 2845 2740 2845 2739 2844 2741 2846 2710 2815 2740 2845 2711 2816 2711 2816 2740 2845 2741 2846 2711 2816 2741 2846 2742 2847 2742 2847 2741 2846 2743 2848 2742 2847 2743 2848 2744 2849 2744 2849 2743 2848 2745 2850 2744 2849 2745 2850 2746 2851 2746 2851 2745 2850 2747 2852 2746 2851 2747 2852 2748 2853 2709 2814 2711 2816 2736 2841 2736 2841 2711 2816 2742 2847 2736 2841 2742 2847 2734 2839 2734 2839 2742 2847 2744 2849 2734 2839 2744 2849 2727 2832 2727 2832 2744 2849 2746 2851 2727 2832 2746 2851 2725 2830 2725 2830 2746 2851 2748 2853 2725 2830 2748 2853 2724 2829 2705 2810 2707 2812 2749 2854 2749 2854 2707 2812 109 109 2749 2854 109 109 107 107 2706 2811 2750 2855 2715 2820 2715 2820 2750 2855 2751 2856 2715 2820 2751 2856 2704 2809 2704 2809 2751 2856 2752 2857 2704 2809 2752 2857 2702 2807 2702 2807 2752 2857 2753 2858 2702 2807 2753 2858 2716 2821 125 125 124 124 2731 2836 2731 2836 124 124 122 122 2731 2836 122 122 2714 2819 2714 2819 122 122 120 120 2714 2819 120 120 118 118 2721 2826 2722 2827 2720 2825 2720 2825 2722 2827 2724 2829 2720 2825 2724 2829 2729 2834 2729 2834 2724 2829 2748 2853 2729 2834 2748 2853 2730 2835 2730 2835 2748 2853 2747 2852 2730 2835 2747 2852 2713 2818 2713 2818 2747 2852 2745 2850 2713 2818 2745 2850 2714 2819 2714 2819 2745 2850 2743 2848 2714 2819 2743 2848 2731 2836 2731 2836 2743 2848 2741 2846 2731 2836 2741 2846 2708 2813 2708 2813 2741 2846 2739 2844 2708 2813 2739 2844 2691 2796 2691 2796 2739 2844 2738 2843 2691 2796 2738 2843 2527 2631 658 669 656 667 2754 2859 658 669 2754 2859 2755 2860 2755 2860 2754 2859 2756 2861 2755 2860 2756 2861 2757 2862 2757 2862 2756 2861 2758 2863 2757 2862 2758 2863 2759 2864 2759 2864 2758 2863 2760 2865 2759 2864 2760 2865 2761 2866 2761 2866 2760 2865 2762 2867 2761 2866 2762 2867 2763 2868 2763 2868 2762 2867 380 350 2763 2868 380 350 382 352 776 831 778 833 2764 2869 709 764 774 829 2765 2870 2765 2870 774 829 2766 2871 2765 2870 2766 2871 2767 2872 2767 2872 2766 2871 2768 2873 2768 2873 2766 2871 2769 2874 2768 2873 2769 2874 2770 2875 2770 2875 2769 2874 2771 2876 2771 2876 2769 2874 2772 2877 2771 2876 2772 2877 2773 2878 2773 2878 2772 2877 2774 2879 2774 2879 2772 2877 2775 2880 2774 2879 2775 2880 2776 2881 2776 2881 2775 2880 2777 2882 2777 2882 2775 2880 2778 2883 2777 2882 2778 2883 2779 2884 2779 2884 2778 2883 2780 2885 2780 2885 2778 2883 519 489 2780 2885 519 489 513 483 774 829 776 831 2766 2871 2766 2871 776 831 2764 2869 2766 2871 2764 2869 2769 2874 2769 2874 2764 2869 2781 2886 2769 2874 2781 2886 2772 2877 2772 2877 2781 2886 2782 2887 2772 2877 2782 2887 2775 2880 2775 2880 2782 2887 2783 2888 2775 2880 2783 2888 2778 2883 2778 2883 2783 2888 2784 2889 2778 2883 2784 2889 519 489 519 489 2784 2889 511 481 778 833 658 669 2764 2869 2764 2869 658 669 2755 2860 2764 2869 2755 2860 2781 2886 2781 2886 2755 2860 2757 2862 2781 2886 2757 2862 2782 2887 2782 2887 2757 2862 2759 2864 2782 2887 2759 2864 2783 2888 2783 2888 2759 2864 2761 2866 2783 2888 2761 2866 2784 2889 2784 2889 2761 2866 2763 2868 2784 2889 2763 2868 511 481 511 481 2763 2868 382 352 703 758 2785 2890 736 791 736 791 2785 2890 2786 2891 2785 2890 2787 2892 2786 2891 2786 2891 2787 2892 2788 2893 2786 2891 2788 2893 2789 2894 2788 2893 2790 2895 2789 2894 2789 2894 2790 2895 2791 2896 2789 2894 2791 2896 2792 2897 2791 2896 2793 2898 2792 2897 2792 2897 2793 2898 2794 2899 2792 2897 2794 2899 2795 2900 2794 2899 2796 2901 2795 2900 2795 2900 2796 2901 2797 2902 2795 2900 2797 2902 2798 2903 656 667 736 791 2754 2859 2754 2859 736 791 2786 2891 2754 2859 2786 2891 2756 2861 2756 2861 2786 2891 2789 2894 2756 2861 2789 2894 2758 2863 2758 2863 2789 2894 2792 2897 2758 2863 2792 2897 2760 2865 2760 2865 2792 2897 2795 2900 2760 2865 2795 2900 2762 2867 2762 2867 2795 2900 2798 2903 2762 2867 2798 2903 380 350 380 350 2798 2903 378 348 368 338 378 348 2799 2904 2799 2904 378 348 2798 2903 2799 2904 2798 2903 2800 2905 2800 2905 2798 2903 2797 2902 711 766 709 764 2765 2870 2767 2872 2801 2906 2765 2870 2765 2870 2801 2906 2802 2907 2765 2870 2802 2907 711 766 2767 2872 2768 2873 2801 2906 2801 2906 2768 2873 2770 2875 2801 2906 2770 2875 2803 2908 2770 2875 2771 2876 2803 2908 2803 2908 2771 2876 2773 2878 2803 2908 2773 2878 2804 2909 2773 2878 2774 2879 2804 2909 2804 2909 2774 2879 2776 2881 2804 2909 2776 2881 2805 2910 2776 2881 2777 2882 2805 2910 2805 2910 2777 2882 2779 2884 2805 2910 2779 2884 2806 2911 2779 2884 2780 2885 2806 2911 2806 2911 2780 2885 513 483 2806 2911 513 483 512 482 368 338 2799 2904 367 337 367 337 2799 2904 2807 2912 2807 2912 2799 2904 2808 2913 2808 2913 2799 2904 2800 2905 2808 2913 2800 2905 2809 2914 2809 2914 2800 2905 2797 2902 2809 2914 2797 2902 2810 2915 2810 2915 2797 2902 2796 2901 2810 2915 2796 2901 2811 2916 2811 2916 2796 2901 2794 2899 2811 2916 2794 2899 2812 2917 2812 2917 2794 2899 2793 2898 2812 2917 2793 2898 2813 2918 2813 2918 2793 2898 2791 2896 2813 2918 2791 2896 2814 2919 2814 2919 2791 2896 2790 2895 2814 2919 2790 2895 2815 2920 2815 2920 2790 2895 2788 2893 2815 2920 2788 2893 2816 2921 2816 2921 2788 2893 2787 2892 2816 2921 2787 2892 2817 2922 2787 2892 2785 2890 2817 2922 2817 2922 2785 2890 703 758 2817 2922 703 758 701 756 725 780 781 836 2818 2923 2818 2923 781 836 2819 2924 2818 2923 2819 2924 2820 2925 2820 2925 2819 2924 2821 2926 2822 2927 2823 2928 2821 2926 2821 2926 2823 2928 2824 2929 2821 2926 2824 2929 2820 2925 2825 2930 2826 2931 2822 2927 2822 2927 2826 2931 2827 2932 2822 2927 2827 2932 2823 2928 2828 2933 2829 2934 2825 2930 2825 2930 2829 2934 2830 2935 2825 2930 2830 2935 2826 2931 2831 2936 2832 2937 2828 2933 2828 2933 2832 2937 2833 2938 2828 2933 2833 2938 2829 2934 528 498 530 500 2831 2936 2831 2936 530 500 2834 2939 2831 2936 2834 2939 2832 2937 781 836 783 838 2819 2924 2819 2924 783 838 2835 2940 2819 2924 2835 2940 2821 2926 2821 2926 2835 2940 2836 2941 2821 2926 2836 2941 2822 2927 2822 2927 2836 2941 2837 2942 2822 2927 2837 2942 2825 2930 2825 2930 2837 2942 2838 2943 2825 2930 2838 2943 2828 2933 2828 2933 2838 2943 2839 2944 2828 2933 2839 2944 2831 2936 2831 2936 2839 2944 2840 2945 2831 2936 2840 2945 528 498 528 498 2840 2945 527 497 783 838 785 840 2835 2940 2835 2940 785 840 2841 2946 2835 2940 2841 2946 2836 2941 2836 2941 2841 2946 2842 2947 2836 2941 2842 2947 2837 2942 2837 2942 2842 2947 2843 2948 2837 2942 2843 2948 2838 2943 2838 2943 2843 2948 2844 2949 2838 2943 2844 2949 2839 2944 2839 2944 2844 2949 2845 2950 2839 2944 2845 2950 2840 2945 2840 2945 2845 2950 2846 2951 2840 2945 2846 2951 527 497 527 497 2846 2951 526 496 785 840 787 842 2841 2946 2841 2946 787 842 2847 2952 2841 2946 2847 2952 2842 2947 2842 2947 2847 2952 2848 2953 2842 2947 2848 2953 2843 2948 2843 2948 2848 2953 2849 2954 2843 2948 2849 2954 2844 2949 2844 2949 2849 2954 2850 2955 2844 2949 2850 2955 2845 2950 2845 2950 2850 2955 2851 2956 2845 2950 2851 2956 2846 2951 2846 2951 2851 2956 2852 2957 2846 2951 2852 2957 526 496 526 496 2852 2957 524 494 787 842 711 766 2847 2952 2847 2952 711 766 2802 2907 2847 2952 2802 2907 2848 2953 2848 2953 2802 2907 2801 2906 2848 2953 2801 2906 2849 2954 2849 2954 2801 2906 2803 2908 2849 2954 2803 2908 2850 2955 2850 2955 2803 2908 2804 2909 2850 2955 2804 2909 2851 2956 2851 2956 2804 2909 2805 2910 2851 2956 2805 2910 2852 2957 2852 2957 2805 2910 2806 2911 2852 2957 2806 2911 524 494 524 494 2806 2911 512 482 701 756 738 793 2817 2922 2817 2922 738 793 2853 2958 2817 2922 2853 2958 2816 2921 2816 2921 2853 2958 2815 2920 2815 2920 2853 2958 2854 2959 2815 2920 2854 2959 2814 2919 2814 2919 2854 2959 2813 2918 2813 2918 2854 2959 2855 2960 2813 2918 2855 2960 2812 2917 2812 2917 2855 2960 2811 2916 2811 2916 2855 2960 2856 2961 2811 2916 2856 2961 2810 2915 2810 2915 2856 2961 2809 2914 2809 2914 2856 2961 2857 2962 2809 2914 2857 2962 2808 2913 2808 2913 2857 2962 2807 2912 2807 2912 2857 2962 365 335 2807 2912 365 335 367 337 738 793 662 673 2853 2958 2853 2958 662 673 2858 2963 2853 2958 2858 2963 2854 2959 2854 2959 2858 2963 2859 2964 2854 2959 2859 2964 2855 2960 2855 2960 2859 2964 2860 2965 2855 2960 2860 2965 2856 2961 2856 2961 2860 2965 2861 2966 2856 2961 2861 2966 2857 2962 2857 2962 2861 2966 2862 2967 2857 2962 2862 2967 365 335 365 335 2862 2967 351 321 725 780 2818 2923 727 782 727 782 2818 2923 2863 2968 2818 2923 2820 2925 2863 2968 2863 2968 2820 2925 2824 2929 2863 2968 2824 2929 2864 2969 2824 2929 2823 2928 2864 2969 2864 2969 2823 2928 2827 2932 2864 2969 2827 2932 2865 2970 2827 2932 2826 2931 2865 2970 2865 2970 2826 2931 2830 2935 2865 2970 2830 2935 2866 2971 2830 2935 2829 2934 2866 2971 2866 2971 2829 2934 2833 2938 2866 2971 2833 2938 2867 2972 2867 2972 2833 2938 2832 2937 2867 2972 2832 2937 532 502 532 502 2832 2937 2834 2939 532 502 2834 2939 530 500 660 671 2868 2973 662 673 662 673 2868 2973 2858 2963 2868 2973 2869 2974 2858 2963 2858 2963 2869 2974 2870 2975 2858 2963 2870 2975 2859 2964 2870 2975 2871 2976 2859 2964 2859 2964 2871 2976 2872 2977 2859 2964 2872 2977 2860 2965 2860 2965 2872 2977 2873 2978 2860 2965 2873 2978 2861 2966 2873 2978 2874 2979 2861 2966 2861 2966 2874 2979 2875 2980 2861 2966 2875 2980 2862 2967 2875 2980 2876 2981 2862 2967 2862 2967 2876 2981 2877 2982 2862 2967 2877 2982 351 321 351 321 2877 2982 2878 2983 351 321 2878 2983 349 319 791 846 789 844 2879 2984 714 769 801 856 2880 2985 2880 2985 801 856 2881 2986 2880 2985 2881 2986 2882 2987 797 852 795 850 2883 2988 791 846 2879 2984 793 848 2882 2987 2881 2986 2884 2989 2884 2989 2881 2986 2885 2990 2884 2989 2885 2990 2886 2991 2886 2991 2885 2990 2887 2992 2887 2992 2885 2990 2888 2993 2887 2992 2888 2993 2889 2994 2889 2994 2888 2993 2890 2995 2890 2995 2888 2993 2891 2996 2890 2995 2891 2996 2892 2997 2892 2997 2891 2996 2893 2998 2893 2998 2891 2996 2894 2999 2893 2998 2894 2999 2895 3000 2895 3000 2894 2999 2896 3001 2896 3001 2894 2999 541 511 2896 3001 541 511 539 509 801 856 799 854 2881 2986 2881 2986 799 854 2897 3002 2881 2986 2897 3002 2885 2990 2885 2990 2897 3002 2898 3003 2885 2990 2898 3003 2888 2993 2888 2993 2898 3003 2899 3004 2888 2993 2899 3004 2891 2996 2891 2996 2899 3004 2900 3005 2891 2996 2900 3005 2894 2999 2894 2999 2900 3005 2901 3006 2894 2999 2901 3006 541 511 541 511 2901 3006 542 512 799 854 797 852 2897 3002 2897 3002 797 852 2883 2988 2897 3002 2883 2988 2898 3003 2898 3003 2883 2988 2902 3007 2898 3003 2902 3007 2899 3004 2899 3004 2902 3007 2903 3008 2899 3004 2903 3008 2900 3005 2900 3005 2903 3008 2904 3009 2900 3005 2904 3009 2901 3006 2901 3006 2904 3009 2905 3010 2901 3006 2905 3010 542 512 542 512 2905 3010 537 507 795 850 793 848 2883 2988 2883 2988 793 848 2879 2984 2883 2988 2879 2984 2902 3007 2902 3007 2879 2984 2906 3011 2902 3007 2906 3011 2903 3008 2903 3008 2906 3011 2907 3012 2903 3008 2907 3012 2904 3009 2904 3009 2907 3012 2908 3013 2904 3009 2908 3013 2905 3010 2905 3010 2908 3013 2909 3014 2905 3010 2909 3014 537 507 537 507 2909 3014 535 505 789 844 727 782 2879 2984 2879 2984 727 782 2863 2968 2879 2984 2863 2968 2906 3011 2906 3011 2863 2968 2864 2969 2906 3011 2864 2969 2907 3012 2907 3012 2864 2969 2865 2970 2907 3012 2865 2970 2908 3013 2908 3013 2865 2970 2866 2971 2908 3013 2866 2971 2909 3014 2909 3014 2866 2971 2867 2972 2909 3014 2867 2972 535 505 535 505 2867 2972 532 502 743 798 741 796 2910 3015 660 671 745 800 2868 2973 2868 2973 745 800 2911 3016 2868 2973 2911 3016 2869 2974 2869 2974 2911 3016 2912 3017 2913 3018 2871 2976 2912 3017 2912 3017 2871 2976 2870 2975 2912 3017 2870 2975 2869 2974 2914 3019 2873 2978 2913 3018 2913 3018 2873 2978 2872 2977 2913 3018 2872 2977 2871 2976 2915 3020 2875 2980 2914 3019 2914 3019 2875 2980 2874 2979 2914 3019 2874 2979 2873 2978 2916 3021 2877 2982 2915 3020 2915 3020 2877 2982 2876 2981 2915 3020 2876 2981 2875 2980 390 360 349 319 2916 3021 2916 3021 349 319 2878 2983 2916 3021 2878 2983 2877 2982 745 800 743 798 2911 3016 2911 3016 743 798 2910 3015 2911 3016 2910 3015 2912 3017 2912 3017 2910 3015 2917 3022 2912 3017 2917 3022 2913 3018 2913 3018 2917 3022 2918 3023 2913 3018 2918 3023 2914 3019 2914 3019 2918 3023 2919 3024 2914 3019 2919 3024 2915 3020 2915 3020 2919 3024 2920 3025 2915 3020 2920 3025 2916 3021 2916 3021 2920 3025 2921 3026 2916 3021 2921 3026 390 360 390 360 2921 3026 341 311 741 796 719 774 2910 3015 2910 3015 719 774 2922 3027 2910 3015 2922 3027 2917 3022 2917 3022 2922 3027 2923 3028 2917 3022 2923 3028 2918 3023 2918 3023 2923 3028 2924 3029 2918 3023 2924 3029 2919 3024 2919 3024 2924 3029 2925 3030 2919 3024 2925 3030 2920 3025 2920 3025 2925 3030 2926 3031 2920 3025 2926 3031 2921 3026 2921 3026 2926 3031 2927 3032 2921 3026 2927 3032 341 311 341 311 2927 3032 342 312 714 769 2880 2985 712 767 712 767 2880 2985 2928 3033 2928 3033 2880 2985 2929 3034 2929 3034 2880 2985 2882 2987 2929 3034 2882 2987 2930 3035 2930 3035 2882 2987 2884 2989 2930 3035 2884 2989 2931 3036 2931 3036 2884 2989 2886 2991 2931 3036 2886 2991 2932 3037 2932 3037 2886 2991 2887 2992 2932 3037 2887 2992 2933 3038 2933 3038 2887 2992 2889 2994 2933 3038 2889 2994 2934 3039 2934 3039 2889 2994 2890 2995 2934 3039 2890 2995 2935 3040 2935 3040 2890 2995 2892 2997 2935 3040 2892 2997 2936 3041 2936 3041 2892 2997 2893 2998 2936 3041 2893 2998 2937 3042 2937 3042 2893 2998 2895 3000 2937 3042 2895 3000 2938 3043 2895 3000 2896 3001 2938 3043 2938 3043 2896 3001 539 509 2938 3043 539 509 491 461 719 774 717 772 2939 3044 2940 3045 2923 3028 2939 3044 2939 3044 2923 3028 2922 3027 2939 3044 2922 3027 719 774 2940 3045 2941 3046 2923 3028 2923 3028 2941 3046 2942 3047 2923 3028 2942 3047 2924 3029 2942 3047 2943 3048 2924 3029 2924 3029 2943 3048 2944 3049 2924 3029 2944 3049 2925 3030 2944 3049 2945 3050 2925 3030 2925 3030 2945 3050 2946 3051 2925 3030 2946 3051 2926 3031 2946 3051 2947 3052 2926 3031 2926 3031 2947 3052 2948 3053 2926 3031 2948 3053 2927 3032 2948 3053 2949 3054 2927 3032 2927 3032 2949 3054 458 428 2927 3032 458 428 342 312 712 767 2928 3033 803 858 803 858 2928 3033 2950 3055 803 858 2950 3055 805 860 2928 3033 2929 3034 2950 3055 2950 3055 2929 3034 2930 3035 2950 3055 2930 3035 2951 3056 2930 3035 2931 3036 2951 3056 2951 3056 2931 3036 2932 3037 2951 3056 2932 3037 2952 3057 2932 3037 2933 3038 2952 3057 2952 3057 2933 3038 2934 3039 2952 3057 2934 3039 2953 3058 673 684 807 862 2954 3059 2954 3059 807 862 2955 3060 2954 3059 2955 3060 2956 3061 2956 3061 2955 3060 2957 3062 2956 3061 2957 3062 2958 3063 2958 3063 2957 3062 2959 3064 2958 3063 2959 3064 2960 3065 2960 3065 2959 3064 2961 3066 2960 3065 2961 3066 2962 3067 2962 3067 2961 3066 2963 3068 2962 3067 2963 3068 420 390 807 862 805 860 2955 3060 2955 3060 805 860 2950 3055 2955 3060 2950 3055 2957 3062 2957 3062 2950 3055 2951 3056 2957 3062 2951 3056 2959 3064 2959 3064 2951 3056 2952 3057 2959 3064 2952 3057 2961 3066 2961 3066 2952 3057 2953 3058 2961 3066 2953 3058 2963 3068 2963 3068 2953 3058 2964 3069 2934 3039 2935 3040 2953 3058 2953 3058 2935 3040 2936 3041 2953 3058 2936 3041 2964 3069 2964 3069 2936 3041 2937 3042 2964 3069 2937 3042 2938 3043 420 390 2963 3068 418 388 418 388 2963 3068 2964 3069 418 388 2964 3069 416 386 416 386 2964 3069 2938 3043 416 386 2938 3043 491 461 717 772 765 820 2939 3044 2939 3044 765 820 2965 3070 761 816 759 814 2966 3071 731 786 2967 3072 753 808 753 808 2967 3072 2968 3073 753 808 2968 3073 755 810 755 810 2968 3073 757 812 2969 3074 2941 3046 2965 3070 2965 3070 2941 3046 2940 3045 2965 3070 2940 3045 2939 3044 2967 3072 2970 3075 2968 3073 2968 3073 2970 3075 2971 3076 2968 3073 2971 3076 2972 3077 2973 3078 2943 3048 2969 3074 2969 3074 2943 3048 2942 3047 2969 3074 2942 3047 2941 3046 2971 3076 2974 3079 2972 3077 2972 3077 2974 3079 2975 3080 2972 3077 2975 3080 2976 3081 2977 3082 2945 3050 2973 3078 2973 3078 2945 3050 2944 3049 2973 3078 2944 3049 2943 3048 2975 3080 2978 3083 2976 3081 2976 3081 2978 3083 2979 3084 2976 3081 2979 3084 2980 3085 2949 3054 2948 3053 2981 3086 2981 3086 2948 3053 2947 3052 2981 3086 2947 3052 2977 3082 2977 3082 2947 3052 2946 3051 2977 3082 2946 3051 2945 3050 765 820 763 818 2965 3070 2965 3070 763 818 2982 3087 2965 3070 2982 3087 2969 3074 2969 3074 2982 3087 2983 3088 2969 3074 2983 3088 2973 3078 2973 3078 2983 3088 2984 3089 2973 3078 2984 3089 2977 3082 2977 3082 2984 3089 2985 3090 2977 3082 2985 3090 2981 3086 2981 3086 2985 3090 2986 3091 763 818 761 816 2982 3087 2982 3087 761 816 2966 3071 2982 3087 2966 3071 2983 3088 2983 3088 2966 3071 2987 3092 2983 3088 2987 3092 2984 3089 2984 3089 2987 3092 2988 3093 2984 3089 2988 3093 2985 3090 2985 3090 2988 3093 2989 3094 2985 3090 2989 3094 2986 3091 2986 3091 2989 3094 2990 3095 759 814 757 812 2966 3071 2966 3071 757 812 2968 3073 2966 3071 2968 3073 2987 3092 2987 3092 2968 3073 2972 3077 2987 3092 2972 3077 2988 3093 2988 3093 2972 3077 2976 3081 2988 3093 2976 3081 2989 3094 2989 3094 2976 3081 2980 3085 2989 3094 2980 3085 2990 3095 2990 3095 2980 3085 2991 3096 456 426 458 428 2949 3054 2979 3084 2992 3097 2980 3085 2980 3085 2992 3097 2993 3098 2980 3085 2993 3098 2991 3096 2991 3096 2993 3098 2994 3099 2991 3096 2994 3099 2995 3100 2949 3054 2981 3086 456 426 456 426 2981 3086 2986 3091 456 426 2986 3091 412 382 412 382 2986 3091 2990 3095 412 382 2990 3095 411 381 411 381 2990 3095 2991 3096 411 381 2991 3096 409 379 409 379 2991 3096 2995 3100 409 379 2995 3100 407 377 2996 3101 675 686 673 684 2996 3101 673 684 2997 3102 2997 3102 673 684 2954 3059 2997 3102 2954 3059 2998 3103 2998 3103 2954 3059 2999 3104 2999 3104 2954 3059 2956 3061 2999 3104 2956 3061 3000 3105 3000 3105 2956 3061 3001 3106 3001 3106 2956 3061 2958 3063 3001 3106 2958 3063 3002 3107 3002 3107 2958 3063 2960 3065 3002 3107 2960 3065 3003 3108 3003 3108 2960 3065 3004 3109 3004 3109 2960 3065 2962 3067 3004 3109 2962 3067 3005 3110 3005 3110 2962 3067 3006 3111 3006 3111 2962 3067 420 390 3006 3111 420 390 474 444 731 786 729 784 3007 3112 3008 3113 2970 3075 3007 3112 3007 3112 2970 3075 2967 3072 3007 3112 2967 3072 731 786 3009 3114 2974 3079 3008 3113 3008 3113 2974 3079 2971 3076 3008 3113 2971 3076 2970 3075 3010 3115 2978 3083 3009 3114 3009 3114 2978 3083 2975 3080 3009 3114 2975 3080 2974 3079 3011 3116 2992 3097 3010 3115 3010 3115 2992 3097 2979 3084 3010 3115 2979 3084 2978 3083 2995 3100 2994 3099 3011 3116 3011 3116 2994 3099 2993 3098 3011 3116 2993 3098 2992 3097 3011 3116 3012 3117 2995 3100 2995 3100 3012 3117 469 439 2995 3100 469 439 407 377 3013 3118 476 446 477 447 474 444 476 446 3006 3111 3006 3111 476 446 3013 3118 3006 3111 3013 3118 3005 3110 3005 3110 3013 3118 3014 3119 477 447 3015 3120 3013 3118 3013 3118 3015 3120 3016 3121 3013 3118 3016 3121 3014 3119 3017 3122 3003 3108 3014 3119 3014 3119 3003 3108 3004 3109 3014 3119 3004 3109 3005 3110 3016 3121 3018 3123 3014 3119 3014 3119 3018 3123 3019 3124 3014 3119 3019 3124 3017 3122 2999 3104 3000 3105 3020 3125 3020 3125 3000 3105 3001 3106 3020 3125 3001 3106 3017 3122 3017 3122 3001 3106 3002 3107 3017 3122 3002 3107 3003 3108 3021 3126 3020 3125 3022 3127 3022 3127 3020 3125 3017 3122 3022 3127 3017 3122 3023 3128 3023 3128 3017 3122 3019 3124 3021 3126 3024 3129 3020 3125 3020 3125 3024 3129 3025 3130 3020 3125 3025 3130 2999 3104 3026 3131 2997 3102 3025 3130 3025 3130 2997 3102 2998 3103 3025 3130 2998 3103 2999 3104 732 787 675 686 3026 3131 3026 3131 675 686 2996 3101 3026 3131 2996 3101 2997 3102 3024 3129 3027 3132 3025 3130 3025 3130 3027 3132 3028 3133 3025 3130 3028 3133 3026 3131 3026 3131 3028 3133 3029 3134 3026 3131 3029 3134 732 787 732 787 3029 3134 705 760 303 276 3030 3135 3031 3136 3030 3135 3032 3137 3033 3138 3032 3137 3034 3139 3035 3140 3034 3139 3036 3141 3037 3142 3036 3141 3038 3143 3039 3144 3038 3143 568 562 3040 3145 3038 3143 3040 3145 3039 3144 3039 3144 3040 3145 3041 3146 3039 3144 3041 3146 3042 3147 3042 3147 3041 3146 3043 3148 3042 3147 3043 3148 3044 3149 3044 3149 3043 3148 3045 3150 3044 3149 3045 3150 3046 3151 3046 3151 3045 3150 3047 3152 3046 3151 3047 3152 3048 3153 3048 3153 3047 3152 3049 3154 3048 3153 3049 3154 3050 3155 3050 3155 3049 3154 3051 3156 3050 3155 3051 3156 3052 3157 3052 3157 3051 3156 859 914 3052 3157 859 914 3053 3158 3036 3141 3039 3144 3037 3142 3037 3142 3039 3144 3042 3147 3037 3142 3042 3147 3054 3159 3054 3159 3042 3147 3044 3149 3054 3159 3044 3149 3055 3160 3055 3160 3044 3149 3046 3151 3055 3160 3046 3151 3056 3161 3056 3161 3046 3151 3048 3153 3056 3161 3048 3153 3057 3162 3057 3162 3048 3153 3050 3155 3057 3162 3050 3155 3058 3163 3058 3163 3050 3155 3052 3157 3058 3163 3052 3157 3059 3164 3059 3164 3052 3157 3053 3158 3059 3164 3053 3158 3060 3165 3034 3139 3037 3142 3035 3140 3035 3140 3037 3142 3054 3159 3035 3140 3054 3159 3061 3166 3061 3166 3054 3159 3055 3160 3061 3166 3055 3160 3062 3167 3062 3167 3055 3160 3056 3161 3062 3167 3056 3161 3063 3168 3063 3168 3056 3161 3057 3162 3063 3168 3057 3162 3064 3169 3064 3169 3057 3162 3058 3163 3064 3169 3058 3163 3065 3170 3065 3170 3058 3163 3059 3164 3065 3170 3059 3164 3066 3171 3066 3171 3059 3164 3060 3165 3066 3171 3060 3165 3067 3172 3032 3137 3035 3140 3033 3138 3033 3138 3035 3140 3061 3166 3033 3138 3061 3166 3068 3173 3068 3173 3061 3166 3062 3167 3068 3173 3062 3167 3069 3174 3069 3174 3062 3167 3063 3168 3069 3174 3063 3168 3070 3175 3070 3175 3063 3168 3064 3169 3070 3175 3064 3169 3071 3176 3071 3176 3064 3169 3065 3170 3071 3176 3065 3170 3072 3177 3072 3177 3065 3170 3066 3171 3072 3177 3066 3171 3073 3178 3073 3178 3066 3171 3067 3172 3073 3178 3067 3172 3074 3179 3030 3135 3033 3138 3031 3136 3031 3136 3033 3138 3068 3173 3031 3136 3068 3173 3075 3180 3075 3180 3068 3173 3069 3174 3075 3180 3069 3174 3076 3181 3076 3181 3069 3174 3070 3175 3076 3181 3070 3175 3077 3182 3077 3182 3070 3175 3071 3176 3077 3182 3071 3176 3078 3183 3078 3183 3071 3176 3072 3177 3078 3183 3072 3177 3079 3184 3079 3184 3072 3177 3073 3178 3079 3184 3073 3178 3080 3185 3080 3185 3073 3178 3074 3179 3080 3185 3074 3179 3081 3186 303 276 3031 3136 256 241 256 241 3031 3136 3075 3180 256 241 3075 3180 257 242 257 242 3075 3180 3076 3181 257 242 3076 3181 188 186 188 186 3076 3181 3077 3182 188 186 3077 3182 189 187 189 187 3077 3182 3078 3183 189 187 3078 3183 200 194 200 194 3078 3183 3079 3184 200 194 3079 3184 201 195 201 195 3079 3184 3080 3185 201 195 3080 3185 202 196 202 196 3080 3185 3081 3186 202 196 3081 3186 234 220 729 784 767 822 3007 3112 3007 3112 767 822 3082 3187 3007 3112 3082 3187 3008 3113 3008 3113 3082 3187 3083 3188 3008 3113 3083 3188 3009 3114 3009 3114 3083 3188 3084 3189 3009 3114 3084 3189 3010 3115 3010 3115 3084 3189 3085 3190 3010 3115 3085 3190 3011 3116 3011 3116 3085 3190 3086 3191 3011 3116 3086 3191 3012 3117 3012 3117 3086 3191 3087 3192 3012 3117 3087 3192 469 439 469 439 3087 3192 467 437 767 822 769 824 3082 3187 3082 3187 769 824 3088 3193 3082 3187 3088 3193 3083 3188 3083 3188 3088 3193 3089 3194 3083 3188 3089 3194 3084 3189 3084 3189 3089 3194 3090 3195 3084 3189 3090 3195 3085 3190 3085 3190 3090 3195 3091 3196 3085 3190 3091 3196 3086 3191 3086 3191 3091 3196 3092 3197 3086 3191 3092 3197 3087 3192 3087 3192 3092 3197 3093 3198 3087 3192 3093 3198 467 437 467 437 3093 3198 466 436 769 824 771 826 3088 3193 3088 3193 771 826 3094 3199 3088 3193 3094 3199 3089 3194 3089 3194 3094 3199 3095 3200 3089 3194 3095 3200 3090 3195 3090 3195 3095 3200 3096 3201 3090 3195 3096 3201 3091 3196 3091 3196 3096 3201 3097 3202 3091 3196 3097 3202 3092 3197 3092 3197 3097 3202 3098 3203 3092 3197 3098 3203 3093 3198 3093 3198 3098 3203 3099 3204 3093 3198 3099 3204 466 436 466 436 3099 3204 465 435 771 826 773 828 3094 3199 3094 3199 773 828 3100 3205 3094 3199 3100 3205 3095 3200 3095 3200 3100 3205 3101 3206 3095 3200 3101 3206 3096 3201 3096 3201 3101 3206 3102 3207 3096 3201 3102 3207 3097 3202 3097 3202 3102 3207 3103 3208 3097 3202 3103 3208 3098 3203 3098 3203 3103 3208 3104 3209 3098 3203 3104 3209 3099 3204 3099 3204 3104 3209 3105 3210 3099 3204 3105 3210 465 435 465 435 3105 3210 463 433 773 828 723 778 3100 3205 3100 3205 723 778 3106 3211 3100 3205 3106 3211 3101 3206 3101 3206 3106 3211 3107 3212 3101 3206 3107 3212 3102 3207 3102 3207 3107 3212 3108 3213 3102 3207 3108 3213 3103 3208 3103 3208 3108 3213 3109 3214 3103 3208 3109 3214 3104 3209 3104 3209 3109 3214 3110 3215 3104 3209 3110 3215 3105 3210 3105 3210 3110 3215 3111 3216 3105 3210 3111 3216 463 433 463 433 3111 3216 455 425 705 760 3029 3134 707 762 707 762 3029 3134 3112 3217 3029 3134 3028 3133 3112 3217 3112 3217 3028 3133 3027 3132 3112 3217 3027 3132 3113 3218 3027 3132 3024 3129 3113 3218 3113 3218 3024 3129 3021 3126 3113 3218 3021 3126 3114 3219 3021 3126 3022 3127 3114 3219 3114 3219 3022 3127 3023 3128 3114 3219 3023 3128 3115 3220 3023 3128 3019 3124 3115 3220 3115 3220 3019 3124 3018 3123 3115 3220 3018 3123 3116 3221 3116 3221 3018 3123 3016 3121 3116 3221 3016 3121 386 356 386 356 3016 3121 3015 3120 386 356 3015 3120 477 447 570 564 568 562 3038 3143 570 564 3038 3143 3117 3222 3117 3222 3038 3143 3036 3141 3117 3222 3036 3141 3118 3223 3118 3223 3036 3141 3034 3139 3118 3223 3034 3139 3119 3224 3119 3224 3034 3139 3032 3137 3119 3224 3032 3137 3120 3225 3120 3225 3032 3137 3030 3135 3120 3225 3030 3135 3121 3226 3121 3226 3030 3135 303 276 3121 3226 303 276 302 275 568 562 567 561 3040 3145 3040 3145 567 561 3122 3227 3040 3145 3122 3227 3041 3146 3041 3146 3122 3227 3123 3228 3041 3146 3123 3228 3043 3148 3043 3148 3123 3228 3124 3229 3043 3148 3124 3229 3045 3150 3045 3150 3124 3229 3125 3230 3045 3150 3125 3230 3047 3152 3047 3152 3125 3230 3126 3231 3047 3152 3126 3231 3049 3154 3049 3154 3126 3231 3127 3232 3049 3154 3127 3232 3051 3156 3051 3156 3127 3232 3128 3233 3051 3156 3128 3233 859 914 859 914 3128 3233 858 913 855 910 853 908 3129 3234 851 906 849 904 3130 3235 281 257 280 256 3131 3236 3131 3236 280 256 3132 3237 3131 3236 3132 3237 3133 3238 3133 3238 3132 3237 3134 3239 3133 3238 3134 3239 3135 3240 3135 3240 3134 3239 3136 3241 3135 3240 3136 3241 3137 3242 3137 3242 3136 3241 3138 3243 3137 3242 3138 3243 3139 3244 3139 3244 3138 3243 3130 3235 283 258 281 257 3140 3245 3140 3245 281 257 3131 3236 3140 3245 3131 3236 3141 3246 3141 3246 3131 3236 3133 3238 3141 3246 3133 3238 3142 3247 3142 3247 3133 3238 3135 3240 3142 3247 3135 3240 3143 3248 3143 3248 3135 3240 3137 3242 3143 3248 3137 3242 3144 3249 3144 3249 3137 3242 3139 3244 3144 3249 3139 3244 843 898 843 898 3139 3244 845 900 3130 3235 849 904 3139 3244 3139 3244 849 904 847 902 3139 3244 847 902 845 900 280 256 236 222 3132 3237 3132 3237 236 222 3145 3250 3132 3237 3145 3250 3134 3239 3134 3239 3145 3250 3146 3251 3134 3239 3146 3251 3136 3241 3136 3241 3146 3251 3147 3252 3136 3241 3147 3252 3138 3243 3138 3243 3147 3252 3148 3253 3138 3243 3148 3253 3130 3235 3130 3235 3148 3253 3129 3234 3130 3235 3129 3234 851 906 851 906 3129 3234 853 908 857 912 855 910 3149 3254 3149 3254 855 910 3129 3234 3149 3254 3129 3234 3150 3255 3150 3255 3129 3234 3148 3253 3150 3255 3148 3253 3151 3256 3151 3256 3148 3253 3147 3252 3151 3256 3147 3252 3152 3257 3152 3257 3147 3252 3146 3251 3152 3257 3146 3251 3153 3258 3153 3258 3146 3251 3145 3250 3153 3258 3145 3250 235 221 235 221 3145 3250 236 222 235 221 234 220 3153 3258 3153 3258 234 220 3081 3186 3153 3258 3081 3186 3152 3257 3152 3257 3081 3186 3074 3179 3152 3257 3074 3179 3151 3256 3151 3256 3074 3179 3067 3172 3151 3256 3067 3172 3150 3255 3150 3255 3067 3172 3060 3165 3150 3255 3060 3165 3149 3254 3149 3254 3060 3165 3053 3158 3149 3254 3053 3158 857 912 857 912 3053 3158 859 914 723 778 721 776 3154 3259 3155 3260 3107 3212 3154 3259 3154 3259 3107 3212 3106 3211 3154 3259 3106 3211 723 778 3155 3260 3156 3261 3107 3212 3107 3212 3156 3261 3157 3262 3107 3212 3157 3262 3108 3213 3157 3262 3158 3263 3108 3213 3108 3213 3158 3263 3159 3264 3108 3213 3159 3264 3109 3214 3159 3264 3160 3265 3109 3214 3109 3214 3160 3265 3161 3266 3109 3214 3161 3266 3110 3215 3161 3266 3162 3267 3110 3215 3110 3215 3162 3267 3163 3268 3110 3215 3163 3268 3111 3216 3163 3268 3164 3269 3111 3216 3111 3216 3164 3269 405 375 3111 3216 405 375 455 425 439 409 438 408 3165 3270 439 409 3165 3270 3166 3271 3165 3270 3167 3272 3166 3271 3166 3271 3167 3272 3168 3273 3166 3271 3168 3273 3169 3274 3168 3273 3170 3275 3169 3274 3169 3274 3170 3275 3171 3276 3169 3274 3171 3276 3172 3277 3171 3276 3173 3278 3172 3277 3172 3277 3173 3278 3174 3279 3172 3277 3174 3279 3175 3280 3174 3279 3176 3281 3175 3280 3175 3280 3176 3281 3177 3282 3175 3280 3177 3282 3178 3283 386 356 439 409 3116 3221 3116 3221 439 409 3166 3271 3116 3221 3166 3271 3115 3220 3115 3220 3166 3271 3169 3274 3115 3220 3169 3274 3114 3219 3114 3219 3169 3274 3172 3277 3114 3219 3172 3277 3113 3218 3113 3218 3172 3277 3175 3280 3113 3218 3175 3280 3112 3217 3112 3217 3175 3280 3178 3283 3112 3217 3178 3283 707 762 707 762 3178 3283 734 789 663 674 734 789 3179 3284 3179 3284 734 789 3178 3283 3179 3284 3178 3283 3180 3285 3180 3285 3178 3283 3177 3282 721 776 751 806 3154 3259 3154 3259 751 806 3181 3286 668 679 3182 3287 747 802 747 802 3182 3287 3183 3288 747 802 3183 3288 749 804 3184 3289 3156 3261 3181 3286 3181 3286 3156 3261 3155 3260 3181 3286 3155 3260 3154 3259 3182 3287 3185 3290 3183 3288 3183 3288 3185 3290 3186 3291 3183 3288 3186 3291 3187 3292 3188 3293 3158 3263 3184 3289 3184 3289 3158 3263 3157 3262 3184 3289 3157 3262 3156 3261 3186 3291 3189 3294 3187 3292 3187 3292 3189 3294 3190 3295 3187 3292 3190 3295 3191 3296 3192 3297 3160 3265 3188 3293 3188 3293 3160 3265 3159 3264 3188 3293 3159 3264 3158 3263 3190 3295 3193 3298 3191 3296 3191 3296 3193 3298 3194 3299 3191 3296 3194 3299 3195 3300 3164 3269 3163 3268 3196 3301 3196 3301 3163 3268 3162 3267 3196 3301 3162 3267 3192 3297 3192 3297 3162 3267 3161 3266 3192 3297 3161 3266 3160 3265 751 806 749 804 3181 3286 3181 3286 749 804 3183 3288 3181 3286 3183 3288 3184 3289 3184 3289 3183 3288 3187 3292 3184 3289 3187 3292 3188 3293 3188 3293 3187 3292 3191 3296 3188 3293 3191 3296 3192 3297 3192 3297 3191 3296 3195 3300 3192 3297 3195 3300 3196 3301 3196 3301 3195 3300 3197 3302 404 374 405 375 3164 3269 3194 3299 3198 3303 3195 3300 3195 3300 3198 3303 3199 3304 3195 3300 3199 3304 3197 3302 3197 3302 3199 3304 3200 3305 3197 3302 3200 3305 3201 3306 3164 3269 3196 3301 404 374 404 374 3196 3301 3197 3302 404 374 3197 3302 402 372 402 372 3197 3302 3201 3306 402 372 3201 3306 393 363 3202 3307 839 894 3203 3308 3204 3309 3205 3310 3206 3311 3206 3311 3205 3310 3202 3307 3202 3307 3203 3308 3206 3311 3206 3311 3203 3308 3207 3312 3206 3311 3207 3312 3208 3313 3208 3313 3207 3312 3209 3314 3208 3313 3209 3314 3210 3315 3210 3315 3209 3314 3211 3316 3210 3315 3211 3316 3212 3317 3212 3317 3211 3316 3213 3318 3212 3317 3213 3318 3214 3319 3214 3319 3213 3318 3215 3320 3214 3319 3215 3320 3216 3321 3216 3321 3215 3320 3217 3322 3216 3321 3217 3322 3218 3323 3218 3323 3217 3322 570 564 3218 3323 570 564 3117 3222 3219 3324 3220 3325 3221 3326 3221 3326 3220 3325 3204 3309 3204 3309 3206 3311 3221 3326 3221 3326 3206 3311 3208 3313 3221 3326 3208 3313 3222 3327 3222 3327 3208 3313 3210 3315 3222 3327 3210 3315 3223 3328 3223 3328 3210 3315 3212 3317 3223 3328 3212 3317 3224 3329 3224 3329 3212 3317 3214 3319 3224 3329 3214 3319 3225 3330 3225 3330 3214 3319 3216 3321 3225 3330 3216 3321 3226 3331 3226 3331 3216 3321 3218 3323 3226 3331 3218 3323 3227 3332 3227 3332 3218 3323 3117 3222 3227 3332 3117 3222 3118 3223 3228 3333 3229 3334 3230 3335 3230 3335 3229 3334 3219 3324 3219 3324 3221 3326 3230 3335 3230 3335 3221 3326 3222 3327 3230 3335 3222 3327 3231 3336 3231 3336 3222 3327 3223 3328 3231 3336 3223 3328 3232 3337 3232 3337 3223 3328 3224 3329 3232 3337 3224 3329 3233 3338 3233 3338 3224 3329 3225 3330 3233 3338 3225 3330 3234 3339 3234 3339 3225 3330 3226 3331 3234 3339 3226 3331 3235 3340 3235 3340 3226 3331 3227 3332 3235 3340 3227 3332 3236 3341 3236 3341 3227 3332 3118 3223 3236 3341 3118 3223 3119 3224 3237 3342 3238 3343 3239 3344 3239 3344 3238 3343 3228 3333 3228 3333 3230 3335 3239 3344 3239 3344 3230 3335 3231 3336 3239 3344 3231 3336 3240 3345 3240 3345 3231 3336 3232 3337 3240 3345 3232 3337 3241 3346 3241 3346 3232 3337 3233 3338 3241 3346 3233 3338 3242 3347 3242 3347 3233 3338 3234 3339 3242 3347 3234 3339 3243 3348 3243 3348 3234 3339 3235 3340 3243 3348 3235 3340 3244 3349 3244 3349 3235 3340 3236 3341 3244 3349 3236 3341 3245 3350 3245 3350 3236 3341 3119 3224 3245 3350 3119 3224 3120 3225 3246 3351 3247 3352 3248 3353 3248 3353 3247 3352 3237 3342 3237 3342 3239 3344 3248 3353 3248 3353 3239 3344 3240 3345 3248 3353 3240 3345 3249 3354 3249 3354 3240 3345 3241 3346 3249 3354 3241 3346 3250 3355 3250 3355 3241 3346 3242 3347 3250 3355 3242 3347 3251 3356 3251 3356 3242 3347 3243 3348 3251 3356 3243 3348 3252 3357 3252 3357 3243 3348 3244 3349 3252 3357 3244 3349 3253 3358 3253 3358 3244 3349 3245 3350 3253 3358 3245 3350 3254 3359 3254 3359 3245 3350 3120 3225 3254 3359 3120 3225 3121 3226 253 238 329 299 3246 3351 3246 3351 3248 3353 253 238 253 238 3248 3353 3249 3354 253 238 3249 3354 252 237 252 237 3249 3354 3250 3355 252 237 3250 3355 250 235 250 235 3250 3355 3251 3356 250 235 3251 3356 295 268 295 268 3251 3356 3252 3357 295 268 3252 3357 296 269 296 269 3252 3357 3253 3358 296 269 3253 3358 298 271 298 271 3253 3358 3254 3359 298 271 3254 3359 300 273 300 273 3254 3359 3121 3226 300 273 3121 3226 302 275 567 561 3255 3360 3256 3361 3255 3360 3257 3362 3258 3363 3257 3362 3259 3364 3260 3365 3259 3364 3261 3366 3262 3367 3261 3366 3263 3368 3264 3369 3263 3368 350 320 348 318 3263 3368 348 318 3264 3369 3264 3369 348 318 347 317 3264 3369 347 317 3265 3370 3265 3370 347 317 392 362 3265 3370 392 362 3266 3371 3266 3371 392 362 391 361 3266 3371 391 361 3267 3372 3267 3372 391 361 343 313 3267 3372 343 313 3268 3373 3268 3373 343 313 355 325 3268 3373 355 325 3269 3374 3269 3374 355 325 357 327 3269 3374 357 327 3270 3375 3270 3375 357 327 425 395 3270 3375 425 395 3271 3376 3261 3366 3264 3369 3262 3367 3262 3367 3264 3369 3265 3370 3262 3367 3265 3370 3272 3377 3272 3377 3265 3370 3266 3371 3272 3377 3266 3371 3273 3378 3273 3378 3266 3371 3267 3372 3273 3378 3267 3372 3274 3379 3274 3379 3267 3372 3268 3373 3274 3379 3268 3373 3275 3380 3275 3380 3268 3373 3269 3374 3275 3380 3269 3374 3276 3381 3276 3381 3269 3374 3270 3375 3276 3381 3270 3375 3277 3382 3277 3382 3270 3375 3271 3376 3277 3382 3271 3376 3278 3383 3259 3364 3262 3367 3260 3365 3260 3365 3262 3367 3272 3377 3260 3365 3272 3377 3279 3384 3279 3384 3272 3377 3273 3378 3279 3384 3273 3378 3280 3385 3280 3385 3273 3378 3274 3379 3280 3385 3274 3379 3281 3386 3281 3386 3274 3379 3275 3380 3281 3386 3275 3380 3282 3387 3282 3387 3275 3380 3276 3381 3282 3387 3276 3381 3283 3388 3283 3388 3276 3381 3277 3382 3283 3388 3277 3382 3284 3389 3284 3389 3277 3382 3278 3383 3284 3389 3278 3383 3285 3390 3257 3362 3260 3365 3258 3363 3258 3363 3260 3365 3279 3384 3258 3363 3279 3384 3286 3391 3286 3391 3279 3384 3280 3385 3286 3391 3280 3385 3287 3392 3287 3392 3280 3385 3281 3386 3287 3392 3281 3386 3288 3393 3288 3393 3281 3386 3282 3387 3288 3393 3282 3387 3289 3394 3289 3394 3282 3387 3283 3388 3289 3394 3283 3388 3290 3395 3290 3395 3283 3388 3284 3389 3290 3395 3284 3389 3291 3396 3291 3396 3284 3389 3285 3390 3291 3396 3285 3390 3292 3397 3255 3360 3258 3363 3256 3361 3256 3361 3258 3363 3286 3391 3256 3361 3286 3391 3293 3398 3293 3398 3286 3391 3287 3392 3293 3398 3287 3392 3294 3399 3294 3399 3287 3392 3288 3393 3294 3399 3288 3393 3295 3400 3295 3400 3288 3393 3289 3394 3295 3400 3289 3394 3296 3401 3296 3401 3289 3394 3290 3395 3296 3401 3290 3395 3297 3402 3297 3402 3290 3395 3291 3396 3297 3402 3291 3396 3298 3403 3298 3403 3291 3396 3292 3397 3298 3403 3292 3397 3299 3404 567 561 3256 3361 3122 3227 3122 3227 3256 3361 3293 3398 3122 3227 3293 3398 3123 3228 3123 3228 3293 3398 3294 3399 3123 3228 3294 3399 3124 3229 3124 3229 3294 3399 3295 3400 3124 3229 3295 3400 3125 3230 3125 3230 3295 3400 3296 3401 3125 3230 3296 3401 3126 3231 3126 3231 3296 3401 3297 3402 3126 3231 3297 3402 3127 3232 3127 3232 3297 3402 3298 3403 3127 3232 3298 3403 3128 3233 3128 3233 3298 3403 3299 3404 3128 3233 3299 3404 858 913 283 258 3140 3245 3300 3405 3140 3245 3141 3246 3301 3406 3141 3246 3142 3247 3302 3407 3142 3247 3143 3248 3303 3408 3143 3248 3144 3249 3304 3409 3144 3249 843 898 3305 3410 3144 3249 3305 3410 3304 3409 3304 3409 3305 3410 3306 3411 3304 3409 3306 3411 3307 3412 3307 3412 3306 3411 3308 3413 3307 3412 3308 3413 3309 3414 3309 3414 3308 3413 3310 3415 3309 3414 3310 3415 3311 3416 3311 3416 3310 3415 3312 3417 3311 3416 3312 3417 3313 3418 3313 3418 3312 3417 3314 3419 3313 3418 3314 3419 3315 3420 3315 3420 3314 3419 3316 3421 3315 3420 3316 3421 3317 3422 3317 3422 3316 3421 164 164 3317 3422 164 164 3318 3423 3143 3248 3304 3409 3303 3408 3303 3408 3304 3409 3307 3412 3303 3408 3307 3412 3319 3424 3319 3424 3307 3412 3309 3414 3319 3424 3309 3414 3320 3425 3320 3425 3309 3414 3311 3416 3320 3425 3311 3416 3321 3426 3321 3426 3311 3416 3313 3418 3321 3426 3313 3418 3322 3427 3322 3427 3313 3418 3315 3420 3322 3427 3315 3420 3323 3428 3323 3428 3315 3420 3317 3422 3323 3428 3317 3422 3324 3429 3324 3429 3317 3422 3318 3423 3324 3429 3318 3423 3325 3430 3142 3247 3303 3408 3302 3407 3302 3407 3303 3408 3319 3424 3302 3407 3319 3424 3326 3431 3326 3431 3319 3424 3320 3425 3326 3431 3320 3425 3327 3432 3327 3432 3320 3425 3321 3426 3327 3432 3321 3426 3328 3433 3328 3433 3321 3426 3322 3427 3328 3433 3322 3427 3329 3434 3329 3434 3322 3427 3323 3428 3329 3434 3323 3428 3330 3435 3330 3435 3323 3428 3324 3429 3330 3435 3324 3429 3331 3436 3331 3436 3324 3429 3325 3430 3331 3436 3325 3430 3332 3437 3141 3246 3302 3407 3301 3406 3301 3406 3302 3407 3326 3431 3301 3406 3326 3431 3333 3438 3333 3438 3326 3431 3327 3432 3333 3438 3327 3432 3334 3439 3334 3439 3327 3432 3328 3433 3334 3439 3328 3433 3335 3440 3335 3440 3328 3433 3329 3434 3335 3440 3329 3434 3336 3441 3336 3441 3329 3434 3330 3435 3336 3441 3330 3435 3337 3442 3337 3442 3330 3435 3331 3436 3337 3442 3331 3436 3338 3443 3338 3443 3331 3436 3332 3437 3338 3443 3332 3437 3339 3444 3140 3245 3301 3406 3300 3405 3300 3405 3301 3406 3333 3438 3300 3405 3333 3438 3340 3445 3340 3445 3333 3438 3334 3439 3340 3445 3334 3439 3341 3446 3341 3446 3334 3439 3335 3440 3341 3446 3335 3440 3342 3447 3342 3447 3335 3440 3336 3441 3342 3447 3336 3441 3343 3448 3343 3448 3336 3441 3337 3442 3343 3448 3337 3442 3344 3449 3344 3449 3337 3442 3338 3443 3344 3449 3338 3443 3345 3450 3345 3450 3338 3443 3339 3444 3345 3450 3339 3444 3346 3451 283 258 3300 3405 284 259 284 259 3300 3405 3340 3445 284 259 3340 3445 212 203 212 203 3340 3445 3341 3446 212 203 3341 3446 211 202 211 202 3341 3446 3342 3447 211 202 3342 3447 209 201 209 201 3342 3447 3343 3448 209 201 3343 3448 307 280 307 280 3343 3448 3344 3449 307 280 3344 3449 290 263 290 263 3344 3449 3345 3450 290 263 3345 3450 291 264 291 264 3345 3450 3346 3451 291 264 3346 3451 320 290 164 164 160 160 3347 3452 164 164 3347 3452 3318 3423 3318 3423 3347 3452 3348 3453 3318 3423 3348 3453 3325 3430 3325 3430 3348 3453 3349 3454 3325 3430 3349 3454 3332 3437 3332 3437 3349 3454 3350 3455 3332 3437 3350 3455 3339 3444 3339 3444 3350 3455 3351 3456 3339 3444 3351 3456 3346 3451 3346 3451 3351 3456 321 291 3346 3451 321 291 320 290 839 894 3202 3307 841 896 841 896 3202 3307 3352 3457 3352 3457 3202 3307 3353 3458 3353 3458 3202 3307 3205 3310 3353 3458 3205 3310 3354 3459 3354 3459 3205 3310 3204 3309 3354 3459 3204 3309 3355 3460 3355 3460 3204 3309 3220 3325 3355 3460 3220 3325 3356 3461 3356 3461 3220 3325 3219 3324 3356 3461 3219 3324 3357 3462 3357 3462 3219 3324 3229 3334 3357 3462 3229 3334 3358 3463 3358 3463 3229 3334 3228 3333 3358 3463 3228 3333 3359 3464 3359 3464 3228 3333 3238 3343 3359 3464 3238 3343 3360 3465 3360 3465 3238 3343 3237 3342 3360 3465 3237 3342 3361 3466 3361 3466 3237 3342 3247 3352 3361 3466 3247 3352 3362 3467 3247 3352 3246 3351 3362 3467 3362 3467 3246 3351 329 299 3362 3467 329 299 326 296 839 894 838 893 3203 3308 3203 3308 838 893 3363 3468 3203 3308 3363 3468 3207 3312 3207 3312 3363 3468 3364 3469 3207 3312 3364 3469 3209 3314 3209 3314 3364 3469 3365 3470 3209 3314 3365 3470 3211 3316 3211 3316 3365 3470 3366 3471 3211 3316 3366 3471 3213 3318 3213 3318 3366 3471 3367 3472 3213 3318 3367 3472 3215 3320 3215 3320 3367 3472 3368 3473 3215 3320 3368 3473 3217 3322 3217 3322 3368 3473 3369 3474 3217 3322 3369 3474 570 564 570 564 3369 3474 569 563 567 561 569 563 3370 3475 567 561 3370 3475 3255 3360 3255 3360 3370 3475 3371 3476 3255 3360 3371 3476 3257 3362 3257 3362 3371 3476 3372 3477 3257 3362 3372 3477 3259 3364 3259 3364 3372 3477 3373 3478 3259 3364 3373 3478 3261 3366 3261 3366 3373 3478 3374 3479 3261 3366 3374 3479 3263 3368 3263 3368 3374 3479 363 333 3263 3368 363 333 350 320 3180 3285 3177 3282 2547 2651 664 675 663 674 2551 2655 2551 2655 663 674 3179 3284 2551 2655 3179 3284 2550 2654 2550 2654 3179 3284 3180 3285 2550 2654 3180 3285 2548 2652 2548 2652 3180 3285 2547 2651 2556 2660 2555 2659 3174 3279 3174 3279 2555 2659 2554 2658 3174 3279 2554 2658 3176 3281 3176 3281 2554 2658 2553 2657 3176 3281 2553 2657 3177 3282 3177 3282 2553 2657 2552 2656 3177 3282 2552 2656 2547 2651 2556 2660 3174 3279 2537 2641 2537 2641 3174 3279 3173 3278 2537 2641 3173 3278 2538 2642 2538 2642 3173 3278 2565 2669 2565 2669 3173 3278 3171 3276 2565 2669 3171 3276 2566 2670 2566 2670 3171 3276 3170 3275 2566 2670 3170 3275 2658 2763 2658 2763 3170 3275 2618 2722 2618 2722 3170 3275 3168 3273 2618 2722 3168 3273 2619 2723 2619 2723 3168 3273 3167 3272 2619 2723 3167 3272 2621 2725 2621 2725 3167 3272 2623 2727 2623 2727 3167 3272 3165 3270 2623 2727 3165 3270 2612 2716 438 408 437 407 3165 3270 3165 3270 437 407 2615 2719 2615 2719 2614 2718 3165 3270 3165 3270 2614 2718 2612 2716 3977 3480 3978 2728 4000 2371 2495 2599 2494 2598 3186 3291 3193 3298 3190 3295 2509 2613 3375 3481 3376 3482 3377 3483 3376 3482 3375 3481 3378 3484 3379 3485 3201 3306 3200 3305 3379 3485 3200 3305 3380 3486 3380 3486 3200 3305 3199 3304 3380 3486 3199 3304 3381 3487 3377 3483 394 364 3375 3481 3375 3481 394 364 393 363 3375 3481 393 363 3378 3484 3378 3484 393 363 3201 3306 3378 3484 3201 3306 3382 3488 3382 3488 3201 3306 3379 3485 2509 2613 2508 2612 3193 3298 3193 3298 2508 2612 3383 3489 3193 3298 3383 3489 3194 3299 3194 3299 3383 3489 3384 3490 3194 3299 3384 3490 3198 3303 3198 3303 3384 3490 3385 3491 3198 3303 3385 3491 3199 3304 3199 3304 3385 3491 3386 3492 3199 3304 3386 3492 3381 3487 3186 3291 2494 2598 3189 3294 3189 3294 2494 2598 2526 2630 3189 3294 2526 2630 3190 3295 3190 3295 2526 2630 2525 2629 3190 3295 2525 2629 2509 2613 3182 3287 668 679 670 681 670 681 2516 2620 3182 3287 3182 3287 2516 2620 2517 2621 3182 3287 2517 2621 3185 3290 3185 3290 2517 2621 2501 2605 3185 3290 2501 2605 3186 3291 3186 3291 2501 2605 2500 2604 3186 3291 2500 2604 2495 2599 854 909 856 911 3387 3493 846 901 848 903 3388 3494 842 897 844 899 3389 3495 3389 3495 844 899 3390 3496 3389 3495 3390 3496 3391 3497 854 909 3387 3493 852 907 3391 3497 3390 3496 3392 3498 3392 3498 3390 3496 3393 3499 3392 3498 3393 3499 3394 3500 3394 3500 3393 3499 3395 3501 3395 3501 3393 3499 3396 3502 3395 3501 3396 3502 3397 3503 3397 3503 3396 3502 3398 3504 3398 3504 3396 3502 3399 3505 3398 3504 3399 3505 3400 3506 3400 3506 3399 3505 3401 3507 3401 3507 3399 3505 3402 3508 3401 3507 3402 3508 3403 3509 3403 3509 3402 3508 3404 3510 3404 3510 3402 3508 362 332 3404 3510 362 332 387 357 844 899 846 901 3390 3496 3390 3496 846 901 3388 3494 3390 3496 3388 3494 3393 3499 3393 3499 3388 3494 3405 3511 3393 3499 3405 3511 3396 3502 3396 3502 3405 3511 3406 3512 3396 3502 3406 3512 3399 3505 3399 3505 3406 3512 3407 3513 3399 3505 3407 3513 3402 3508 3402 3508 3407 3513 3408 3514 3402 3508 3408 3514 362 332 362 332 3408 3514 430 400 848 903 850 905 3388 3494 3388 3494 850 905 3409 3515 3388 3494 3409 3515 3405 3511 3405 3511 3409 3515 3410 3516 3405 3511 3410 3516 3406 3512 3406 3512 3410 3516 3411 3517 3406 3512 3411 3517 3407 3513 3407 3513 3411 3517 3412 3518 3407 3513 3412 3518 3408 3514 3408 3514 3412 3518 3413 3519 3408 3514 3413 3519 430 400 430 400 3413 3519 429 399 850 905 852 907 3409 3515 3409 3515 852 907 3387 3493 3409 3515 3387 3493 3410 3516 3410 3516 3387 3493 3414 3520 3410 3516 3414 3520 3411 3517 3411 3517 3414 3520 3415 3521 3411 3517 3415 3521 3412 3518 3412 3518 3415 3521 3416 3522 3412 3518 3416 3522 3413 3519 3413 3519 3416 3522 3417 3523 3413 3519 3417 3523 429 399 429 399 3417 3523 427 397 856 911 858 913 3387 3493 3387 3493 858 913 3299 3404 3387 3493 3299 3404 3414 3520 3414 3520 3299 3404 3292 3397 3414 3520 3292 3397 3415 3521 3415 3521 3292 3397 3285 3390 3415 3521 3285 3390 3416 3522 3416 3522 3285 3390 3278 3383 3416 3522 3278 3383 3417 3523 3417 3523 3278 3383 3271 3376 3417 3523 3271 3376 427 397 427 397 3271 3376 425 395 843 898 842 897 3305 3410 3305 3410 842 897 3418 3524 3305 3410 3418 3524 3306 3411 3306 3411 3418 3524 3419 3525 3306 3411 3419 3525 3308 3413 3308 3413 3419 3525 3420 3526 3308 3413 3420 3526 3310 3415 3310 3415 3420 3526 3421 3527 3310 3415 3421 3527 3312 3417 3312 3417 3421 3527 3422 3528 3312 3417 3422 3528 3314 3419 3314 3419 3422 3528 3423 3529 3314 3419 3423 3529 3316 3421 3316 3421 3423 3529 3424 3530 3316 3421 3424 3530 164 164 164 164 3424 3530 162 162 841 896 3352 3457 3425 3531 3425 3531 3352 3457 3426 3532 3352 3457 3353 3458 3426 3532 3426 3532 3353 3458 3354 3459 3426 3532 3354 3459 3427 3533 3354 3459 3355 3460 3427 3533 3427 3533 3355 3460 3356 3461 3427 3533 3356 3461 3428 3534 3356 3461 3357 3462 3428 3534 3428 3534 3357 3462 3358 3463 3428 3534 3358 3463 3429 3535 160 160 3430 3536 3347 3452 3347 3452 3430 3536 3431 3537 3347 3452 3431 3537 3348 3453 3348 3453 3431 3537 3432 3538 3348 3453 3432 3538 3349 3454 3349 3454 3432 3538 3433 3539 3349 3454 3433 3539 3350 3455 3350 3455 3433 3539 3434 3540 3350 3455 3434 3540 3351 3456 3351 3456 3434 3540 3435 3541 3351 3456 3435 3541 321 291 3430 3536 3436 3542 3431 3537 3431 3537 3436 3542 3437 3543 3431 3537 3437 3543 3432 3538 3432 3538 3437 3543 3438 3544 3432 3538 3438 3544 3433 3539 3433 3539 3438 3544 3439 3545 3433 3539 3439 3545 3434 3540 3434 3540 3439 3545 3440 3546 3434 3540 3440 3546 3435 3541 3435 3541 3440 3546 3441 3547 3436 3542 3442 3548 3437 3543 3437 3543 3442 3548 3443 3549 3437 3543 3443 3549 3438 3544 3438 3544 3443 3549 3444 3550 3438 3544 3444 3550 3439 3545 3439 3545 3444 3550 3445 3551 3439 3545 3445 3551 3440 3546 3440 3546 3445 3551 3446 3552 3440 3546 3446 3552 3441 3547 3441 3547 3446 3552 3447 3553 3442 3548 3425 3531 3443 3549 3443 3549 3425 3531 3426 3532 3443 3549 3426 3532 3444 3550 3444 3550 3426 3532 3427 3533 3444 3550 3427 3533 3445 3551 3445 3551 3427 3533 3428 3534 3445 3551 3428 3534 3446 3552 3446 3552 3428 3534 3429 3535 3446 3552 3429 3535 3447 3553 3447 3553 3429 3535 3448 3554 3358 3463 3359 3464 3429 3535 3429 3535 3359 3464 3360 3465 3429 3535 3360 3465 3448 3554 3448 3554 3360 3465 3361 3466 3448 3554 3361 3466 3362 3467 321 291 3435 3541 322 292 322 292 3435 3541 3441 3547 322 292 3441 3547 323 293 323 293 3441 3547 3447 3553 323 293 3447 3553 324 294 324 294 3447 3553 3448 3554 324 294 3448 3554 325 295 325 295 3448 3554 3362 3467 325 295 3362 3467 326 296 3449 3555 481 451 479 449 3450 3556 3451 3557 3452 3558 3452 3558 3451 3557 3449 3555 3449 3555 479 449 3452 3558 3452 3558 479 449 478 448 3452 3558 478 448 3453 3559 3453 3559 478 448 372 342 3453 3559 372 342 3454 3560 3454 3560 372 342 370 340 3454 3560 370 340 3455 3561 3455 3561 370 340 375 345 3455 3561 375 345 3456 3562 3456 3562 375 345 366 336 3456 3562 366 336 3457 3563 3457 3563 366 336 364 334 3457 3563 364 334 3458 3564 3458 3564 364 334 363 333 3458 3564 363 333 3374 3479 3459 3565 3460 3566 3461 3567 3461 3567 3460 3566 3450 3556 3450 3556 3452 3558 3461 3567 3461 3567 3452 3558 3453 3559 3461 3567 3453 3559 3462 3568 3462 3568 3453 3559 3454 3560 3462 3568 3454 3560 3463 3569 3463 3569 3454 3560 3455 3561 3463 3569 3455 3561 3464 3570 3464 3570 3455 3561 3456 3562 3464 3570 3456 3562 3465 3571 3465 3571 3456 3562 3457 3563 3465 3571 3457 3563 3466 3572 3466 3572 3457 3563 3458 3564 3466 3572 3458 3564 3467 3573 3467 3573 3458 3564 3374 3479 3467 3573 3374 3479 3373 3478 3468 3574 3469 3575 3470 3576 3470 3576 3469 3575 3459 3565 3459 3565 3461 3567 3470 3576 3470 3576 3461 3567 3462 3568 3470 3576 3462 3568 3471 3577 3471 3577 3462 3568 3463 3569 3471 3577 3463 3569 3472 3578 3472 3578 3463 3569 3464 3570 3472 3578 3464 3570 3473 3579 3473 3579 3464 3570 3465 3571 3473 3579 3465 3571 3474 3580 3474 3580 3465 3571 3466 3572 3474 3580 3466 3572 3475 3581 3475 3581 3466 3572 3467 3573 3475 3581 3467 3573 3476 3582 3476 3582 3467 3573 3373 3478 3476 3582 3373 3478 3372 3477 3477 3583 3478 3584 3479 3585 3479 3585 3478 3584 3468 3574 3468 3574 3470 3576 3479 3585 3479 3585 3470 3576 3471 3577 3479 3585 3471 3577 3480 3586 3480 3586 3471 3577 3472 3578 3480 3586 3472 3578 3481 3587 3481 3587 3472 3578 3473 3579 3481 3587 3473 3579 3482 3588 3482 3588 3473 3579 3474 3580 3482 3588 3474 3580 3483 3589 3483 3589 3474 3580 3475 3581 3483 3589 3475 3581 3484 3590 3484 3590 3475 3581 3476 3582 3484 3590 3476 3582 3485 3591 3485 3591 3476 3582 3372 3477 3485 3591 3372 3477 3371 3476 3486 3592 3487 3593 3488 3594 3488 3594 3487 3593 3477 3583 3477 3583 3479 3585 3488 3594 3488 3594 3479 3585 3480 3586 3488 3594 3480 3586 3489 3595 3489 3595 3480 3586 3481 3587 3489 3595 3481 3587 3490 3596 3490 3596 3481 3587 3482 3588 3490 3596 3482 3588 3491 3597 3491 3597 3482 3588 3483 3589 3491 3597 3483 3589 3492 3598 3492 3598 3483 3589 3484 3590 3492 3598 3484 3590 3493 3599 3493 3599 3484 3590 3485 3591 3493 3599 3485 3591 3494 3600 3494 3600 3485 3591 3371 3476 3494 3600 3371 3476 3370 3475 3363 3468 838 893 3486 3592 3486 3592 3488 3594 3363 3468 3363 3468 3488 3594 3489 3595 3363 3468 3489 3595 3364 3469 3364 3469 3489 3595 3490 3596 3364 3469 3490 3596 3365 3470 3365 3470 3490 3596 3491 3597 3365 3470 3491 3597 3366 3471 3366 3471 3491 3597 3492 3598 3366 3471 3492 3598 3367 3472 3367 3472 3492 3598 3493 3599 3367 3472 3493 3599 3368 3473 3368 3473 3493 3599 3494 3600 3368 3473 3494 3600 3369 3474 3369 3474 3494 3600 3370 3475 3369 3474 3370 3475 569 563 3381 3487 3386 3492 3495 3601 3496 3602 3497 3603 3498 3604 3499 3605 3500 3606 3501 3607 2726 2831 2723 2828 3502 3608 3501 3607 3500 3606 3503 3609 3504 3610 3505 3611 3506 3612 3506 3612 3505 3611 3507 3613 3508 3614 3509 3615 3510 3616 3510 3616 3509 3615 3511 3617 3510 3616 3511 3617 3512 3618 3513 3619 3383 3489 2507 2611 2507 2611 3383 3489 2508 2612 3513 3619 3510 3616 3514 3620 3514 3620 3510 3616 3512 3618 3514 3620 3512 3618 3495 3601 3495 3601 3386 3492 3514 3620 3514 3620 3386 3492 3385 3491 3514 3620 3385 3491 3513 3619 3513 3619 3385 3491 3384 3490 3513 3619 3384 3490 3383 3489 3515 3621 3516 3622 3517 3623 3517 3623 3516 3622 3518 3624 3517 3623 3518 3624 3519 3625 3519 3625 3376 3482 3378 3484 3382 3488 3379 3485 3520 3626 3520 3626 3379 3485 3521 3627 3520 3626 3521 3627 3522 3628 3507 3613 3523 3629 3524 3630 3523 3629 3525 3631 3524 3630 3524 3630 3525 3631 3526 3632 3524 3630 3526 3632 3527 3633 2735 2840 2733 2838 3528 3634 3496 3602 3502 3608 3529 3635 3529 3635 3502 3608 2723 2828 3529 3635 2723 2828 2722 2827 2733 2838 2732 2837 3528 3634 3528 3634 2732 2837 3530 3636 3528 3634 3530 3636 3531 3637 3531 3637 3530 3636 3532 3638 3531 3637 3532 3638 3533 3639 3533 3639 3532 3638 3534 3640 3507 3613 3535 3641 3506 3612 3506 3612 3535 3641 3536 3642 3506 3612 3536 3642 3499 3605 3499 3605 3536 3642 3537 3643 3499 3605 3537 3643 3500 3606 3497 3603 3496 3602 3538 3644 3538 3644 3496 3602 3529 3635 3538 3644 3529 3635 3539 3645 3539 3645 3529 3635 2722 2827 3539 3645 2722 2827 2721 2826 3507 3613 3524 3630 3535 3641 3535 3641 3524 3630 3540 3646 3535 3641 3540 3646 3536 3642 3536 3642 3540 3646 3541 3647 3536 3642 3541 3647 3537 3643 3537 3643 3541 3647 3542 3648 3537 3643 3542 3648 3500 3606 3500 3606 3542 3648 3543 3649 3500 3606 3543 3649 3503 3609 2515 2619 2527 2631 3544 3650 3544 3650 2527 2631 2738 2843 3528 3634 3545 3651 2735 2840 2735 2840 3545 3651 3546 3652 2735 2840 3546 3652 2737 2842 2737 2842 3546 3652 2709 2814 2513 2617 3547 3653 2511 2615 2511 2615 3547 3653 3508 3614 2511 2615 3508 3614 2510 2614 2510 2614 3508 3614 3510 3616 2510 2614 3510 3616 2506 2610 2506 2610 3510 3616 3513 3619 2506 2610 3513 3619 2505 2609 2505 2609 3513 3619 2507 2611 3548 3654 3549 3655 3550 3656 3550 3656 3549 3655 3551 3657 2513 2617 3548 3654 3547 3653 3547 3653 3548 3654 3550 3656 3547 3653 3550 3656 3508 3614 3508 3614 3550 3656 3552 3658 3508 3614 3552 3658 3509 3615 2738 2843 2740 2845 3544 3650 3544 3650 2740 2845 2710 2815 3544 3650 2710 2815 3553 3659 3553 3659 2710 2815 3554 3660 3553 3659 3554 3660 3555 3661 3555 3661 3554 3660 3556 3662 3555 3661 3556 3662 3557 3663 3557 3663 3556 3662 3503 3609 3557 3663 3503 3609 3558 3664 3558 3664 3503 3609 3543 3649 3558 3664 3543 3649 3559 3665 3559 3665 3543 3649 3542 3648 3559 3665 3542 3648 3560 3666 3560 3666 3542 3648 3541 3647 3560 3666 3541 3647 3561 3667 394 364 3377 3483 3562 3668 3562 3668 3377 3483 3376 3482 3562 3668 3376 3482 3527 3633 3527 3633 3376 3482 3519 3625 3527 3633 3519 3625 3524 3630 3524 3630 3519 3625 3518 3624 3524 3630 3518 3624 3540 3646 3540 3646 3518 3624 3516 3622 3540 3646 3516 3622 3541 3647 3541 3647 3516 3622 3515 3621 3541 3647 3515 3621 3561 3667 3379 3485 3380 3486 3521 3627 3521 3627 3380 3486 3381 3487 3521 3627 3381 3487 3522 3628 3522 3628 3381 3487 3495 3601 3522 3628 3495 3601 3563 3669 3563 3669 3495 3601 3512 3618 3563 3669 3512 3618 3564 3670 3564 3670 3512 3618 3511 3617 3564 3670 3511 3617 3565 3671 3565 3671 3511 3617 3509 3615 3565 3671 3509 3615 3566 3672 3566 3672 3509 3615 3552 3658 3566 3672 3552 3658 3567 3673 3567 3673 3552 3658 3550 3656 3567 3673 3550 3656 3568 3674 3568 3674 3550 3656 3551 3657 2710 2815 2709 2814 3554 3660 3554 3660 2709 2814 3546 3652 3554 3660 3546 3652 3556 3662 3556 3662 3546 3652 3545 3651 3556 3662 3545 3651 3503 3609 3503 3609 3545 3651 3528 3634 3503 3609 3528 3634 3501 3607 3501 3607 3528 3634 3531 3637 3501 3607 3531 3637 3499 3605 3499 3605 3531 3637 3533 3639 3499 3605 3533 3639 3506 3612 3506 3612 3533 3639 3534 3640 2732 2837 2726 2831 3530 3636 3530 3636 2726 2831 3502 3608 3530 3636 3502 3608 3532 3638 3532 3638 3502 3608 3496 3602 3532 3638 3496 3602 3534 3640 3534 3640 3496 3602 3498 3604 3534 3640 3498 3604 3506 3612 3506 3612 3498 3604 3569 3675 3506 3612 3569 3675 3504 3610 3378 3484 3382 3488 3519 3625 3519 3625 3382 3488 3520 3626 3519 3625 3520 3626 3517 3623 3517 3623 3520 3626 3522 3628 3517 3623 3522 3628 3515 3621 3515 3621 3522 3628 3563 3669 3515 3621 3563 3669 3561 3667 3561 3667 3563 3669 3564 3670 3561 3667 3564 3670 3560 3666 3560 3666 3564 3670 3565 3671 3560 3666 3565 3671 3559 3665 3559 3665 3565 3671 3566 3672 3559 3665 3566 3672 3558 3664 3558 3664 3566 3672 3567 3673 3558 3664 3567 3673 3557 3663 3557 3663 3567 3673 3568 3674 3557 3663 3568 3674 3555 3661 3555 3661 3568 3674 3551 3657 3555 3661 3551 3657 3553 3659 3553 3659 3551 3657 3549 3655 3553 3659 3549 3655 3544 3650 3544 3650 3549 3655 3548 3654 3544 3650 3548 3654 2515 2619 2515 2619 3548 3654 2513 2617 3570 3676 3571 3677 3572 3678 3403 3509 3404 3510 3573 3679 3404 3510 387 357 345 315 3404 3510 345 315 3573 3679 3573 3679 345 315 344 314 3573 3679 344 314 3574 3680 3574 3680 344 314 398 368 3574 3680 398 368 3575 3681 3575 3681 398 368 403 373 3575 3681 403 373 3576 3682 3576 3682 403 373 401 371 3576 3682 401 371 3577 3683 3577 3683 401 371 400 370 3577 3683 400 370 3578 3684 3578 3684 400 370 399 369 3578 3684 399 369 3579 3685 399 369 354 324 3580 3686 399 369 3580 3686 3579 3685 3579 3685 3580 3686 3581 3687 3579 3685 3581 3687 3582 3688 3582 3688 3583 3689 3579 3685 3579 3685 3583 3689 3584 3690 3579 3685 3584 3690 3578 3684 3578 3684 3584 3690 3585 3691 3578 3684 3585 3691 3577 3683 3577 3683 3585 3691 3586 3692 3577 3683 3586 3692 3576 3682 3576 3682 3586 3692 3587 3693 3576 3682 3587 3693 3575 3681 3575 3681 3587 3693 3572 3678 3575 3681 3572 3678 3574 3680 3574 3680 3572 3678 3571 3677 3574 3680 3571 3677 3573 3679 3573 3679 3571 3677 3401 3507 3573 3679 3401 3507 3403 3509 3570 3676 3572 3678 3588 3694 3588 3694 3572 3678 3587 3693 3588 3694 3587 3693 3589 3695 3589 3695 3587 3693 3586 3692 3589 3695 3586 3692 3590 3696 3590 3696 3586 3692 3585 3691 3590 3696 3585 3691 3591 3697 3591 3697 3585 3691 3584 3690 3591 3697 3584 3690 3592 3698 3592 3698 3584 3690 3583 3689 3592 3698 3583 3689 3593 3699 3395 3501 3397 3503 3570 3676 3570 3676 3397 3503 3398 3504 3570 3676 3398 3504 3571 3677 3571 3677 3398 3504 3400 3506 3571 3677 3400 3506 3401 3507 3395 3501 3570 3676 3594 3700 3594 3700 3570 3676 3588 3694 3594 3700 3588 3694 3595 3701 3595 3701 3588 3694 3589 3695 3595 3701 3589 3695 3596 3702 3596 3702 3589 3695 3590 3696 3596 3702 3590 3696 3597 3703 3597 3703 3590 3696 3591 3697 3597 3703 3591 3697 3598 3704 3598 3704 3591 3697 3592 3698 3598 3704 3592 3698 3599 3705 3599 3705 3592 3698 3593 3699 3599 3705 3593 3699 3600 3706 3391 3497 3392 3498 3601 3707 3601 3707 3392 3498 3394 3500 3582 3688 3602 3708 3583 3689 3583 3689 3602 3708 3603 3709 3583 3689 3603 3709 3593 3699 3593 3699 3603 3709 3604 3710 3593 3699 3604 3710 3600 3706 3600 3706 3604 3710 3605 3711 3600 3706 3605 3711 3606 3712 3606 3712 3607 3713 3600 3706 3600 3706 3607 3713 3608 3714 3600 3706 3608 3714 3599 3705 3599 3705 3608 3714 3609 3715 3599 3705 3609 3715 3598 3704 3598 3704 3609 3715 3610 3716 3598 3704 3610 3716 3597 3703 3597 3703 3610 3716 3611 3717 3597 3703 3611 3717 3596 3702 3596 3702 3611 3717 3612 3718 3596 3702 3612 3718 3595 3701 3595 3701 3612 3718 3601 3707 3595 3701 3601 3707 3594 3700 3594 3700 3601 3707 3394 3500 3594 3700 3394 3500 3395 3501 842 897 3389 3495 3613 3719 3613 3719 3389 3495 3391 3497 3391 3497 3601 3707 3613 3719 3613 3719 3601 3707 3612 3718 3613 3719 3612 3718 3614 3720 3614 3720 3612 3718 3611 3717 3614 3720 3611 3717 3615 3721 3615 3721 3611 3717 3610 3716 3615 3721 3610 3716 3616 3722 3616 3722 3610 3716 3609 3715 3616 3722 3609 3715 3617 3723 3617 3723 3609 3715 3608 3714 3617 3723 3608 3714 3618 3724 3618 3724 3608 3714 3607 3713 3618 3724 3607 3713 3619 3725 3606 3712 3620 3726 3607 3713 3607 3713 3620 3726 3621 3727 3607 3713 3621 3727 3619 3725 3619 3725 3621 3727 3622 3728 3619 3725 3622 3728 3623 3729 842 897 3613 3719 3418 3524 3418 3524 3613 3719 3614 3720 3418 3524 3614 3720 3419 3525 3419 3525 3614 3720 3615 3721 3419 3525 3615 3721 3420 3526 3420 3526 3615 3721 3616 3722 3420 3526 3616 3722 3421 3527 3421 3527 3616 3722 3617 3723 3421 3527 3617 3723 3422 3528 3422 3528 3617 3723 3618 3724 3422 3528 3618 3724 3423 3529 3423 3529 3618 3724 3619 3725 3423 3529 3619 3725 3424 3530 3424 3530 3619 3725 3623 3729 3424 3530 3623 3729 162 162 160 160 159 159 3430 3536 3430 3536 159 159 3624 3730 3430 3536 3624 3730 3436 3542 3436 3542 3624 3730 3625 3731 3436 3542 3625 3731 3442 3548 3442 3548 3625 3731 3626 3732 3442 3548 3626 3732 3425 3531 3425 3531 3626 3732 3627 3733 3425 3531 3627 3733 841 896 841 896 3627 3733 840 895 840 895 3628 3734 838 893 838 893 3628 3734 3486 3592 3486 3592 3628 3734 3487 3593 3487 3593 3628 3734 3629 3735 3487 3593 3629 3735 3477 3583 3477 3583 3629 3735 3630 3736 3477 3583 3630 3736 3478 3584 3478 3584 3630 3736 3631 3737 3478 3584 3631 3737 3468 3574 3468 3574 3631 3737 3632 3738 3468 3574 3632 3738 3469 3575 3469 3575 3632 3738 3633 3739 3469 3575 3633 3739 3459 3565 3459 3565 3633 3739 3634 3740 3459 3565 3634 3740 3460 3566 3460 3566 3634 3740 3635 3741 3460 3566 3635 3741 3450 3556 3450 3556 3635 3741 3636 3742 3450 3556 3636 3742 3451 3557 3451 3557 3636 3742 3637 3743 3451 3557 3637 3743 3449 3555 3637 3743 3638 3744 3449 3555 3449 3555 3638 3744 483 453 3449 3555 483 453 481 451 2693 2798 2701 2806 3639 3745 2684 2789 2679 2784 3640 3746 2570 2674 2569 2673 3641 3747 2699 2804 2698 2803 3640 3746 3640 3746 2698 2803 2685 2790 3640 3746 2685 2790 2684 2789 2695 2800 3642 3748 2696 2801 2696 2801 3642 3748 2697 2802 2693 2798 3639 3745 2694 2799 152 152 2697 2802 151 151 151 151 2697 2802 3642 3748 151 151 3642 3748 149 149 149 149 3642 3748 3643 3749 149 149 3643 3749 155 155 155 155 3643 3749 27 27 27 27 3643 3749 26 26 26 26 3643 3749 3644 3750 26 26 3644 3750 29 29 29 29 3644 3750 3645 3751 29 29 3645 3751 31 31 31 31 3645 3751 33 33 33 33 3645 3751 3646 3752 33 33 3646 3752 34 34 34 34 3646 3752 36 36 36 36 3646 3752 3647 3753 36 36 3647 3753 38 38 2398 2502 2397 2501 3647 3753 2395 2499 2400 2504 3648 3754 3648 3754 2400 2504 2399 2503 40 40 38 38 2391 2495 2391 2495 38 38 3647 3753 2391 2495 3647 3753 2396 2500 2396 2500 3647 3753 2397 2501 2393 2497 2394 2498 3649 3755 2355 2459 2366 2470 3649 3755 3649 3755 2366 2470 2392 2496 3649 3755 2392 2496 2393 2497 2408 2512 2407 2511 3650 3756 3650 3756 2407 2511 2440 2544 3650 3756 2440 2544 2356 2460 3651 3757 2401 2505 2445 2549 2435 2539 2411 2515 3651 3757 2411 2515 2410 2514 3651 3757 3651 3757 2410 2514 2402 2506 3651 3757 2402 2506 2401 2505 2485 2589 2439 2543 3652 3758 3652 3758 2439 2543 2438 2542 3652 3758 2438 2542 2437 2541 2610 2714 2617 2721 3653 3759 3653 3759 2617 2721 2616 2720 2653 2758 2652 2757 3654 3760 3654 3760 2652 2757 437 407 3654 3760 437 407 436 406 448 418 2485 2589 446 416 446 416 2485 2589 3652 3758 446 416 3652 3758 445 415 445 415 3652 3758 3655 3761 445 415 3655 3761 444 414 444 414 3655 3761 3656 3762 444 414 3656 3762 442 412 442 412 3656 3762 3657 3763 442 412 3657 3763 435 405 435 405 3657 3763 3658 3764 435 405 3658 3764 436 406 436 406 3658 3764 3653 3759 436 406 3653 3759 3654 3760 3654 3760 3653 3759 2616 2720 3654 3760 2616 2720 2653 2758 2602 2706 2601 2705 3659 3765 3659 3765 2601 2705 2599 2703 3659 3765 2599 2703 2657 2762 2657 2762 2656 2761 3659 3765 3659 3765 2656 2761 2655 2760 3659 3765 2655 2760 2654 2759 2437 2541 2435 2539 3652 3758 3652 3758 2435 2539 3651 3757 3652 3758 3651 3757 3655 3761 3655 3761 3651 3757 3660 3766 3655 3761 3660 3766 3656 3762 3656 3762 3660 3766 3661 3767 3656 3762 3661 3767 3657 3763 3657 3763 3661 3767 3662 3768 3657 3763 3662 3768 3658 3764 3658 3764 3662 3768 3663 3769 3658 3764 3663 3769 3653 3759 3653 3759 3663 3769 3659 3765 3653 3759 3659 3765 2610 2714 2610 2714 3659 3765 2654 2759 2445 2549 2408 2512 3651 3757 3651 3757 2408 2512 3650 3756 3651 3757 3650 3756 3660 3766 3660 3766 3650 3756 3664 3770 3660 3766 3664 3770 3661 3767 3661 3767 3664 3770 3665 3771 3661 3767 3665 3771 3662 3768 3662 3768 3665 3771 3666 3772 3662 3768 3666 3772 3663 3769 3663 3769 3666 3772 3667 3773 3663 3769 3667 3773 3659 3765 3659 3765 3667 3773 3641 3747 3659 3765 3641 3747 2602 2706 2602 2706 3641 3747 2569 2673 2356 2460 2355 2459 3650 3756 3650 3756 2355 2459 3649 3755 3650 3756 3649 3755 3664 3770 3664 3770 3649 3755 3668 3774 3664 3770 3668 3774 3665 3771 3665 3771 3668 3774 3669 3775 3665 3771 3669 3775 3666 3772 3666 3772 3669 3775 3670 3776 3666 3772 3670 3776 3667 3773 3667 3773 3670 3776 3671 3777 3667 3773 3671 3777 3641 3747 3641 3747 3671 3777 3640 3746 3641 3747 3640 3746 2570 2674 2570 2674 3640 3746 2679 2784 2394 2498 2395 2499 3649 3755 3649 3755 2395 2499 3648 3754 3649 3755 3648 3754 3668 3774 3668 3774 3648 3754 3672 3778 3668 3774 3672 3778 3669 3775 3669 3775 3672 3778 3673 3779 3669 3775 3673 3779 3670 3776 3670 3776 3673 3779 3674 3780 3670 3776 3674 3780 3671 3777 3671 3777 3674 3780 3675 3781 3671 3777 3675 3781 3640 3746 3640 3746 3675 3781 3639 3745 3640 3746 3639 3745 2699 2804 2699 2804 3639 3745 2701 2806 2399 2503 2398 2502 3648 3754 3648 3754 2398 2502 3647 3753 3648 3754 3647 3753 3672 3778 3672 3778 3647 3753 3646 3752 3672 3778 3646 3752 3673 3779 3673 3779 3646 3752 3645 3751 3673 3779 3645 3751 3674 3780 3674 3780 3645 3751 3644 3750 3674 3780 3644 3750 3675 3781 3675 3781 3644 3750 3643 3749 3675 3781 3643 3749 3639 3745 3639 3745 3643 3749 3642 3748 3639 3745 3642 3748 2694 2799 2694 2799 3642 3748 2695 2800 96 96 93 93 3676 3782 2215 2317 2246 2348 3677 3783 3497 3603 3538 3644 3678 3784 3678 3784 3538 3644 3539 3645 3523 3629 3507 3613 3679 3785 3679 3785 3507 3613 3505 3611 3505 3611 3504 3610 3679 3785 3679 3785 3504 3610 3569 3675 3679 3785 3569 3675 3498 3604 3562 3668 3527 3633 3680 3786 3680 3786 3527 3633 3526 3632 3680 3786 3526 3632 3525 3631 3681 3787 353 323 352 322 394 364 3562 3668 395 365 395 365 3562 3668 3680 3786 395 365 3680 3786 449 419 449 419 3680 3786 3682 3788 449 419 3682 3788 450 420 450 420 3682 3788 3683 3789 450 420 3683 3789 451 421 451 421 3683 3789 3684 3790 451 421 3684 3790 452 422 452 422 3684 3790 3685 3791 452 422 3685 3791 352 322 352 322 3685 3791 3686 3792 352 322 3686 3792 3681 3787 2260 2362 2261 2363 3686 3792 3686 3792 2261 2363 2262 2364 3686 3792 2262 2364 3681 3787 3681 3787 2262 2364 2297 2401 3681 3787 2297 2401 353 323 2298 2402 2254 2356 3687 3793 2245 2347 2303 2407 3687 3793 3687 3793 2303 2407 2302 2406 2302 2406 2300 2404 3687 3793 3687 3793 2300 2404 2299 2403 3687 3793 2299 2403 2298 2402 2215 2317 3677 3783 2216 2318 2347 2451 2346 2450 3688 3794 2346 2450 2345 2449 3688 3794 3688 3794 2345 2449 2334 2438 3688 3794 2334 2438 2318 2422 2342 2446 2322 2426 3689 3795 3689 3795 2322 2426 2310 2414 3689 3795 2310 2414 2309 2413 84 84 82 82 3690 3796 3690 3796 82 82 2344 2448 3690 3796 2344 2448 2343 2447 84 84 3690 3796 85 85 85 85 3690 3796 3691 3797 85 85 3691 3797 89 89 3676 3782 93 93 3691 3797 3691 3797 93 93 86 86 3691 3797 86 86 89 89 96 96 3676 3782 98 98 98 98 3676 3782 3692 3798 98 98 3692 3798 100 100 100 100 3692 3798 3693 3799 100 100 3693 3799 102 102 102 102 3693 3799 104 104 104 104 3693 3799 3694 3800 104 104 3694 3800 105 105 105 105 3694 3800 2749 2854 105 105 2749 2854 107 107 2716 2821 2753 2858 3695 3801 3695 3801 2753 2858 2752 2857 3695 3801 2752 2857 2751 2856 2750 2855 2706 2811 3694 3800 3694 3800 2706 2811 2705 2810 3694 3800 2705 2810 2749 2854 2721 2826 2719 2824 3696 3802 3696 3802 2719 2824 2718 2823 3696 3802 2718 2823 2717 2822 3525 3631 3523 3629 3680 3786 3680 3786 3523 3629 3679 3785 3680 3786 3679 3785 3682 3788 3682 3788 3679 3785 3697 3803 3682 3788 3697 3803 3683 3789 3683 3789 3697 3803 3698 3804 3683 3789 3698 3804 3684 3790 3684 3790 3698 3804 3699 3805 3684 3790 3699 3805 3685 3791 3685 3791 3699 3805 3700 3806 3685 3791 3700 3806 3686 3792 3686 3792 3700 3806 3687 3793 3686 3792 3687 3793 2260 2362 2260 2362 3687 3793 2254 2356 3498 3604 3497 3603 3679 3785 3679 3785 3497 3603 3678 3784 3679 3785 3678 3784 3697 3803 3697 3803 3678 3784 3701 3807 3697 3803 3701 3807 3698 3804 3698 3804 3701 3807 3702 3808 3698 3804 3702 3808 3699 3805 3699 3805 3702 3808 3703 3809 3699 3805 3703 3809 3700 3806 3700 3806 3703 3809 3704 3810 3700 3806 3704 3810 3687 3793 3687 3793 3704 3810 3677 3783 3687 3793 3677 3783 2245 2347 2245 2347 3677 3783 2246 2348 3539 3645 2721 2826 3678 3784 3678 3784 2721 2826 3696 3802 3678 3784 3696 3802 3701 3807 3701 3807 3696 3802 3705 3811 3701 3807 3705 3811 3702 3808 3702 3808 3705 3811 3706 3812 3702 3808 3706 3812 3703 3809 3703 3809 3706 3812 3707 3813 3703 3809 3707 3813 3704 3810 3704 3810 3707 3813 3708 3814 3704 3810 3708 3814 3677 3783 3677 3783 3708 3814 3688 3794 3677 3783 3688 3794 2216 2318 2216 2318 3688 3794 2318 2422 2717 2822 2716 2821 3696 3802 3696 3802 2716 2821 3695 3801 3696 3802 3695 3801 3705 3811 3705 3811 3695 3801 3709 3815 3705 3811 3709 3815 3706 3812 3706 3812 3709 3815 3710 3816 3706 3812 3710 3816 3707 3813 3707 3813 3710 3816 3711 3817 3707 3813 3711 3817 3708 3814 3708 3814 3711 3817 3712 3818 3708 3814 3712 3818 3688 3794 3688 3794 3712 3818 3689 3795 3688 3794 3689 3795 2347 2451 2347 2451 3689 3795 2309 2413 2751 2856 2750 2855 3695 3801 3695 3801 2750 2855 3694 3800 3695 3801 3694 3800 3709 3815 3709 3815 3694 3800 3693 3799 3709 3815 3693 3799 3710 3816 3710 3816 3693 3799 3692 3798 3710 3816 3692 3798 3711 3817 3711 3817 3692 3798 3676 3782 3711 3817 3676 3782 3712 3818 3712 3818 3676 3782 3691 3797 3712 3818 3691 3797 3689 3795 3689 3795 3691 3797 3690 3796 3689 3795 3690 3796 2342 2446 2342 2446 3690 3796 2343 2447 2264 2366 2263 2365 3582 3688 2196 2298 163 163 162 162 162 162 3623 3729 2196 2298 2196 2298 3623 3729 3622 3728 2196 2298 3622 3728 2195 2297 2195 2297 3622 3728 3621 3727 2195 2297 3621 3727 2193 2295 2199 2301 2198 2300 3606 3712 3606 3712 2198 2300 3620 3726 3620 3726 2198 2300 2197 2299 3620 3726 2197 2299 3621 3727 3621 3727 2197 2299 2192 2294 3621 3727 2192 2294 2193 2295 2211 2313 2181 2283 3604 3710 3604 3710 2181 2283 2180 2282 3604 3710 2180 2282 3605 3711 3605 3711 2180 2282 2201 2303 3605 3711 2201 2303 3606 3712 3606 3712 2201 2303 2200 2302 3606 3712 2200 2302 2199 2301 2263 2365 2304 2408 3582 3688 3582 3688 2304 2408 2212 2314 3582 3688 2212 2314 3602 3708 3602 3708 2212 2314 2211 2313 3602 3708 2211 2313 3603 3709 3603 3709 2211 2313 3604 3710 3580 3686 2256 2358 3581 3687 3581 3687 2256 2358 2268 2370 3581 3687 2268 2370 3582 3688 3582 3688 2268 2370 2266 2368 3582 3688 2266 2368 2264 2366 354 324 353 323 3580 3686 3580 3686 353 323 2259 2361 2259 2361 2258 2360 3580 3686 3580 3686 2258 2360 2256 2358 4000 2371 3982 655 3983 3819 447 417 443 413 3713 3820 3713 3820 443 413 3714 3821 483 453 3638 3744 484 454 484 454 3638 3744 3715 3822 3716 3823 3717 3824 3714 3821 3714 3821 3717 3824 3718 3825 3714 3821 3718 3825 3713 3820 3638 3744 3637 3743 3715 3822 3715 3822 3637 3743 3636 3742 3715 3822 3636 3742 3719 3826 3720 3827 3721 3828 3716 3823 3716 3823 3721 3828 3722 3829 3716 3823 3722 3829 3717 3824 3636 3742 3635 3741 3719 3826 3719 3826 3635 3741 3634 3740 3719 3826 3634 3740 3723 3830 3724 3831 3725 3832 3720 3827 3720 3827 3725 3832 3726 3833 3720 3827 3726 3833 3721 3828 3634 3740 3633 3739 3723 3830 3723 3830 3633 3739 3632 3738 3723 3830 3632 3738 3727 3834 3728 3835 3729 3836 3730 3837 3730 3837 3729 3836 3731 3838 3730 3837 3731 3838 3724 3831 3724 3831 3731 3838 3732 3839 3724 3831 3732 3839 3725 3832 443 413 441 411 3714 3821 3714 3821 441 411 3733 3840 3714 3821 3733 3840 3716 3823 3716 3823 3733 3840 3734 3841 3716 3823 3734 3841 3720 3827 3720 3827 3734 3841 3735 3842 3720 3827 3735 3842 3724 3831 3724 3831 3735 3842 3736 3843 3724 3831 3736 3843 3730 3837 3730 3837 3736 3843 3737 3844 441 411 440 410 3733 3840 3733 3840 440 410 3738 3845 3733 3840 3738 3845 3734 3841 3734 3841 3738 3845 3739 3846 3734 3841 3739 3846 3735 3842 3735 3842 3739 3846 3740 3847 3735 3842 3740 3847 3736 3843 3736 3843 3740 3847 3741 3848 3736 3843 3741 3848 3737 3844 3737 3844 3741 3848 3742 3849 440 410 484 454 3738 3845 3738 3845 484 454 3715 3822 3738 3845 3715 3822 3739 3846 3739 3846 3715 3822 3719 3826 3739 3846 3719 3826 3740 3847 3740 3847 3719 3826 3723 3830 3740 3847 3723 3830 3741 3848 3741 3848 3723 3830 3727 3834 3741 3848 3727 3834 3742 3849 3742 3849 3727 3834 3743 3850 3624 3730 159 159 3728 3835 3632 3738 3631 3737 3727 3834 3727 3834 3631 3737 3630 3736 3727 3834 3630 3736 3743 3850 3743 3850 3630 3736 3629 3735 3743 3850 3629 3735 3628 3734 3728 3835 3730 3837 3624 3730 3624 3730 3730 3837 3737 3844 3624 3730 3737 3844 3625 3731 3625 3731 3737 3844 3742 3849 3625 3731 3742 3849 3626 3732 3626 3732 3742 3849 3743 3850 3626 3732 3743 3850 3627 3733 3627 3733 3743 3850 3628 3734 3627 3733 3628 3734 840 895 3744 3851 3745 3852 3746 3853 3747 3854 158 158 161 161 3748 3855 3749 3856 3750 3857 3751 3858 3749 3856 3752 3859 3752 3859 3749 3856 3748 3855 3752 3859 3748 3855 2469 2573 2469 2573 3748 3855 2468 2572 2421 2525 3753 3860 2420 2524 2420 2524 3753 3860 3754 3861 2468 2572 3748 3855 2467 2571 2467 2571 3748 3855 3750 3857 2467 2571 3750 3857 2466 2570 2466 2570 3750 3857 3755 3862 2466 2570 3755 3862 2464 2568 2464 2568 3755 3862 3756 3863 2464 2568 3756 3863 2460 2564 3745 3852 3757 3864 3746 3853 3746 3853 3757 3864 3758 3865 3746 3853 3758 3865 3759 3866 3759 3866 3758 3865 3760 3867 3759 3866 3760 3867 3761 3868 3761 3868 3760 3867 3762 3869 3757 3864 3747 3854 3758 3865 3758 3865 3747 3854 161 161 3758 3865 161 161 3760 3867 3760 3867 161 161 166 166 3760 3867 166 166 3762 3869 3762 3869 166 166 2204 2306 3762 3869 2204 2306 2191 2293 3753 3860 3763 3870 3754 3861 3754 3861 3763 3870 3764 3871 3754 3861 3764 3871 3746 3853 3746 3853 3764 3871 3765 3872 3746 3853 3765 3872 3744 3851 2469 2573 2420 2524 3752 3859 3752 3859 2420 2524 3754 3861 3752 3859 3754 3861 3751 3858 3751 3858 3754 3861 3746 3853 3751 3858 3746 3853 3749 3856 3749 3856 3746 3853 3759 3866 3749 3856 3759 3866 3750 3857 3750 3857 3759 3866 3761 3868 3750 3857 3761 3868 3755 3862 3755 3862 3761 3868 3762 3869 3755 3862 3762 3869 3756 3863 3756 3863 3762 3869 2191 2293 3756 3863 2191 2293 2460 2564 2460 2564 2191 2293 2190 2292 448 418 447 417 2484 2588 2484 2588 447 417 3713 3820 2484 2588 3713 3820 2486 2590 3717 3824 2487 2591 3718 3825 3718 3825 2487 2591 2431 2535 3718 3825 2431 2535 3713 3820 3713 3820 2431 2535 2430 2534 3713 3820 2430 2534 2486 2590 3721 3828 2423 2527 3722 3829 3722 3829 2423 2527 2405 2509 3722 3829 2405 2509 3717 3824 3717 3824 2405 2509 2404 2508 3717 3824 2404 2508 2487 2591 3726 3833 2419 2523 3721 3828 3721 3828 2419 2523 2424 2528 3721 3828 2424 2528 2423 2527 3725 3832 3753 3860 3726 3833 3726 3833 3753 3860 2421 2525 3726 3833 2421 2525 2419 2523 3732 3839 3764 3871 3725 3832 3725 3832 3764 3871 3763 3870 3725 3832 3763 3870 3753 3860 3747 3854 3757 3864 3729 3836 3729 3836 3757 3864 3745 3852 3729 3836 3745 3852 3731 3838 3731 3838 3745 3852 3744 3851 3731 3838 3744 3851 3732 3839 3732 3839 3744 3851 3765 3872 3732 3839 3765 3872 3764 3871 3729 3836 3728 3835 3747 3854 3747 3854 3728 3835 159 159 3747 3854 159 159 158 158 1024 3873 1023 3874 3766 3875 87 87 92 92 3767 3876 1029 3877 1026 3878 3768 3879 3769 3880 17 17 1031 3881 92 92 94 94 3767 3876 3767 3876 94 94 3770 3882 3767 3876 3770 3882 3771 3883 3771 3883 3770 3882 3772 3884 3771 3883 3772 3884 3773 3885 3773 3885 3772 3884 3774 3886 3773 3885 3774 3886 3775 3887 3775 3887 3774 3886 3776 3888 3775 3887 3776 3888 3777 3889 3777 3889 3776 3888 3769 3880 3769 3880 1031 3881 3777 3889 3777 3889 1031 3881 1030 3890 3777 3889 1030 3890 1027 3891 1029 3877 3768 3879 1028 3892 88 88 87 87 3778 3893 3778 3893 87 87 3767 3876 3778 3893 3767 3876 3779 3894 3779 3894 3767 3876 3771 3883 3779 3894 3771 3883 3780 3895 3780 3895 3771 3883 3773 3885 3780 3895 3773 3885 3781 3896 3781 3896 3773 3885 3775 3887 3781 3896 3775 3887 3768 3879 3768 3879 3775 3887 3777 3889 3768 3879 3777 3889 1028 3892 1028 3892 3777 3889 1027 3891 1024 3873 3766 3875 1025 3897 90 90 88 88 3782 3898 3782 3898 88 88 3778 3893 3782 3898 3778 3893 3783 3899 3783 3899 3778 3893 3779 3894 3783 3899 3779 3894 3784 3900 3784 3900 3779 3894 3780 3895 3784 3900 3780 3895 3785 3901 3785 3901 3780 3895 3781 3896 3785 3901 3781 3896 3766 3875 3766 3875 3781 3896 3768 3879 3766 3875 3768 3879 1025 3897 1025 3897 3768 3879 1026 3878 91 91 90 90 3786 3902 3786 3902 90 90 3782 3898 3786 3902 3782 3898 3787 3903 3787 3903 3782 3898 3783 3899 3787 3903 3783 3899 3788 3904 3788 3904 3783 3899 3784 3900 3788 3904 3784 3900 3789 3905 3789 3905 3784 3900 3785 3901 3789 3905 3785 3901 3790 3906 3790 3906 3785 3901 3766 3875 3790 3906 3766 3875 15 15 15 15 3766 3875 1023 3874 95 95 97 97 3791 3907 20 20 19 19 3792 3908 3792 3908 19 19 3793 3909 3792 3908 3793 3909 3794 3910 3794 3910 3793 3909 3795 3911 3795 3911 3793 3909 3796 3912 3795 3911 3796 3912 3797 3913 3797 3913 3796 3912 3798 3914 3798 3914 3796 3912 3799 3915 3798 3914 3799 3915 3800 3916 3800 3916 3799 3915 3801 3917 3801 3917 3799 3915 3802 3918 3801 3917 3802 3918 3803 3919 3803 3919 3802 3918 3804 3920 3804 3920 3802 3918 3805 3921 3804 3920 3805 3921 3806 3922 19 19 22 22 3793 3909 3793 3909 22 22 3807 3923 3793 3909 3807 3923 3796 3912 3796 3912 3807 3923 3808 3924 3796 3912 3808 3924 3799 3915 3799 3915 3808 3924 3809 3925 3799 3915 3809 3925 3802 3918 3802 3918 3809 3925 3810 3926 3802 3918 3810 3926 3805 3921 3805 3921 3810 3926 3811 3927 3805 3921 112 112 3806 3922 3806 3922 112 112 115 115 3806 3922 115 115 3812 3928 3812 3928 115 115 117 117 99 99 101 101 3813 3929 3813 3929 101 101 3811 3927 3813 3929 3811 3927 3814 3930 3814 3930 3811 3927 3810 3926 3814 3930 3810 3926 3815 3931 3815 3931 3810 3926 3809 3925 3815 3931 3809 3925 3816 3932 3816 3932 3809 3925 3808 3924 3816 3932 3808 3924 3817 3933 3817 3933 3808 3924 3807 3923 3817 3933 3807 3923 23 23 23 23 3807 3923 22 22 101 101 103 103 3811 3927 3811 3927 103 103 106 106 3811 3927 106 106 3805 3921 3805 3921 106 106 108 108 3805 3921 108 108 112 112 97 97 99 99 3791 3907 3791 3907 99 99 3813 3929 3791 3907 3813 3929 3818 3934 3818 3934 3813 3929 3814 3930 3818 3934 3814 3930 3819 3935 3819 3935 3814 3930 3815 3931 3819 3935 3815 3931 3820 3936 3820 3936 3815 3931 3816 3932 3820 3936 3816 3932 3821 3937 3821 3937 3816 3932 3817 3933 3821 3937 3817 3933 18 18 18 18 3817 3933 23 23 94 94 95 95 3770 3882 3770 3882 95 95 3791 3907 3770 3882 3791 3907 3772 3884 3772 3884 3791 3907 3818 3934 3772 3884 3818 3934 3774 3886 3774 3886 3818 3934 3819 3935 3774 3886 3819 3935 3776 3888 3776 3888 3819 3935 3820 3936 3776 3888 3820 3936 3769 3880 3769 3880 3820 3936 3821 3937 3769 3880 3821 3937 17 17 17 17 3821 3937 18 18 63 63 67 67 3822 3938 65 65 74 74 3823 3939 8 8 3824 3940 9 9 9 9 3824 3940 3825 3941 3824 3940 3826 3942 3825 3941 3825 3941 3826 3942 3827 3943 3825 3941 3827 3943 3828 3944 3827 3943 3829 3945 3828 3944 3828 3944 3829 3945 3830 3946 3828 3944 3830 3946 3831 3947 3830 3946 3832 3948 3831 3947 3831 3947 3832 3948 3833 3949 3831 3947 3833 3949 3834 3950 15 15 13 13 3790 3906 3790 3906 13 13 3835 3951 3790 3906 3835 3951 3789 3905 3789 3905 3835 3951 3836 3952 3789 3905 3836 3952 3788 3904 3788 3904 3836 3952 3837 3953 3788 3904 3837 3953 3787 3903 3787 3903 3837 3953 3838 3954 3787 3903 3838 3954 3786 3902 3786 3902 3838 3954 3839 3955 76 76 70 70 3840 3956 3840 3956 70 70 3839 3955 3840 3956 3839 3955 3841 3957 3841 3957 3839 3955 3838 3954 3841 3957 3838 3954 3842 3958 3842 3958 3838 3954 3837 3953 3842 3958 3837 3953 3843 3959 3843 3959 3837 3953 3836 3952 3843 3959 3836 3952 3844 3960 3844 3960 3836 3952 3835 3951 3844 3960 3835 3951 12 12 12 12 3835 3951 13 13 70 70 69 69 3839 3955 3839 3955 69 69 81 81 3839 3955 81 81 3786 3902 3786 3902 81 81 83 83 3786 3902 83 83 91 91 74 74 76 76 3823 3939 3823 3939 76 76 3840 3956 3823 3939 3840 3956 3845 3961 3845 3961 3840 3956 3841 3957 3845 3961 3841 3957 3846 3962 3846 3962 3841 3957 3842 3958 3846 3962 3842 3958 3847 3963 3847 3963 3842 3958 3843 3959 3847 3963 3843 3959 3848 3964 3848 3964 3843 3959 3844 3960 3848 3964 3844 3960 11 11 11 11 3844 3960 12 12 67 67 65 65 3822 3938 3822 3938 65 65 3823 3939 3822 3938 3823 3939 3834 3950 3834 3950 3823 3939 3845 3961 3834 3950 3845 3961 3831 3947 3831 3947 3845 3961 3846 3962 3831 3947 3846 3962 3828 3944 3828 3944 3846 3962 3847 3963 3828 3944 3847 3963 3825 3941 3825 3941 3847 3963 3848 3964 3825 3941 3848 3964 9 9 9 9 3848 3964 11 11 3833 3949 3849 3965 3834 3950 3834 3950 3849 3965 3850 3966 3834 3950 3850 3966 3822 3938 3822 3938 3850 3966 3851 3967 3822 3938 3851 3967 63 63 63 63 3851 3967 3852 3968 63 63 3852 3968 62 62 3853 3969 945 1055 1022 3970 3853 3969 1022 3970 3854 3971 3855 3972 3856 3973 3857 3974 3857 3974 3856 3973 3858 3975 3859 3976 3860 3977 3861 3978 3861 3978 3860 3977 3855 3972 3862 3979 3863 3980 3859 3976 3864 3981 3865 3982 3866 3983 3866 3983 3865 3982 3867 3984 127 127 129 129 3868 3985 3868 3985 129 129 3869 3986 3868 3985 3869 3986 3864 3981 1022 3970 1021 3987 3854 3971 3854 3971 1021 3987 1020 3988 3854 3971 1020 3988 3870 3989 3870 3989 1020 3988 1019 3990 1019 3990 1018 3991 3870 3989 3870 3989 1018 3991 1017 3992 3870 3989 1017 3992 3871 3993 3871 3993 1017 3992 1016 3994 3871 3993 1016 3994 1015 3995 3855 3972 3857 3974 3861 3978 3861 3978 3857 3974 3872 3996 3861 3978 3872 3996 3873 3997 3873 3997 3872 3996 3874 3998 3873 3997 3874 3998 3875 3999 1015 3995 20 20 3871 3993 3871 3993 20 20 3792 3908 3871 3993 3792 3908 3794 3910 3794 3910 3874 3998 3871 3993 3871 3993 3874 3998 3872 3996 3871 3993 3872 3996 3870 3989 3870 3989 3872 3996 3857 3974 3870 3989 3857 3974 3854 3971 3854 3971 3857 3974 3858 3975 3854 3971 3858 3975 3853 3969 3794 3910 3795 3911 3874 3998 3874 3998 3795 3911 3797 3913 3874 3998 3797 3913 3875 3999 3875 3999 3797 3913 3798 3914 3875 3999 3798 3914 3800 3916 3859 3976 3861 3978 3862 3979 3862 3979 3861 3978 3873 3997 3862 3979 3873 3997 3876 4000 3876 4000 3873 3997 3875 3999 3876 4000 3875 3999 3877 4001 3877 4001 3875 3999 3800 3916 3877 4001 3800 3916 3801 3917 3801 3917 3878 4002 3877 4001 3877 4001 3878 4002 3879 4003 3877 4001 3879 4003 3876 4000 3876 4000 3879 4003 3866 3983 3876 4000 3866 3983 3862 3979 3862 3979 3866 3983 3867 3984 3862 3979 3867 3984 3863 3980 3801 3917 3803 3919 3878 4002 3878 4002 3803 3919 3804 3920 3878 4002 3804 3920 3806 3922 3864 3981 3866 3983 3868 3985 3868 3985 3866 3983 3879 4003 3868 3985 3879 4003 3880 4004 3880 4004 3879 4003 3878 4002 3880 4004 3878 4002 3881 4005 3881 4005 3878 4002 3806 3922 3881 4005 3806 3922 3812 3928 127 127 3868 3985 123 123 123 123 3868 3985 3880 4004 123 123 3880 4004 121 121 121 121 3880 4004 3881 4005 121 121 3881 4005 119 119 119 119 3881 4005 3812 3928 119 119 3812 3928 117 117 3824 3940 8 8 1039 4006 3824 3940 1039 4006 3882 4007 3829 3945 3827 3943 3883 4008 3883 4008 3827 3943 3826 3942 3832 3948 3830 3946 3884 4009 3884 4009 3830 3946 3829 3945 3885 4010 3833 3949 3832 3948 3851 3967 3850 3966 3886 4011 3886 4011 3850 3966 3849 3965 60 60 62 62 3887 4012 3887 4012 62 62 3852 3968 3887 4012 3852 3968 3851 3967 1039 4006 1038 4013 3882 4007 3882 4007 1038 4013 1037 4014 3882 4007 1037 4014 3888 4015 3888 4015 1037 4014 1036 4016 1036 4016 1035 4017 3888 4015 3888 4015 1035 4017 1034 4018 3888 4015 1034 4018 3889 4019 3889 4019 1034 4018 1033 4020 3889 4019 1033 4020 1032 4021 3829 3945 3883 4008 3884 4009 3884 4009 3883 4008 3890 4022 3884 4009 3890 4022 3891 4023 3891 4023 3890 4022 3892 4024 3891 4023 3892 4024 3893 4025 1032 4021 6 6 3889 4019 3889 4019 6 6 3894 4026 3889 4019 3894 4026 3895 4027 3895 4027 3892 4024 3889 4019 3889 4019 3892 4024 3890 4022 3889 4019 3890 4022 3888 4015 3888 4015 3890 4022 3883 4008 3888 4015 3883 4008 3882 4007 3882 4007 3883 4008 3826 3942 3882 4007 3826 3942 3824 3940 3895 4027 3896 4028 3892 4024 3892 4024 3896 4028 3897 4029 3892 4024 3897 4029 3893 4025 3893 4025 3897 4029 3898 4030 3893 4025 3898 4030 3899 4031 3832 3948 3884 4009 3885 4010 3885 4010 3884 4009 3891 4023 3885 4010 3891 4023 3900 4032 3900 4032 3891 4023 3893 4025 3900 4032 3893 4025 3901 4033 3901 4033 3893 4025 3899 4031 3901 4033 3899 4031 3902 4034 3902 4034 3903 4035 3901 4033 3901 4033 3903 4035 3904 4036 3901 4033 3904 4036 3900 4032 3900 4032 3904 4036 3886 4011 3900 4032 3886 4011 3885 4010 3885 4010 3886 4011 3849 3965 3885 4010 3849 3965 3833 3949 3902 4034 3905 4037 3903 4035 3903 4035 3905 4037 3906 4038 3903 4035 3906 4038 3907 4039 3851 3967 3886 4011 3887 4012 3887 4012 3886 4011 3904 4036 3887 4012 3904 4036 3908 4040 3908 4040 3904 4036 3903 4035 3908 4040 3903 4035 3909 4041 3909 4041 3903 4035 3907 4039 3909 4041 3907 4039 3910 4042 60 60 3887 4012 56 56 56 56 3887 4012 3908 4040 56 56 3908 4040 54 54 54 54 3908 4040 3909 4041 54 54 3909 4041 52 52 52 52 3909 4041 3910 4042 52 52 3910 4042 50 50 130 130 132 132 3911 4043 131 131 137 137 3912 4044 945 1055 3853 3969 946 1056 946 1056 3853 3969 3913 4045 3853 3969 3858 3975 3913 4045 3913 4045 3858 3975 3856 3973 3913 4045 3856 3973 3914 4046 3856 3973 3855 3972 3914 4046 3914 4046 3855 3972 3860 3977 3914 4046 3860 3977 3915 4047 3860 3977 3859 3976 3915 4047 3915 4047 3859 3976 3863 3980 3915 4047 3863 3980 3916 4048 948 1058 947 1057 3917 4049 3917 4049 947 1057 3918 4050 3917 4049 3918 4050 3919 4051 3919 4051 3918 4050 3920 4052 3919 4051 3920 4052 3921 4053 3921 4053 3920 4052 3922 4054 3921 4053 3922 4054 3923 4055 3923 4055 3922 4054 3924 4056 3923 4055 3924 4056 3925 4057 3925 4057 3924 4056 3926 4058 140 140 142 142 3927 4059 3927 4059 142 142 3926 4058 3927 4059 3926 4058 3928 4060 3928 4060 3926 4058 3924 4056 3928 4060 3924 4056 3929 4061 3929 4061 3924 4056 3922 4054 3929 4061 3922 4054 3930 4062 3930 4062 3922 4054 3920 4052 3930 4062 3920 4052 3931 4063 3931 4063 3920 4052 3918 4050 3931 4063 3918 4050 950 1060 950 1060 3918 4050 947 1057 142 142 145 145 3926 4058 3926 4058 145 145 148 148 3926 4058 148 148 3925 4057 3925 4057 148 148 150 150 3925 4057 150 150 157 157 137 137 140 140 3912 4044 3912 4044 140 140 3927 4059 3912 4044 3927 4059 3932 4064 3932 4064 3927 4059 3928 4060 3932 4064 3928 4060 3933 4065 3933 4065 3928 4060 3929 4061 3933 4065 3929 4061 3934 4066 3934 4066 3929 4061 3930 4062 3934 4066 3930 4062 3935 4067 3935 4067 3930 4062 3931 4063 3935 4067 3931 4063 951 1061 951 1061 3931 4063 950 1060 132 132 131 131 3911 4043 3911 4043 131 131 3912 4044 3911 4043 3912 4044 3916 4048 3916 4048 3912 4044 3932 4064 3916 4048 3932 4064 3915 4047 3915 4047 3932 4064 3933 4065 3915 4047 3933 4065 3914 4046 3914 4046 3933 4065 3934 4066 3914 4046 3934 4066 3913 4045 3913 4045 3934 4066 3935 4067 3913 4045 3935 4067 946 1056 946 1056 3935 4067 951 1061 3863 3980 3867 3984 3916 4048 3916 4048 3867 3984 3865 3982 3916 4048 3865 3982 3911 4043 3911 4043 3865 3982 3864 3981 3911 4043 3864 3981 130 130 130 130 3864 3981 3869 3986 130 130 3869 3986 129 129 28 28 30 30 3936 4068 32 32 35 35 3937 4069 6 6 4 4 3894 4026 3894 4026 4 4 3938 4070 3894 4026 3938 4070 3895 4027 3895 4027 3938 4070 3896 4028 3896 4028 3938 4070 3939 4071 3896 4028 3939 4071 3897 4029 3897 4029 3939 4071 3898 4030 3898 4030 3939 4071 3940 4072 3898 4030 3940 4072 3899 4031 3899 4031 3940 4072 3902 4034 3902 4034 3940 4072 3941 4073 3902 4034 3941 4073 3905 4037 3905 4037 3941 4073 3906 4038 3906 4038 3941 4073 3942 4074 3906 4038 3942 4074 3907 4039 37 37 39 39 3943 4075 3943 4075 39 39 3942 4074 3943 4075 3942 4074 3944 4076 3944 4076 3942 4074 3941 4073 3944 4076 3941 4073 3945 4077 3945 4077 3941 4073 3940 4072 3945 4077 3940 4072 3946 4078 3946 4078 3940 4072 3939 4071 3946 4078 3939 4071 3947 4079 3947 4079 3939 4071 3938 4070 3947 4079 3938 4070 3 3 3 3 3938 4070 4 4 50 50 3910 4042 48 48 48 48 3910 4042 3907 4039 48 48 3907 4039 45 45 45 45 3907 4039 3942 4074 45 45 3942 4074 42 42 42 42 3942 4074 39 39 35 35 37 37 3937 4069 3937 4069 37 37 3943 4075 3937 4069 3943 4075 3948 4080 3948 4080 3943 4075 3944 4076 3948 4080 3944 4076 3949 4081 3949 4081 3944 4076 3945 4077 3949 4081 3945 4077 3950 4082 3950 4082 3945 4077 3946 4078 3950 4082 3946 4078 3951 4083 3951 4083 3946 4078 3947 4079 3951 4083 3947 4079 7 7 7 7 3947 4079 3 3 30 30 32 32 3936 4068 3936 4068 32 32 3937 4069 3936 4068 3937 4069 3952 4084 3952 4084 3937 4069 3948 4080 3952 4084 3948 4080 3953 4085 3953 4085 3948 4080 3949 4081 3953 4085 3949 4081 3954 4086 3954 4086 3949 4081 3950 4082 3954 4086 3950 4082 3955 4087 3955 4087 3950 4082 3951 4083 3955 4087 3951 4083 2 2 2 2 3951 4083 7 7 24 24 28 28 3956 4088 3956 4088 28 28 3936 4068 3956 4088 3936 4068 3957 4089 3957 4089 3936 4068 3952 4084 3957 4089 3952 4084 3958 4090 3958 4090 3952 4084 3953 4085 3958 4090 3953 4085 3959 4091 3959 4091 3953 4085 3954 4086 3959 4091 3954 4086 3960 4092 3960 4092 3954 4086 3955 4087 3960 4092 3955 4087 1 1 1 1 3955 4087 2 2 1007 4093 1006 4094 3961 4095 153 153 25 25 3962 4096 1012 4097 1009 4098 3963 4099 3960 4092 1 1 1014 4100 25 25 24 24 3962 4096 3962 4096 24 24 3956 4088 3962 4096 3956 4088 3964 4101 3964 4101 3956 4088 3957 4089 3964 4101 3957 4089 3965 4102 3965 4102 3957 4089 3958 4090 3965 4102 3958 4090 3966 4103 3966 4103 3958 4090 3959 4091 3966 4103 3959 4091 3967 4104 3967 4104 3959 4091 3960 4092 3960 4092 1014 4100 3967 4104 3967 4104 1014 4100 1013 4105 3967 4104 1013 4105 1010 4106 1012 4097 3963 4099 1011 4107 154 154 153 153 3968 4108 3968 4108 153 153 3962 4096 3968 4108 3962 4096 3969 4109 3969 4109 3962 4096 3964 4101 3969 4109 3964 4101 3970 4110 3970 4110 3964 4101 3965 4102 3970 4110 3965 4102 3971 4111 3971 4111 3965 4102 3966 4103 3971 4111 3966 4103 3963 4099 3963 4099 3966 4103 3967 4104 3963 4099 3967 4104 1011 4107 1011 4107 3967 4104 1010 4106 1007 4093 3961 4095 1008 4112 156 156 154 154 3972 4113 3972 4113 154 154 3968 4108 3972 4113 3968 4108 3973 4114 3973 4114 3968 4108 3969 4109 3973 4114 3969 4109 3974 4115 3974 4115 3969 4109 3970 4110 3974 4115 3970 4110 3975 4116 3975 4116 3970 4110 3971 4111 3975 4116 3971 4111 3961 4095 3961 4095 3971 4111 3963 4099 3961 4095 3963 4099 1008 4112 1008 4112 3963 4099 1009 4098 157 157 156 156 3925 4057 3925 4057 156 156 3972 4113 3925 4057 3972 4113 3923 4055 3923 4055 3972 4113 3973 4114 3923 4055 3973 4114 3921 4053 3921 4053 3973 4114 3974 4115 3921 4053 3974 4115 3919 4051 3919 4051 3974 4115 3975 4116 3919 4051 3975 4116 3917 4049 3917 4049 3975 4116 3961 4095 3917 4049 3961 4095 948 1058 948 1058 3961 4095 1006 4094 3976 4117 981 4118 3977 4119 3977 4119 981 4118 998 4120 3977 4119 998 4120 3978 4121 3978 4121 998 4120 997 4122 3978 4121 997 4122 3979 4123 3979 4123 997 4122 958 4124 3979 4123 958 4124 3980 4125 3980 4125 958 4124 960 4126 3980 4125 960 4126 3981 4127 3981 4127 960 4126 962 4128 3981 4127 962 4128 3982 4129 3982 4129 962 4128 957 4130 3982 4129 957 4130 3983 4131 3983 4131 957 4130 994 4132 3983 4131 994 4132 3984 4133 3984 4133 994 4132 993 4134 3984 4133 993 4134 3985 4135 3985 4135 993 4134 963 4136 3985 4135 963 4136 3986 4137 3986 4137 963 4136 965 4138 3986 4137 965 4138 3987 4139 3987 4139 965 4138 967 4140 3987 4139 967 4140 3988 4141 3988 4141 967 4140 952 4142 3988 4141 952 4142 3989 4143 3989 4143 952 4142 990 4144 3989 4143 990 4144 3990 4145 3990 4145 990 4144 989 4146 3990 4145 989 4146 3991 4147 3991 4147 989 4146 982 4148 3991 4147 982 4148 3992 4149 3992 4149 982 4148 984 4150 3992 4149 984 4150 3993 4151 3993 4151 984 4150 986 4152 3993 4151 986 4152 3994 4153 3994 4153 986 4152 975 4154 3994 4153 975 4154 3995 4155 3995 4155 975 4154 973 4156 3995 4155 973 4156 3996 4157 3996 4157 973 4156 971 4158 3996 4157 971 4158 3997 4159 3997 4159 971 4158 970 4160 3997 4159 970 4160 3998 4161 3998 4161 970 4160 1001 4162 3998 4161 1001 4162 3999 4163 3999 4163 1001 4162 1003 4164 3999 4163 1003 4164 3976 4117 3976 4117 1003 4164 981 4118 3998 4165 3999 4166 4000 2371 4000 2371 3999 4166 3976 655 4000 2371 3976 655 3977 3480 3995 4167 3996 4168 4000 2371 4000 2371 3996 4168 3997 655 4000 2371 3997 655 3998 4165 3992 4169 3993 4170 4000 2371 4000 2371 3993 4170 3994 655 4000 2371 3994 655 3995 4167 3989 4171 3990 655 4000 2371 4000 2371 3990 655 3991 655 4000 2371 3991 655 3992 4169 3986 655 3987 4172 4000 2371 4000 2371 3987 4172 3988 655 4000 2371 3988 655 3989 4171 3983 3819 3984 4173 4000 2371 4000 2371 3984 4173 3985 655 4000 2371 3985 655 3986 655 3980 2372 3981 4174 4000 2371 4000 2371 3981 4174 3982 655</p>
        </triangles>
      </mesh>
    </geometry>
  </library_geometries>
  <library_visual_scenes>
    <visual_scene id="Scene" name="Scene">
      <node id="obj2" name="obj2" type="NODE">
        <matrix sid="transform">1 0 0 0 0 7.54979e-8 -1 0 0 1 7.54979e-8 0 0 0 0 1</matrix>
        <instance_geometry url="#obj2-mesh" name="obj2">
          <bind_material>
            <technique_common>
              <instance_material symbol="mat2-material" target="#mat2-material"/>
            </technique_common>
          </bind_material>
        </instance_geometry>
      </node>
      <node id="obj1" name="obj1" type="NODE">
        <matrix sid="transform">1 0 0 0 0 7.54979e-8 -1 0 0 1 7.54979e-8 0 0 0 0 1</matrix>
        <instance_geometry url="#obj1-mesh" name="obj1">
          <bind_material>
            <technique_common>
              <instance_material symbol="mat2-material" target="#mat2-material"/>
            </technique_common>
          </bind_material>
        </instance_geometry>
      </node>
      <node id="Camera" name="Camera" type="NODE">
        <matrix sid="transform">0.6859207 -0.3240135 0.6515582 7.358891 0.7276763 0.3054208 -0.6141704 -6.925791 0 0.8953956 0.4452714 4.958309 0 0 0 1</matrix>
        <instance_camera url="#Camera-camera"/>
      </node>
      <node id="Light" name="Light" type="NODE">
        <matrix sid="transform">-0.2908646 -0.7711008 0.5663932 4.076245 0.9551712 -0.1998834 0.2183912 1.005454 -0.05518906 0.6045247 0.7946723 5.903862 0 0 0 1</matrix>
        <instance_light url="#Light-light"/>
      </node>
    </visual_scene>
  </library_visual_scenes>
  <scene>
    <instance_visual_scene url="#Scene"/>
  </scene>
</COLLADA>